0,19871.748260498047,7120.29309463501,3702.984813451767,1226.215987443924,869.0573916435242,3075.4800667762756,1324.6657211482525,2152.4002199172974,1017.0003650933504,1957.4471461772919,1061.728957414627,764.1699546277523,1757.0396529436111,838.3691357523203,500.49945318326354,293.22800667211413,198.154147811234,162.2239037118852,229.5050965771079,184.77535304799676,184.78597144782543,131.48726306855679,194.43923047930002,118.86167127266526,124.40606408007443,119.31113703176379,307.68352490197867,176.3400193117559,132.72485458478332,84.74761012941599,65.39111442118883,83.62605922482908,77.97977203503251,82.0463098930195,56.3001857213676,83.79121605213732,70.76167933177203,52.37738885357976,57.29481652285904
0,19714.32012939453,8419.231831550598,4461.159884929657,1095.5471395254135,1515.0115628242493,2676.6089938879013,1569.1206984519958,2534.1598896980286,973.6382775604725,2181.1034836173058,653.620424747467,1093.745950177312,1603.60259757936,1045.144786220044,499.74444353207946,254.9479676503688,213.87084037438035,152.91318264231086,195.4130812510848,171.2178434357047,170.11544378846884,139.37233401089907,150.2997929006815,126.19366711750627,129.29795614629984,135.01981062442064,427.10999723151326,171.60364801064134,142.29232766851783,78.89680692739785,67.4738531243056,73.8465538136661,65.57334394194186,78.42529068700969,65.568110242486,58.69611120270565,66.48287438624538,53.34558805543929,66.30174867063761
0,20675.955139160156,6339.123193383217,3983.4316639900208,1337.3789724707603,1079.5989048480988,3061.233208298683,1440.6126378774643,2222.4659326076508,683.5429477542639,1717.2228567302227,867.325072914362,592.6287963092327,1707.0340375453234,1296.249565511942,462.89935554564,311.25104360468686,184.83686780184507,186.70296770334244,218.6568994820118,169.3207135349512,160.66271391883492,155.2418861668557,149.5663261115551,123.24718703329563,110.38343529682606,107.63525543641299,443.1271353699267,175.32446655258536,141.08477826416492,84.74457151070237,86.73958329111338,72.80371930077672,62.683494279161096,79.668102462776,69.85726411361247,61.95623108185828,64.77009670436382,46.47856645192951,50.54091910365969
0,18648.216400146484,7085.843407392502,4631.6831295490265,1392.0728356540203,868.5770968198776,3290.8403639793396,1223.4997096061707,1861.104421377182,576.3033121228218,2133.351600497961,712.7142523527145,535.6776678860188,1705.7339431643486,901.8509246706963,559.7333502098918,309.15104029141366,202.37868240848184,220.6259610261768,170.26380571722984,181.25903345830739,155.71480306703597,132.15529826655984,150.75628352351487,133.47920116083696,111.144850644283,115.9986564218998,357.07782808691263,179.23435993120074,147.27411801367998,90.89875617623329,93.16598915867507,74.52514614723623,73.59015561081469,68.57081152871251,52.766782730817795,65.79436018690467,68.97964418120682,49.2597373239696,61.04393505491316
0,22558.98568725586,9343.394224524498,3902.1156966090202,1148.535917893052,1452.8738634586334,3599.7079672813416,1502.9741501808167,2189.904087781906,876.1110279560089,1678.4003227949142,807.1870493888855,909.5346293896437,1914.6162891089916,1279.9858753681183,489.0320129022002,273.1211917735636,168.77594171091914,205.5800129212439,186.74073933809996,192.9004147350788,151.39274639077485,147.64083395153284,172.84200452454388,115.93841793015599,96.054881663993,146.54646341968328,396.52633418515325,189.07169902324677,139.39831523410976,87.4252427071333,74.37333409115672,73.28485669195652,68.62976370565593,70.77694441005588,64.92621292825788,66.52970492560416,63.54219813551754,35.430116755887866,59.38748198747635
0,17869.47964477539,9052.78521001339,5042.024254798889,1303.8034518361092,1321.4838988780975,3743.576132774353,2087.280230998993,2289.692259669304,868.5209651738405,2363.0815674364567,733.4230712354183,938.6742484420538,1607.2786942869425,1053.4332961700857,494.124148927629,267.26907578483224,188.51579630374908,187.64975368604064,207.83546188473701,191.85926048830152,163.00270607043058,118.76702632382512,141.57813894748688,148.31676181592047,129.50898151658475,113.2484265724197,430.56431382521987,183.90858094394207,147.7107353657484,81.54501564241946,98.98857825249434,78.00625493004918,65.04790519550443,78.40363739896566,59.72599077131599,69.78412367403507,79.51140461256728,47.925895754247904,49.79987476207316
0,25163.980590820312,9188.128316164017,3190.9707148075104,1029.4036963284016,969.693877696991,2402.62064576149,1202.725791335106,2020.1004881858826,671.3168969899416,1380.2473038733006,801.309187874198,548.5318747162819,2146.2088560834527,933.8707744088024,499.60421314649284,319.35556865110993,149.4769446849823,180.84601063281298,186.66561615094543,178.64666962251067,161.66802938841283,107.54768020822667,146.89565840084106,131.243002936244,100.70448863785714,109.49062721803784,397.09010540880263,178.71268587186933,153.0027072262019,82.31643159687519,85.56636964716017,68.69979920424521,74.03583425376564,73.77466338360682,55.266656927764416,60.53390793595463,60.66177798062563,43.65059282351285,50.73885627230629
0,27924.045486450195,7958.624267816544,2069.0406777858734,1728.659319639206,813.7823805809021,1580.3087939023972,1495.0712260007858,1774.4068606495857,871.4461697191,1516.2770851254463,721.2101822197437,741.0875833183527,1516.404140010476,984.0526245757937,473.1965814717114,291.7137783616781,194.20690273679793,197.35022589191794,154.37894335389137,184.384528035298,143.57178378477693,115.79140025610104,131.92464939970523,113.4325655689463,136.0038138262462,113.0236074719578,394.35477462410927,176.24922279454768,139.91590807586908,79.00760531798005,87.94034715741873,60.47809060290456,64.73506833426654,73.58312039636075,60.471493285149336,72.03387213498354,56.98676627734676,49.32167688384652,58.87194089172408
0,23085.384704589844,7241.912171036005,3892.5363548994064,1138.5305455103517,1071.055583640933,2680.534900903702,1379.206736922264,2032.41832113266,908.4350073039532,2157.6290719509125,758.6371730864048,893.3755928426981,1561.51242210716,1064.0041111391038,477.5278141479939,273.4240996968001,175.13563316129148,176.30013757571578,218.4816609080881,170.53379052132368,175.1513685081154,112.39393286337145,141.87801576778293,111.58280431479216,112.22230090200901,108.83219278231263,375.24916287511587,157.82088898308575,130.60286543518305,70.78439115919173,72.87477881833911,76.82757654879242,76.3715549800545,76.75085412245244,54.034416034817696,55.379312445409596,60.57228768803179,46.16774726216681,51.7540316618979
0,22190.752380371094,6957.133448123932,3407.315762758255,1150.5042996406555,1140.3088159561157,2006.6531546711922,1180.747348293662,2155.164290904999,569.3055168688297,1580.9533287286758,704.5401359498501,774.466063156724,1677.8475224077702,815.9204651266336,494.22543303482234,252.52364194393158,152.63691981881857,188.5302516296506,198.00984827801585,174.6207013465464,159.13648423086852,104.94755301252007,157.2855534106493,138.3674614643678,142.25747181475163,102.88649963587523,329.75074796937406,170.44916154444218,119.58063852600753,67.7922871010378,85.32626530714333,77.95905184186995,69.99295330792665,79.42239819839597,49.39312488120049,55.381690602749586,73.7151721501723,65.80213135946542,58.1741448296234
0,23083.790740966797,5154.263030290604,3013.3881262540817,865.4094955325127,1318.3039256930351,2237.3054435253143,828.5585477352142,2132.08283162117,737.3776049613953,2213.6362864375114,563.7762216776609,652.8629381358624,1676.1249516308308,803.4229970406741,425.47957958839834,278.258559089154,134.92648076731712,171.1322048585862,150.36505605652928,145.69648586958647,166.74192595947534,110.70615642890334,148.32016371004283,116.2123342640698,112.6565623418428,135.1502589955926,332.5172125659883,167.66771074943244,127.327202308923,68.05522341094911,74.84490438364446,59.34977411478758,57.92301135696471,78.19696091488004,64.6076234607026,69.35783630423248,61.61815687548369,59.040318029001355,50.90611071139574
0,22188.17706298828,6958.541037559509,3553.4430792331696,1054.6137878894806,1116.8059788942337,2605.639130592346,1244.7702483534813,1931.9101952314377,755.0493096709251,2037.849103808403,833.9999246150255,711.5804515480995,1781.8549532443285,966.6363469790667,485.82220595888793,273.27916233614087,187.18725608289242,200.16283819358796,159.5830909293145,207.821582544595,152.45452242344618,119.09785729972646,140.53136923722923,120.35138812940568,130.72606808273122,123.68964570015669,365.857514815405,177.34927245788276,135.01974760740995,79.6029423493892,80.16969708586112,64.19852023944259,68.13935824297369,78.31036745943129,57.291596315801144,57.72341495892033,55.52725329529494,53.49277760088444,61.64320333581418
0,28900.7977142334,8629.380494832993,3511.052966952324,1152.7239550352097,1030.8736847639084,2904.011523962021,1080.573065161705,2058.959340572357,669.9348483085632,2200.598135113716,946.7419611215591,673.0064778923988,1500.6482216119766,922.267919683829,584.7093775607646,296.2835587710142,214.86620967648923,138.68755296990275,191.4370072670281,178.3292789235711,131.9645487125963,120.02041420526803,161.8808578099124,126.54825175181031,110.97507618367672,134.02347341179848,376.0951991546899,181.70460795611143,145.70262844488025,88.39314346946776,74.10081091336906,77.36230969801545,74.37414060067385,75.35725176613778,57.696688720956445,66.27120318310335,56.83324328716844,42.86205382272601,59.7664392311126
0,19026.048248291016,7433.2401695251465,3875.421874523163,993.8162245452404,1120.9706361293793,2761.1989889144897,1263.0180486440659,2399.4132385253906,836.0216656476259,1495.598045617342,737.336896494031,837.7714492529631,1394.7108491659164,1022.8726361691952,576.6459198947996,323.3063314855099,179.74132489413023,198.47162146121264,205.39311772212386,184.84266870934516,172.79028820246458,127.78933997498825,144.41385790333152,119.6796409431845,118.67101630009711,113.8571056900546,374.4115984160453,184.80661007389426,163.67193993926048,87.62836006656289,87.96787668671459,74.36425545997918,70.0620943903923,77.83031545206904,54.671557761728764,63.67792691569775,61.33966236561537,59.897812380455434,53.292822225019336
0,19134.128051757812,8412.557940721512,4293.767039299011,1320.462359547615,1660.399051964283,3351.882008075714,1387.5315096080303,2436.2316966056824,898.0781862735748,3221.355738699436,907.8010001778603,1106.2510682344437,1610.467085212469,996.7806594911963,458.30160515010357,302.28562901355326,154.79937796108425,196.38575936108828,161.68452543392777,140.34472718834877,181.52205916680396,126.71398760378361,135.37679138034582,105.43816832825541,125.51165284775198,103.87437258288264,374.5259524360299,173.91453556530178,144.9128687698394,82.36081917397678,64.74993953295052,70.57943056710064,63.51506984606385,72.10706820338964,69.94486695341766,56.02198460325599,56.41348831728101,48.93203151784837,56.81351743498817
0,30796.936813354492,9832.548056840897,3842.3935964107513,1210.0592491030693,1055.3776664733887,2766.161792099476,1099.8639078736305,1771.305426299572,539.9847404956818,3205.118256032467,815.8756510019302,750.58636033535,1362.9211876690388,1032.4861187376082,521.462237585336,352.2451981008053,192.8450511917472,202.81135213375092,200.29813873395324,150.89525750651956,168.40152527578175,96.28770338371396,152.3606544584036,130.90497662313282,116.7780501274392,120.03369702212512,394.8638817612082,187.9080891981721,140.18149835802615,85.23608576506376,94.95825665257871,66.77247715555131,55.9776489790529,85.85048790369183,53.480167800560594,69.07588030700572,59.92663662787527,51.14306581579149,56.43923077266663
0,17974.03140258789,7225.955585479736,3348.0492992401123,1180.6025295853615,1027.7866431474686,2901.9676040410995,1300.2455213665962,1619.7881240844727,751.583149716258,2376.989528596401,834.7011214494705,699.3784172832966,1988.1129154264927,866.2098042387515,474.5215211696923,356.3255269601941,204.44831851124763,188.05333944037557,200.15731012448668,180.77278979495168,152.13784640654922,124.80809698998928,150.14069901034236,121.09608136489987,107.8416663967073,113.22985745593905,364.185632571578,176.11234451457858,152.9985623471439,84.28781193122268,70.81093387305737,73.62327824160457,61.22426486201584,63.72180726984516,57.19375711865723,59.50053031556308,56.844954644329846,53.533497649244964,62.07932670786977
0,18670.086853027344,6521.006037950516,4098.586729049683,1385.5006453990936,855.3342754840851,2317.1934883594513,1313.9069465398788,1877.192529797554,668.4275709688663,1373.1725987195969,946.6046032905579,783.4765150398016,1595.226401232183,969.2361731212586,430.0104322240222,363.0092025883496,212.43871619552374,165.55629605427384,139.7589763738215,160.85810124129057,149.10532956011593,110.09924068115652,144.60533208260313,125.16270224750042,97.16090082377195,114.6794512681663,363.68011034838855,177.131231110543,152.71235416457057,93.92172728665173,68.60472805611789,70.46677695028484,55.64619084075093,74.26045095175505,61.65463574230671,64.22596006840467,70.69426567386836,41.148019845597446,56.32254613796249
0,28696.632720947266,7871.4346370100975,4229.084851264954,1188.0072098970413,1020.0984377861023,1898.1435683369637,1188.4466799795628,2065.910473585129,684.211192175746,1897.4474761486053,653.3064582496881,751.7292429357767,1278.5035147219896,945.9920019935817,534.1723422035575,316.89430656656623,159.37209379766136,171.45153569988906,207.54236432351172,184.6100767068565,171.29163675382733,115.73898360878229,164.51011011749506,112.60717181302607,126.60630767419934,106.79650216083974,378.2869163155556,190.5077420771122,162.7271889410913,70.1357183009386,83.19111485406756,72.63846871443093,75.10182846710086,83.42739345971495,61.74381006602198,63.34600700135343,58.9429758740589,48.37825346272439,50.597905739210546
0,32161.107833862305,9961.054197788239,3932.125093460083,1263.4914618134499,1233.306497335434,2233.884423851967,1189.699606090784,1810.6778783798218,746.4720848500729,1489.6382105052471,715.2314106673002,691.4109640866518,1828.1233484447002,897.1812371648848,606.5164101114497,340.8085691779852,180.49497442692518,207.74646536260843,178.22754159756005,151.1514108479023,143.60040103457868,106.03177154809237,162.61472821608186,119.66190138831735,109.90639312565327,124.74894506577402,359.81733797490597,167.54407854750752,144.35911422222853,77.7023114617914,94.37158287316561,67.88222258351743,60.31903323717415,69.26431477069855,48.62064902763814,65.0049431398511,60.32217979710549,48.04411051142961,50.108520586043596
0,32386.09600830078,8353.059721410275,3279.3992550373077,1194.898362159729,1212.1331419944763,2195.794394016266,1195.394806921482,1597.510282278061,767.996237128973,2069.568908929825,685.902627274394,715.0802984237671,1652.3097632303834,932.1343810074031,480.6328917220235,289.0283065084368,183.3370675817132,187.90658026374876,188.30874136276543,149.93222397007048,141.78635275177658,114.16949712950736,158.41046480089426,127.16740834247321,137.96411868277937,116.11831944808364,361.53566651418805,165.17094594612718,141.56423076242208,84.94528761692345,74.8274630382657,64.52182590868324,72.27181730419397,71.4678930528462,65.22602819092572,71.32201664033346,68.19495997019112,50.53319317474961,57.879399444907904
0,34374.202056884766,7582.2353484630585,2989.2321625351906,1166.5970699191093,1022.3687124252319,2451.698883533478,1097.7169020175934,1960.6453127861023,748.7864626049995,1701.1722090244293,650.1417641043663,818.1553256064653,1539.442570850253,1007.001143110916,498.12009359523654,323.5459854453802,172.85042260028422,171.2671098448336,231.02047346904874,184.9348394460976,164.66742542386055,115.30566165503114,176.68492908217013,99.12077491730452,150.94977949745953,114.71679200045764,425.9357696864754,167.0640584230423,134.22976494580507,80.76697647944093,82.68589179776609,84.33502478525043,76.08817829191685,74.55189275182784,53.08789329789579,72.5087178060785,62.86106050712988,53.505620745010674,62.14855923689902
0,17297.592742919922,5700.10577082634,4053.551607131958,1133.2075652629137,979.197599709034,2656.161134004593,1325.0543431043625,2151.1653235554695,752.1336781382561,1931.7709527015686,1188.5204717814922,691.8020576834679,1764.9341976642609,868.4605262875557,448.3491082787514,348.2176031805575,164.21858934685588,179.22903311997652,170.7323190756142,151.68122808635235,125.57444465905428,129.07857348024845,157.38272934325505,118.35539664886892,144.2718847952783,117.46815706603229,367.4963858835399,183.75757993012667,121.0365438926965,74.19536925852299,91.65755921974778,71.12647521868348,63.3771278206259,72.45065082330257,63.58052102290094,77.99813563004136,60.61966824438423,50.93746954668313,52.94475072436035
0,24670.304748535156,6957.67662550509,2538.793158054352,1211.6552053689957,1204.7841248512268,1750.5630414485931,1419.68842831254,2052.225309550762,985.8818401843309,1818.5127870440483,781.6933661848307,910.9186200499535,1598.9344271570444,1186.109047461301,528.5284789595753,287.9453237913549,176.9719566013664,201.43289157003164,186.78944186493754,216.81799040548503,172.6055153766647,140.19706163473893,171.18521905317903,123.37886215001345,137.9800797905773,125.06076757237315,430.79754213243723,173.30869305878878,152.86950989440084,88.31886851601303,88.88168358057737,64.72435850091279,79.06986894272268,76.79083329997957,61.298071917146444,80.08314918447286,62.967022341676056,49.79339781124145,56.13615060783923
0,14168.555603027344,6829.550184249878,3630.4762558937073,1033.6651496887207,1438.9434255063534,2752.2737414240837,1373.5005153119564,1889.9037508964539,791.093975096941,2255.4032974392176,960.6414811313152,670.2017533928156,1578.8138889148831,1085.663242092356,498.3685870617628,355.5298771634698,145.0664299428463,190.6668158248067,208.1513698361814,187.8787532299757,172.6165093332529,130.30265141651034,155.90887155383825,136.40775862522423,95.58977008797228,117.13835712149739,408.1613026931882,171.79051817208529,146.4364992417395,82.66486255638301,69.4738787971437,67.67908088117838,65.86123960092664,72.53583003859967,55.96407700702548,71.49601878691465,64.17996741086245,40.611382379196584,56.448979397304356
0,19983.384338378906,8042.157437086105,3126.79425239563,1147.3584045767784,1067.8363721370697,1657.5523388385773,1276.651453256607,1962.748380124569,857.9240816831589,1840.8829216957092,835.4835821390152,851.2198286354542,2106.247412055731,829.8111049700528,488.3389350473881,250.99567952752113,160.80569917708635,175.2575107216835,230.79172956198454,195.7029411122203,139.38429391384125,115.33696845523082,161.53187652677298,112.45970766618848,121.24095351900905,140.9165117572993,361.26582546532154,200.89204918593168,130.61276191845536,78.04929731227458,77.76429837569594,77.46986683271825,77.21697915159166,68.95660328492522,63.81973409559578,65.04475883767009,55.81975939683616,51.66249958612025,56.75361239723861
0,28196.44970703125,7579.086640834808,2706.629060268402,1134.3529762923717,894.8940677642822,1667.670480966568,1372.2973170876503,2405.8727403879166,903.5592930912971,1433.064272582531,865.2180646955967,590.1681888997555,1932.5798489749432,1063.8646041750908,544.4429089967161,317.30501936376095,162.12037198618054,184.88397125154734,176.34842905402184,183.62543248571455,189.26643853913993,107.83374287094921,139.03113973140717,121.97857426572591,107.4832756780088,141.1250689215958,457.3714539296925,200.82183017209172,152.2274500913918,88.89092463999987,89.16299107857049,67.62984187342227,66.63499148190022,81.7513801380992,49.50712270848453,52.66618505027145,58.94196807499975,43.55463084205985,54.25183544587344
0,15346.659057617188,7379.114585399628,4117.632490038872,1280.852131575346,1008.4439291656017,2427.014919221401,1650.8938741087914,1959.0281234383583,734.2991825938225,2193.5708273649216,622.9379585683346,891.4645010381937,1302.336596235633,1089.8347825724632,524.7508105263114,357.88478327542543,220.55969050899148,168.75347643904388,209.67400037124753,225.1994739882648,157.43549780920148,129.85376614704728,153.17156131472439,107.5149683598429,141.38034861534834,111.62254735268652,421.5100225675851,197.59876862168312,160.93234669044614,90.03742577321827,83.68628144450486,70.96043081674725,68.35949615947902,75.71241643978283,65.4877058044076,66.74132781825028,64.3100076247938,60.76637117844075,52.570893227122724
0,21394.637084960938,6828.268914937973,2702.3533277511597,1172.0933318436146,1202.9997510910034,2638.825922727585,1398.2103594690561,2133.337615966797,996.314141690731,2569.2611176371574,782.9226923584938,773.407698661089,1626.5060330033302,1208.7062148675323,543.5334031879902,360.6598954387009,177.2871543262154,193.9388398602605,122.34540588594973,139.93100092187524,144.11262650601566,131.48840761184692,156.19247727002949,97.3774304986,114.24845087900758,111.3821305707097,419.7872333191335,180.7834294848144,167.79088816605508,70.61498791538179,72.59589736536145,58.33481644652784,59.224212317727506,68.57694546692073,68.59145157504827,64.03599880822003,59.34903668798506,37.876610229723155,48.496382729616016
0,30182.09783935547,8894.484354019165,3308.8158485889435,1143.5590546429157,1135.339481562376,2505.727312207222,1548.2025343179703,2131.7535417079926,770.9482307136059,1859.191080212593,839.0044162273407,731.1487678289413,1641.243635341525,1001.1754820793867,510.15117306634784,299.94228456169367,174.63601000979543,195.4896759055555,175.34050814434886,176.4485549814999,153.34380501881242,124.96136898174882,145.17795714735985,117.87836334994063,130.42048248834908,137.2752134455368,424.8491993956268,182.01315517909825,141.94124012254179,76.07196008227766,78.38361735083163,70.18833249248564,63.10841006413102,67.55473756790161,56.6803805520758,63.84616670478135,61.41122043412179,44.12141849286854,61.99806630425155
0,27697.19581604004,7411.137090206146,3333.5395869016647,965.3197260499,892.9753766059875,2644.3251514434814,1262.523062467575,1575.3557814955711,569.7622715681791,2466.3833208084106,1022.9185228943825,536.9993353486061,1565.1772732138634,1032.8913094494492,453.26760280132294,277.70711619220674,207.17581502720714,183.37462406232953,139.32285023480654,123.64172200858593,152.61479564383626,82.91598965413868,143.22856407612562,109.0539021298755,105.22872283379547,107.32639187853783,402.6735780797899,184.4113325625658,142.6082223393023,85.84854429028928,79.74714211374521,66.87538689933717,56.692484088242054,70.67693790514022,47.14070744626224,59.81821855530143,53.80459868814796,53.28648492693901,52.01300642825663
0,24209.71859741211,8417.909564524889,3487.844035089016,857.5292066335678,1032.7940554618835,2437.635289669037,1208.9428311288357,1589.196025967598,707.7405040413141,1804.3586828708649,893.2825239598751,803.6522626876831,1696.1483213752508,1069.3327955380082,527.8169993124902,305.27762508392334,169.00103387609124,202.55710412189364,175.39805349335074,170.72690041735768,172.21079958230257,126.75383890978992,148.9586265310645,116.47360771056265,116.57950753951445,118.32114538177848,377.44685569778085,178.9458125680685,157.14807855896652,80.17725661024451,86.1670249812305,67.39256996894255,65.5565505772829,72.47902384959161,57.41610561683774,63.93615300394595,55.791042677126825,49.30357675254345,57.27624020539224
0,31086.348022460938,7458.306847572327,3792.8543043136597,1077.239545404911,1392.8796813488007,2674.55604827404,1414.7074294686317,1800.3489908576012,755.4750516563654,1939.6633628606796,933.4859273955226,752.8658073097467,1484.4121030122042,1064.8817175906152,484.78279925882816,349.2208390533924,194.3818430043757,172.46255704760551,172.64489006996155,143.07154789194465,139.26042395085096,109.4438829831779,168.92563887499273,114.14842764288187,120.75705686677247,125.31503705866635,475.43171627633274,188.32374784722924,145.33843765221536,79.2236809451133,71.21610501408577,66.02545459195971,65.01499092765152,63.78473003394902,57.39079520665109,61.20928803551942,57.24331723060459,48.26354091987014,58.59489609859884
0,29345.579391479492,7632.4494203180075,3264.282385110855,1063.9101804196835,1179.214869350195,2049.309030175209,1059.7844775617123,1864.2292848825455,880.4605981111526,1828.225026845932,849.5343426465988,814.812218785286,1097.5239146649837,1092.9228526502848,515.4991225788835,345.640351627022,190.63658727891743,194.7212810665369,164.58677286561579,137.40585546195507,180.63795645162463,112.04179965984076,132.40113459713757,134.64306498598307,110.6437870003283,104.91057003848255,473.23197555169463,175.39453941956162,145.5241798106581,80.73707070574164,81.59997739922255,56.49567916058004,55.1210933662951,80.13687118887901,54.94929698482156,60.24096396751702,57.07142550451681,48.12751345150173,49.70807702373713
0,15124.247375488281,5242.028115391731,4146.365008831024,1390.6823961138725,1213.3632774353027,2377.631016433239,1565.0386626124382,2137.833181142807,839.5832940340042,2632.3496663570404,930.7061541974545,725.1275947839022,1529.4144904315472,962.0845812633634,373.4147715270519,300.43593725562096,206.81813226640224,187.9386233575642,239.35467831790447,183.29013892263174,153.74941723700613,120.8914445899427,139.4364716336131,105.30952983722091,127.48601250676438,126.1704329252243,365.52067189477384,178.8168480731547,146.3821974247694,91.8570796418935,73.662533916533,65.88434414379299,65.78862220235169,72.42506576701999,62.13239525258541,64.78232883289456,56.327079008333385,44.72836421430111,50.28283828869462
0,10249.079528808594,5008.584606170654,5052.129654884338,2663.4507002830505,493.78529542684555,705.5700618028641,1100.3357174992561,778.0072317123413,374.89935514330864,757.9253672063351,554.6971573531628,563.5490276515484,401.56839579343796,1151.853291131556,277.12217442691326,261.22601929306984,204.14218320697546,230.6592648923397,61.48882383480668,82.07202294841409,92.74380892887712,73.49885397776961,118.49533587135375,78.13790599349886,51.1844620462507,52.05495554022491,399.08130314946175,144.57216093689203,119.15085802040994,94.14302074536681,78.03965004906058,34.11816243454814,46.49281741678715,57.52189679816365,40.09117956832051,42.79433139972389,36.295683497563004,25.67774516157806,27.149711241945624
0,15476.683776855469,5724.011322021484,1617.4999207258224,1580.620201587677,1616.2816945314407,1194.9481267631054,537.238578081131,1044.0383740663528,991.5007077455521,1502.5812034010887,1165.452588647604,328.35008293390274,714.0204793214798,1083.8762995004654,454.64624097943306,348.3523892313242,230.9183817282319,167.86793586611748,84.91454030573368,78.158318631351,106.17791536450386,48.672214046120644,92.40016712248325,78.50623085349798,73.48973283544183,112.59513775445521,347.4384138137102,121.9151928499341,115.11938204616308,83.30402521044016,82.9491484425962,54.621442489326,35.09106593951583,50.2272735722363,25.329142097383738,29.50883866660297,25.470482420176268,20.239193938672543,35.03705249354243
0,14747.966094970703,6829.255836486816,2310.1234827041626,2035.7198467254639,1128.0646657943726,2292.66336402297,1842.393846988678,663.4357866048813,360.3104147017002,1267.1292538940907,439.26783311367035,332.4907971918583,600.1844130158424,640.2005597352982,360.91200029850006,348.9508455693722,212.69463250041008,184.8996675312519,103.37886505573988,108.90473801642656,107.1467847339809,75.05442998558283,89.1501302216202,79.86430367827415,49.9415877237916,82.87952648848295,285.2783548682928,159.1181955933571,138.12908045202494,67.65647591277957,59.96872039139271,29.662127105519176,38.263990953564644,41.80888203345239,29.429088588804007,34.35270296316594,34.456776523031294,26.42959619499743,38.87548740953207
0,12925.290069580078,7626.240608215332,2592.215699672699,1087.3770463466644,741.8547903299332,779.2592074871063,348.6935785114765,576.6269526481628,627.4806927740574,1143.389328300953,692.0776848345995,981.0316410511732,635.098523132503,1362.6512122750282,361.3914653863758,257.20761400461197,192.01986521924846,242.48229503631592,75.71238549798727,93.1806268543005,89.60769506543875,79.29489371925592,106.45850387215614,81.52318032830954,97.56390680745244,69.6820720359683,360.17425687611103,139.49963395670056,127.46842891722918,70.66020284965634,63.79031319543719,34.80344020575285,46.58192892372608,42.68728266842663,43.48841008543968,32.07023572921753,33.29258418548852,29.062641831114888,23.85858801100403
0,11389.240600585938,5422.793254852295,3025.4170610904694,1455.2554959356785,1030.404147207737,1316.813206076622,975.8921600580215,690.4654862880707,415.96596056222916,1554.8949509263039,584.9822905957699,364.4848356246948,703.2757502794266,1412.7608123123646,488.80592837929726,338.4506295770407,221.74618013203144,259.3618659824133,88.58586490154266,102.68240657448769,66.94656375050545,60.492825232446194,89.19384348765016,72.02241749316454,108.5328652150929,102.3711353726685,402.67701207846403,176.3016673475504,107.4796301946044,63.71387214958668,73.28611635416746,40.9535972699523,43.47767700999975,44.48549138195813,25.65031000971794,29.152426216751337,28.890948528423905,35.01993773877621,31.463404508307576
0,11806.81787109375,6980.631446838379,2255.4617879390717,1600.1165953576565,1043.286033153534,1665.3148846626282,977.7331351041794,1058.2364913225174,403.98644852638245,1241.2955281734467,898.0508012697101,367.41996698081493,470.8299937695265,1331.708128273487,381.56191727519035,292.4064655825496,213.3955205976963,218.0733232498169,73.93130863457918,103.30042814835906,83.96263080090284,67.17444384656847,89.38929364271462,72.35129012912512,89.3846943154931,81.14745231345296,349.74271735548973,132.13530646637082,113.09915941208601,86.47836741060019,86.3944341223687,33.525822818279266,42.73881309106946,34.69439511373639,35.85179662890732,41.81102682650089,35.113162126392126,24.471685644239187,32.320343904197216
0,13773.699005126953,6638.805545806885,2401.7667778730392,1819.6225969195366,1447.4472565054893,1562.3528377711773,1158.6327613294125,769.4776973724365,433.1873355805874,1223.886544764042,381.4285377562046,297.40661358833313,603.0241669416428,785.1450592763722,256.0339976474643,258.355808891356,104.25030498206615,146.6607520915568,86.3983676545322,55.59127609804273,119.0262952465564,53.2002936527133,87.40576177928597,73.10870246961713,57.157657623291016,85.05126564949751,340.8000317439437,138.60336189344525,117.91225509345531,57.83160389587283,62.66536053456366,23.274946069344878,34.95568216405809,50.00014868751168,26.602207329124212,36.40657693427056,39.03812417201698,22.069336441345513,34.11028038337827
0,15413.825500488281,7161.5883865356445,1382.1061279773712,1024.1593033075333,948.8103379011154,1008.1196730732918,340.96366560459137,715.1411056518555,393.88175505399704,984.898716032505,1153.164485424757,682.7481497079134,735.3823825716972,1416.7199540436268,296.48596791923046,331.3435687497258,144.698773461394,213.6411711871624,77.24711019918323,90.96220730245113,105.32954574376345,79.06123423576355,87.3816136866808,81.03119485080242,96.39219756424427,72.4804189056158,425.7455103993416,131.52420322597027,143.37784439325333,47.752726659178734,47.52419501170516,37.59570196270943,32.60514076054096,39.572308994829655,26.137710105627775,36.12411605287343,32.65379508957267,34.744625963270664,33.203017223626375
0,11461.687896728516,5214.987091064453,2291.411325931549,2073.3709967136383,845.1965519189835,649.9042537212372,1232.6685568094254,715.580487370491,554.2735577523708,1607.638260126114,390.9291372001171,385.43586230278015,501.05308189988136,718.5746275037527,259.0029735043645,244.20245357602835,177.52094538509846,180.77894493564963,49.80448269098997,76.72301476448774,83.82176636531949,48.47890214249492,89.4128147661686,97.09791976958513,98.04635390639305,73.53585854917765,292.7089151516557,140.12457098811865,109.3519698381424,65.73646043334156,60.61189019307494,35.29568103514612,40.224824802950025,39.81781764514744,24.032947031781077,37.707953080534935,31.100842526182532,25.63936966843903,29.39460457675159
0,11230.182647705078,3981.4173583984375,1859.3186404705048,1686.6327596902847,589.6793133616447,1463.495574504137,1046.081524580717,608.8646294474602,533.5773102641106,787.1812303066254,434.72044068574905,424.15313053131104,476.2817088961601,945.2203007340431,253.38404938578606,287.85873134434223,162.41169564425945,102.44504498317838,102.90098950266838,73.36444912105799,113.92258634418249,90.26600119285285,57.00266126729548,75.07914896681905,93.57815834507346,48.75584590807557,333.21579480171204,112.814472399652,109.44762340188026,52.77910853177309,51.32733207941055,37.534966710954905,34.84382063988596,41.466884557157755,29.32496622018516,30.066477302461863,26.826647648587823,26.686428479850292,23.29189614020288
0,14286.69204711914,6209.781837463379,2080.238332748413,1481.0187069177628,1321.2738352417946,1687.1216163933277,1180.6929105520248,902.4999907389283,532.5897870361805,1902.2546111941338,715.6712171733379,295.84496158361435,633.8283858299255,835.2578062862158,334.14919655025005,288.7358003780246,171.6628786176443,163.18583127856255,86.95134124904871,91.16603839024901,114.55927086248994,64.41618760675192,107.73076632618904,77.5504131168127,67.6612267177552,102.57154818996787,376.42490297555923,131.69022396951914,121.4114382751286,57.038209959864616,68.4836910199374,27.485996613278985,52.3582117035985,42.81122865155339,30.040865801274776,35.68055370263755,36.047696851193905,27.544935438781977,34.750622453168035
0,16204.31900024414,7001.99889755249,2779.027806520462,1356.7147520780563,1377.0965666770935,1471.3124765753746,1043.215149462223,1094.8010250329971,501.3701046705246,2178.916818201542,689.8872472047806,899.2358919382095,672.94757604599,1357.3375535029918,350.7088750898838,286.6642292179167,133.48545418679714,196.57560248672962,113.34512881375849,111.10717997699976,84.80148339271545,93.24692954868078,98.75266956537962,85.17299146950245,72.85782943665981,86.09578196704388,408.66942731291056,146.44612489640713,139.70104141533375,65.68796212598681,68.84417636319995,22.72832520492375,61.86491516046226,44.022714618593454,42.89074190147221,38.17182815633714,32.26720311585814,31.286256819963455,28.4363772617653
0,14868.330780029297,5726.900415420532,2282.4014117717743,1496.8426614701748,1317.7068071365356,1620.0730016380548,692.2225860357285,778.5605517029762,679.6999009847641,1311.8350648283958,560.8372024297714,602.5366016626358,387.554162055254,1335.5770220942795,393.3321148008108,342.61939200758934,159.04661078378558,241.11430317535996,69.06418802961707,95.71212265640497,83.06657957285643,59.53962016478181,82.99832710623741,103.97580368444324,106.70322575420141,87.20838928222656,306.4405471533537,166.50447487458587,137.88013961911201,61.80973535403609,74.6101089566946,31.02510717883706,41.753531754016876,46.62175337225199,33.23226538673043,42.37282061390579,34.82187211327255,39.27649006526917,33.679217686876655
0,13665.794036865234,5305.36291885376,3309.9948632717133,1304.0347696840763,1210.9376156330109,1782.078589439392,1120.3593652248383,710.3635967373848,504.52510491013527,1208.7851445674896,694.4913842976093,502.3011310994625,668.0430791378021,1336.6259651780128,421.99647168815136,322.6847851499915,158.23380041122437,239.81273464858532,74.27020449563861,142.92599993944168,83.39009404368699,56.47144977003336,118.21278251335025,60.83631495386362,98.2235783804208,64.97263092547655,411.48114036768675,151.99953104183078,133.09068271517754,73.2377850562334,89.20665919780731,32.93628368899226,41.69322279468179,49.83956203982234,29.704468850046396,32.910382356494665,32.72234147787094,31.271195773035288,38.27723136730492
0,16340.747528076172,5541.154891967773,3168.8756997585297,953.952733874321,1111.2934316396713,1679.3118467330933,1356.9334325790405,1162.4323520064354,353.2930359840393,756.5878595709801,403.30465373396873,637.3962360620499,319.63944751024246,1145.1602110415697,300.7966722249985,269.50675701349974,150.76891835033894,155.02759486809373,74.21958432346582,112.8128755018115,88.52339243143797,80.79565230943263,125.982293125242,95.63118677586317,82.75739493966103,91.19665405154228,317.4184544235468,161.6228899024427,134.9841873422265,58.584809213876724,59.61996280774474,29.685935815796256,42.38987648487091,44.97936146892607,40.71368532348424,40.86522699147463,38.33491187542677,27.59095111861825,32.22699242644012
0,9568.376037597656,5815.159511566162,2974.2163729667664,2085.4636806845665,1075.93296957016,1312.5961869955063,1026.0993543863297,754.8770169615746,429.4968365430832,1811.5278175473213,588.0790421962738,366.8096324056387,492.7979291677475,958.9112621545792,316.19760294258595,234.67562493681908,188.94146318733692,192.52966994047165,72.97997384145856,122.92734139040112,101.01450066268444,57.51714441180229,109.95238062366843,67.59072179347277,72.86704890057445,70.67477037012577,364.2662307396531,153.42248579859734,110.8061450868845,71.3881419505924,69.17062420025468,41.05053452402353,40.33031768724322,50.36620235815644,37.79385872371495,30.381728138774633,34.39737453078851,22.61856358125806,33.58065997436643
0,10997.339569091797,6212.306964874268,3016.77690076828,1503.3340066373348,738.1843438148499,1821.2576787471771,1405.2732721567154,918.212500333786,353.8124717772007,1196.2564731240273,869.7874777913094,391.8922098875046,435.0158765912056,989.6336820572615,372.8129597399384,227.4921986758709,202.15551967918873,176.7484629303217,88.68849309161305,103.55241912230849,90.94949400611222,59.30535466223955,110.47519941627979,67.42394493147731,54.99598908238113,66.12631196901202,355.70320188999176,140.89808448404074,109.40412804484367,74.29108498990536,62.70269573107362,33.922623390331864,46.27382320910692,48.86595645174384,30.744644910097122,35.64492240548134,30.21310517564416,29.144723126664758,25.899892514571548
0,12587.30014038086,6071.31113243103,2902.815764427185,1577.898867726326,1465.5197303295135,1235.908923536539,1302.2996468544006,1180.5657079219818,438.7295186817646,1750.8997610211372,533.0096008777618,423.6094842106104,458.9936512708664,617.7851182259619,374.313579775393,246.1348118558526,220.0980385541916,180.0938878133893,99.31181568652391,95.75609752163291,101.01300984248519,55.42107017710805,101.20653875917196,67.28674855083227,96.90413931012154,45.50036108493805,305.66014083847404,145.26496715843678,114.44955234229565,60.658400401473045,66.63015212118626,35.694391041994095,37.418471824377775,43.638174787163734,29.23084371909499,33.06745572388172,29.416895041242242,37.78790578991175,34.050285352393985
0,15523.357055664062,8035.286617279053,3382.3052072525024,1700.5628088712692,665.7460289001465,1515.22377628088,577.7439827024937,884.4358992576599,371.20280092954636,871.4010469913483,1180.2326377034187,386.99238450825214,1019.1241922974586,1256.3497170209885,372.2676847875118,295.0398584008217,207.2996527403593,201.5748077183962,78.8133584484458,125.39375521242619,76.05005280300975,80.17473419010639,81.54102790541947,69.97691454924643,74.24050377309322,73.24093370139599,402.068693600595,148.40799605473876,108.32225888967514,77.76059929654002,83.19053228572011,31.829560527577996,50.19313129782677,44.71392511576414,34.284212842583656,30.07489925995469,38.35025617107749,29.02108736243099,24.952734610065818
0,16155.041961669922,6005.207057952881,1740.8736944198608,1205.738039135933,1451.333128631115,2018.194935798645,969.0801656842232,841.0889297127724,484.48532009124756,1262.1425989866257,690.7827169895172,527.3835337162018,572.0910363346338,1134.3891818523407,489.4237964749336,330.7038933634758,207.02576199173927,189.1300258822739,72.26675308868289,116.56444526091218,79.6818256881088,77.13474125787616,87.59521906636655,99.04005957394838,101.78395795449615,74.1783349327743,341.62238198146224,151.8003996387124,126.37299137189984,74.14180523902178,65.66461180802435,27.76477658189833,52.236463252454996,42.3005406614393,29.253818962723017,31.29728283174336,26.68958991765976,32.46883622556925,26.456264231353998
0,12992.298248291016,7400.664520263672,3379.7685647010803,1980.0550079345703,1146.32741189003,930.6837506890297,1220.934626698494,839.438678920269,313.9060907959938,691.2414635419846,910.0761538147926,334.75970274209976,591.7933432459831,1163.7065764665604,390.8558176755905,355.4674415886402,162.13114012777805,265.1139994561672,129.87274450808764,93.76670568436384,122.58323737978935,73.79870201274753,81.89711724221706,73.92032890487462,37.620119381695986,118.39827916398644,350.2901727259159,160.6327645778656,121.25554332137108,51.27908321470022,65.80216236039996,40.01157739944756,38.50410667434335,36.40292984806001,25.577009484171867,42.374612036161125,37.884470659308136,24.562860971316695,39.466246988624334
0,12019.177520751953,5853.963809967041,3829.0210371017456,1018.4999266862869,865.709643304348,767.0124488472939,918.3230309486389,1546.7975816726685,480.9765576720238,710.9850918054581,507.17901238799095,323.61169677972794,1114.212707042694,872.242004096508,369.44921757280827,345.42069631814957,190.0882222354412,157.78343431651592,100.7632806673646,104.11509750783443,107.0974411573261,45.7108660787344,88.42981791310012,71.34348595887423,35.91604486852884,95.00902090966702,349.89670342952013,137.2773892916739,135.66298623383045,67.0843210183084,63.32980235107243,44.79170088656247,42.5863797031343,47.958504639565945,26.376735273748636,34.90461693145335,33.438080264255404,23.514109550975263,34.64357250183821
0,10848.440734863281,6565.225256919861,2767.3646955490112,1914.128191113472,1365.9772086143494,1741.0702414512634,1062.7735340297222,864.2978101372719,403.8352110683918,1296.238151460886,513.7932068109512,447.2922283411026,1037.5899437591434,1025.9038264751434,368.3574718758464,264.9215450286865,118.78166201710701,188.80463780090213,82.55542118102312,113.15281794220209,110.59447264671326,61.26318795233965,104.1417948063463,75.21078087389469,96.35575687885284,94.1738555431366,387.89596152305603,138.73789417743683,108.46163268387318,70.0795032531023,73.18522741645575,41.95235765352845,36.36055417731404,52.4993789633736,37.91012520343065,38.120178785175085,34.758112106472254,31.956331555731595,42.86420674622059
0,16128.167602539062,5718.501525878906,2805.4255669116974,1374.3788862228394,851.6942359209061,1619.5473628938198,870.1396752595901,734.6014487743378,330.9177613258362,1479.5028990507126,1012.9104164838791,466.6626016497612,516.3806324899197,991.851075977087,267.36237121373415,269.6403941512108,167.9823028817773,101.31481450051069,90.63677203282714,92.57209178060293,80.02427247911692,56.585559790953994,74.3846390992403,70.88938867300749,58.1493843793869,58.92062547057867,339.558481618762,155.12516750395298,133.60223998874426,54.968808084726334,51.31249287724495,32.745452884584665,35.28353529982269,40.675106819719076,32.017224080860615,31.376122726127505,39.8964756205678,20.69089788198471,22.030274492222816
0,11988.014556884766,6580.93377494812,2606.7513105869293,1217.6653594970703,1335.607956469059,1339.5622017979622,1306.0210266113281,990.8887049555779,307.68052066862583,1139.1995729207993,1000.911064594984,210.19380259513855,463.51815009117126,802.6690567880869,343.5077336728573,254.75955305993557,169.54834228008986,153.31438925862312,91.23765212669969,77.59624636918306,105.78874337673187,61.13384375628084,111.91420199908316,94.54634745419025,62.24119544401765,112.92442927509546,366.27438804507256,168.79716428369284,105.86948650702834,66.06309269182384,61.20126407593489,28.39202866330743,44.97885108552873,44.493075428530574,30.023746964521706,45.58919073268771,38.93835539929569,31.58443894609809,43.877640411257744
0,13947.682830810547,5993.680866241455,3187.3247208595276,1803.8164041042328,895.5203139781952,1323.1501389741898,1152.95294880867,904.9649707078934,506.49674078822136,1716.051787853241,782.2479479014874,338.30852667987347,631.3981687873602,838.1612629145384,350.47006303817034,336.7961373925209,134.2936433032155,200.1272455472499,177.1164890564978,122.1797513961792,77.11493004858494,67.65948042506352,85.08734460896812,91.87709601595998,41.354146260768175,62.2447727965191,361.7129284571856,145.0935642644763,133.9625678770244,60.21629037335515,59.63478754274547,45.464248929172754,56.3766101449728,40.56772133090999,23.47769996523857,27.409208042547107,27.306460564024746,21.97581074386835,25.01115571334958
0,12879.09555053711,7498.776466369629,2111.4444761276245,1895.4512844085693,1030.755238622427,793.2293947935104,1167.893992304802,785.7267996072769,570.5207010507584,930.4270961284637,737.4841229319572,317.34931713342667,257.5223518759012,1043.9959787130356,272.0441955253482,345.7276161685586,181.5793137513101,192.83087754249573,73.80786673724651,105.2396535128355,133.38319770246744,69.08983138948679,87.98655027896166,65.6823249310255,78.45931692328304,100.49081090837717,377.56820134818554,142.2820738144219,106.26782187819481,59.36031946539879,64.68801363930106,38.00279536470771,52.153425350785255,39.76564605534077,32.26603218913078,37.1179804392159,33.641690257936716,29.799501604400575,27.03138015512377
0,16368.06137084961,5153.20467376709,1593.1385221481323,1357.5609405636787,1100.2342851161957,2858.3874864578247,1986.1521575450897,921.2124335765839,449.6285536289215,842.0914579629898,833.1735516786575,248.60081738233566,394.37796100974083,901.7756196316332,300.28732814639807,340.19152334332466,212.86630304902792,158.8817257285118,89.20056056976318,89.19447343796492,83.58721378818154,84.53676053136587,88.57681734487414,62.789917662739754,39.41128306463361,57.85460415109992,327.01906196959317,158.9868764653802,131.03489062562585,62.28927097283304,47.860662806779146,32.690873388201,40.747278552502394,39.73093032836914,29.095242593437433,33.141538705676794,41.15244743740186,27.282316628843546,25.01570662856102
0,12857.779602050781,6415.279071807861,1963.6762220859528,1247.2821422815323,876.6510784626007,1080.7049889862537,515.5128925442696,784.2272292971611,352.6153173148632,545.565399646759,694.7697932422161,416.0571603178978,398.53118392825127,1311.9697933197021,476.0003018975258,350.03892720490694,192.77690282091498,258.9438544511795,64.86980632226914,83.94659727811813,68.34492732957006,42.69073257781565,91.09433426707983,70.00651692878455,80.25449102371931,104.28786838427186,378.2423941269517,158.7638250514865,119.88491787388921,68.92925865575671,68.98148576915264,37.16932529211044,51.123266503214836,50.25666900072247,28.96857894398272,31.672852016985416,26.843762369826436,27.672877330332994,34.922899609431624
0,17352.496551513672,5895.5292892456055,2137.9498485326767,1044.0049119591713,1478.2960653305054,2767.264769554138,1020.0785590410233,869.9808567166328,414.2717858552933,1863.6400384008884,1038.7571827471256,446.5947186946869,755.0562319755554,1318.466500043869,404.6581225246191,284.09141355752945,190.9584187194705,137.04745435714722,72.4017004147172,155.96171286702156,87.06555494852364,70.02421444654465,76.03666466102004,51.28946614265442,71.97266666591167,94.16422939719632,368.5316415131092,121.15750773623586,116.49010330811143,49.50240018963814,68.471778543666,28.122059140354395,52.837859087623656,42.0353233627975,32.269806862808764,38.82814276777208,27.66474341088906,25.93246117979288,24.693543136119843
0,12412.206756591797,6458.2959632873535,2241.2625012397766,2035.4614161252975,613.6809731721878,713.7599523365498,723.9797690808773,574.026299059391,510.4679438471794,1377.5098667144775,517.6012872904539,450.89469385147095,450.5789324045181,860.0393198616803,314.43206571787596,280.2298251092434,181.03597031533718,244.94504936039448,86.31887110322714,105.14282452315092,78.11786840111017,62.93091554939747,77.39476465061307,74.58713360223919,68.48508394137025,92.02251686155796,331.28961811959743,116.92702599614859,115.39238011464477,65.9620541203767,60.765459820628166,45.670808733440936,38.76073977909982,45.50563072785735,26.23325933329761,30.70301247271709,28.322467654943466,30.663261633366346,33.477413170039654
0,17504.029876708984,6073.452774047852,2360.4732155799866,1097.4719272255898,1561.3420606702566,2352.6228075027466,1173.7067474126816,865.8582981824875,554.5647196173668,1697.1199728250504,792.7946546673775,446.5472373366356,645.3743535205722,943.8351584076881,303.014187335968,301.3587565124035,151.81014715135098,167.16549133509398,90.62173300608993,131.35854025185108,71.40852535329759,58.94120216369629,77.90210761874914,72.32364794705063,59.73788772150874,83.06581857800484,301.13669911399484,143.69453947991133,133.540161550045,63.42890004813671,63.47608906030655,27.77482007443905,51.86448125354946,43.067929949611425,29.018651815131307,28.444189565256238,30.93601454049349,23.078405391424894,26.345801455900073
0,11338.83041381836,6433.716442108154,1758.6133904457092,1291.1176273822784,531.2261109352112,748.9751451015472,498.49055898189545,778.4854425787926,361.69594183564186,805.7202662229538,1052.8731030672789,849.5815663337708,291.1606560051441,1391.3313377648592,432.8716196715832,325.43132393062115,271.29599511250854,263.27562483772635,121.39077591896057,106.07103085890412,108.33140809834003,47.90679584722966,122.69950644299388,102.00964300334454,98.9053999837488,55.43288167472929,390.24436032772064,130.831388566643,108.25258103013039,71.88314243778586,49.536334455013275,38.77976829558611,40.277404041960835,49.03869692469016,27.29495418444276,34.12606389820576,38.51851815357804,31.462473845109344,26.797258691862226
1,28757.31785583496,6128.5099675655365,3151.3049330711365,1194.180291980505,906.0949292182922,2435.3358483314514,1184.881935954094,1717.5360680520535,818.3375690281391,2295.543105483055,733.0354614853859,593.259334564209,1469.7176217213273,953.7524801418185,457.1689858585596,289.5617407821119,160.03702146187425,198.23353013396263,195.30522539140657,145.98015129938722,149.17213748022914,112.1062614955008,160.85859910398722,134.02414183691144,111.37795212701894,98.49935625260696,360.90244814939797,175.2065506335348,138.58439179882407,81.09960890747607,91.43725795671344,74.04142805747688,63.95409215800464,72.6602792693302,53.60737912915647,70.76332994177938,59.132704988121986,40.661213809624314,48.51897784229368
1,17955.208374023438,6854.8034925460815,3279.8319439888,1221.9659108519554,977.7719933986664,2092.338486969471,1126.2499914765358,1694.4214900135994,692.1746298372746,1855.1956716179848,763.847412198782,671.6311011463404,1515.8948410004377,836.19446958974,503.7913253400475,258.64051375724375,185.00920998863876,206.6047332342714,212.14109766483307,186.40913077816367,147.85834951885045,122.44558002613485,152.37414621002972,152.0569470450282,135.81503901910037,124.40491026639938,368.5289868786931,187.72906195372343,138.25426443479955,92.3571002073586,74.74071112833917,79.8078576438129,70.3155147600919,71.03120670875069,56.39814300369471,66.92224277951755,65.62745160935447,56.153111977502704,60.44653494283557
1,30344.813369750977,7698.173374652863,2813.157749414444,1318.7819465994835,728.7219960540533,1764.3104898929596,913.4769057929516,1889.0021891593933,661.1179927885532,1689.0636010169983,512.8377708494663,654.5500247776508,1381.652783691883,830.4001075048,486.7838380075991,263.1036837771535,176.5712401755154,171.77436952479184,178.2055730521679,153.77668306976557,161.9792391434312,126.06217649579048,132.0754625108093,120.92436074279249,111.94961839355528,110.00454221572727,323.6280069425702,173.57663835957646,138.42745822295547,81.57243761979043,81.85454205423594,64.29683079570532,60.97281168401241,69.9051355071133,55.92240380309522,58.08234706800431,65.13214781228453,52.132417634129524,46.59940605703741
1,26477.575759887695,6127.685734272003,3022.7721729278564,1170.6789664030075,998.2659046649933,1266.6258019059896,1797.00224339962,1504.261649131775,712.2728779613972,1659.3640206456184,878.1902766525745,883.1155930161476,1318.4754581153393,1383.3025531545281,487.3384295254946,433.9190705344081,229.99946091137826,308.6880348883569,139.50731503590941,161.66347936354578,154.09893218055367,120.01376875722781,144.46197568625212,156.96647593006492,116.35178655479103,131.14216869696975,528.8369831182063,188.2795341629535,163.15721395984292,96.45533287804574,111.89195905067027,64.19570287130773,77.55497575737536,70.64405844733119,64.81587738264352,62.98170046135783,85.31321844831109,51.784757263958454,52.037249996792525
1,18421.755920410156,4749.243374824524,3859.179738998413,876.5877639055252,915.4567269235849,2354.1829857826233,1332.9835959672928,2199.136429786682,798.828929245472,2055.789290547371,634.8510514199734,772.1342712640762,1654.3089375793934,812.0068135075271,450.4357313141227,314.8725260272622,146.0309932306409,165.33650590851903,143.22549098916352,164.37060806155205,167.21146734245121,112.5237482432276,150.80108901113272,134.4833531305194,115.06910625752062,122.28770540188998,363.7816648967564,158.69508125633,131.8962030503899,66.67858129926026,71.25602747686207,64.75930884480476,61.44799483940005,73.00161657482386,54.47706797905266,68.01851226296276,76.31684900913388,49.55786258727312,52.35289662145078
1,11484.855590820312,5980.707637786865,2857.42457652092,1555.723054766655,790.1927866339684,1608.0592440366745,1207.9251239299774,713.6681262850761,638.1017031669617,1873.76453435421,578.038515329361,264.314018830657,614.8077245950699,809.5668582767248,347.80027060210705,281.387842297554,154.20378763973713,178.24246414005756,66.64999405294657,95.88882284611464,64.95722843147814,55.323256973177195,81.22101703844965,58.71848917752504,76.17183888331056,107.29373115301132,324.5415224581957,139.5262256525457,126.2400620430708,61.312749430537224,71.2951841764152,38.27670827321708,55.26582549326122,43.22520781867206,27.451000172644854,36.90500717423856,33.39303036639467,29.132294610142708,26.36329746991396
1,10369.879119873047,5943.344299316406,1708.9794144630432,1283.625107049942,1395.857970714569,1172.7010396122932,740.730767250061,791.5003845691681,513.6161988079548,1780.3817454576492,387.0695712566376,248.4071319103241,682.6471478939056,1138.6530231833458,335.71923193335533,358.5479289367795,175.54483834654093,199.6879350990057,91.76026666164398,126.14586053788662,92.42211684212089,61.622884415090084,86.67416464909911,65.94018064066768,84.38145421631634,74.57289794832468,407.8028265237808,125.29163555055857,128.20831061899662,68.74220660328865,76.18272466957569,37.0610575620085,48.57072217389941,47.32939371559769,32.613795498386025,36.00687204208225,30.859435886144638,40.8409291356802,28.18480282649398
1,11378.159271240234,6351.594188690186,3283.0791535377502,1822.0936419963837,1084.749195098877,1306.0950535535812,1245.848816037178,775.2188386321068,473.03880965709686,1924.9304867684841,639.5554447174072,410.3354292809963,803.628046348691,883.9949099346995,321.705041795969,254.4186333939433,123.63735750317574,176.17325077578425,67.05373224616051,104.75797333568335,86.81210992857814,67.94334992021322,78.26918862573802,83.12257574684918,63.181090865284204,97.5518185570836,315.4085883721709,159.31387415528297,117.53234419971704,66.58365344628692,63.88259323686361,35.5765694193542,50.861258152872324,43.85422286950052,31.93404740653932,34.06353281298652,40.68433847744018,26.24816413037479,40.895425364375114
1,9486.017852783203,4852.789848327637,954.0662071704865,1394.7202983498573,509.8160409927368,1039.7600014209747,416.6877019405365,697.7037287950516,436.7926548719406,341.76648235321045,499.02035534381866,585.5597236156464,256.4530491232872,679.5592177212238,218.40314852260053,381.7345091700554,198.4727326631546,136.57790464162827,99.20704571530223,90.39050954580307,125.57531253620982,69.72599079459906,82.51631624437869,64.0802758494392,80.42010235786438,37.65781736001372,324.3576604127884,117.41343690082431,128.11547153443098,50.78143363073468,63.60770760476589,33.89797743409872,45.902142656967044,46.39398665167391,31.43491305783391,34.33861572295427,33.951014786958694,24.59647753275931,18.148738460615277
1,16590.337951660156,5156.7365074157715,1861.543294787407,1169.9162130355835,1326.932996571064,1819.2156127393246,1053.7729083895683,794.5365512371063,593.5476658344269,1100.5424498915672,562.9254598617554,583.5300411880016,315.85777523368597,852.7650448381901,258.91734409332275,287.31209164857864,189.45099528506398,178.84961900115013,90.6154105104506,112.09055484086275,122.34676194563508,62.788726456929,127.33374512195587,89.49107544869184,116.52479860186577,86.88242924027145,366.4093922972679,153.03385977447033,135.69067145884037,57.57274394109845,38.06347340391949,42.24867194145918,36.1388925909996,42.1595009341836,26.327692544087768,40.32861949130893,38.771540930494666,36.54705044999719,30.1439954303205
1,10779.13735961914,5525.919715881348,2680.413599729538,1552.576441526413,794.6079646348953,1226.7296762168407,1282.7142007350922,885.9605005979538,342.4337316453457,1314.0755663514137,481.5473338961601,448.00758415460587,501.08973586559296,869.9134947061539,308.1304006576538,275.7118929810822,140.23943126946688,182.0117469318211,96.5216581299901,84.0781822130084,88.01231167465448,72.25184578448534,112.17735419794917,71.65036799013615,66.12221979349852,85.7587866075337,302.3253058735281,138.1373869255185,117.69363105297089,64.70056817680597,72.77220201864839,41.361582558602095,41.68134964443743,43.57480053137988,35.58805696479976,37.27656392753124,32.61369983665645,38.08552174642682,40.574219804257154
1,12708.870330810547,6025.138134002686,2244.0980265140533,1662.891864657402,1282.2660554647446,1575.266129821539,1492.0090600252151,946.1764656305313,705.8528714179993,1424.3726404309273,794.9533168673515,319.3127784729004,532.59317445755,762.8358853161335,339.84684693813324,267.7869916856289,203.41941311955452,168.6668433099985,72.66000356525183,67.58687002211809,89.78887467086315,49.39330552890897,110.51762874424458,76.14584329212084,80.21166736632586,87.00281156599522,320.0597864128649,154.5360828116536,120.40586922317743,66.7795921228826,60.23997167311609,37.08035930991173,37.84016573801637,45.090599608956836,28.5139248855412,37.236951540224254,32.137615161947906,32.26646514516324,38.39986516907811
1,16594.29965209961,5165.614017486572,2767.82408952713,1615.351143360138,900.0975387096405,818.4247430562973,794.4305958747864,893.9941658973694,523.394802570343,2056.249198138714,284.79960575699806,935.1799727082253,615.7263376116753,1151.1776926070452,396.5060365498066,275.8278419524431,139.89008834213018,221.86875512078404,116.81187838921323,97.3056197911501,72.8370850533247,76.04289441928267,93.80126621574163,83.78963494300842,66.11789955757558,83.67026016674936,386.09500807896256,130.98512770235538,112.1110665909946,72.07146823778749,77.22980015724897,27.10218146443367,50.06323120743036,51.14219852723181,36.466809721663594,37.82111909985542,32.565341752022505,32.08578944578767,29.04030269384384
1,9697.492889404297,6367.069564819336,3506.5260689258575,1920.715937435627,973.8184237480164,1750.1529412865639,1531.8513180315495,1109.8837773799896,456.6018958091736,1823.283919930458,886.5793976783752,770.9195803850889,427.91987542808056,867.2882896363735,375.2289963141084,229.77182388305664,276.5649801194668,211.63427582383156,98.05737776309252,120.18811756186187,94.36988375568762,52.744297709316015,98.79859472811222,67.96138951927423,107.60501019656658,65.52391396090388,337.1212724484503,123.8918185159564,122.58976737782359,75.02334960922599,61.44132394902408,41.72423885855824,39.18128630146384,48.315961468964815,25.55171386525035,37.234320817515254,33.70366172119975,29.802981296554208,23.70935414964333
1,12021.286895751953,7617.983154296875,2245.0773537158966,1182.211756438017,1195.9270885884762,1382.2100713253021,872.4276103973389,942.1183480918407,412.9908884167671,1363.0002318620682,914.1986936032772,252.3064507842064,596.2723503112793,1146.4803107976913,279.28243136405945,319.414103269577,148.90985696017742,187.7945278659463,81.61792661249638,76.45400302112103,96.5686197411269,46.4581473171711,95.42779449746013,72.70008061081171,66.04035979136825,94.49187747389078,333.48607118055224,133.03662633150816,126.1787816658616,73.55788596719503,55.94583258777857,34.28911308385432,36.22324428334832,47.38718072138727,30.975236942991614,37.83676099777222,39.5494973026216,24.148757304996252,38.72134567424655
1,14626.903106689453,5405.80685043335,3172.323694705963,1653.851321220398,1297.729087114334,799.5197058916092,706.6211194992065,518.3640348911285,434.8461894094944,1110.414757668972,455.7241668999195,1038.5442147254944,662.923807144165,1347.8891106396914,377.5036425963044,300.98990323394537,231.10283656418324,249.99420323967934,94.70188925787807,126.8644523397088,112.87640741467476,81.95179426297545,77.68641327600926,54.008524793200195,100.59578521549702,62.83255114778876,427.5354153960943,134.02600927650928,125.98604567348957,66.1550524495542,59.56000991538167,33.5307446308434,46.23458910919726,47.13849684968591,26.868247156962752,31.539219118654728,26.164998865686357,29.739171185530722,25.330777348950505
1,13953.47525024414,6480.015869140625,2236.4468715190887,2028.7570087909698,957.7377672195435,889.0496816337109,490.66487342119217,475.0185613632202,646.1730213165283,932.572147667408,632.1806349754333,1161.7600420713425,346.6668636202812,1289.4438545964658,296.35500180721283,275.0720085352659,185.74132850766182,289.6734434068203,65.96043797582388,122.49236460775137,92.2704849280417,78.2130438387394,104.43603247776628,76.77012130990624,87.5635743662715,54.27264141244814,449.54549077898264,113.17035327106714,126.6012601852417,75.98812736570835,63.81167679652572,32.87105038575828,50.6222107745707,49.38192909397185,30.06214616075158,40.93265214189887,31.372029814869165,34.80607195571065,28.452929587103426
1,15920.649322509766,5992.829605102539,2908.289986371994,1328.5856318175793,1298.7385188937187,1471.3368775844574,1027.4918170273304,712.2356359958649,526.4423169195652,1044.0243462324142,900.1962875425816,525.2974273562431,655.5206685811281,908.5063936263323,328.46927285939455,270.64686489105225,170.59085643291473,179.97542771697044,62.00247685611248,80.69372477289289,114.42695377580822,42.94193580746651,111.55317858885974,72.38494813069701,70.63673790544271,56.15859679877758,359.6403014399111,149.01170229911804,130.64084183052182,56.1547464504838,63.5845864135772,36.663315079174936,37.87015651911497,50.36147897376213,28.120369421318173,46.03343012370169,34.35045812278986,21.59088941477239,23.258316116407514
1,13102.953857421875,7435.996181488037,2300.179717183113,1779.7801694869995,882.4516896009445,1875.9451994895935,1271.258475780487,1129.5761079788208,979.3272287845612,1571.8664212822914,902.0625118017197,847.067910194397,273.8301309645176,1344.3084876835346,352.33250238373876,306.14696457237005,202.13737282156944,249.77130254358053,59.98718225583434,118.8266083151102,97.35037087835371,72.74164539948106,112.72272664308548,57.09780582040548,106.37183083221316,60.24546603113413,411.3825469017029,146.7059718258679,141.72617775201797,59.76774325221777,74.87377379089594,34.031270522624254,53.08394404873252,50.88785436656326,33.41204432398081,39.411630077287555,25.13932749722153,42.87818905338645,25.530770372599363
1,12437.355285644531,4542.271263122559,2479.565724849701,2872.8936117887497,888.9413590431213,1462.4622838199139,1141.0003494024277,764.377810895443,691.3855609893799,1807.7581169009209,774.2570261955261,512.7226447761059,488.8927945718169,784.6050430834293,267.5676752105355,281.1730887889862,213.87706813961267,107.45166358351707,95.5624632537365,139.87688283622265,87.7399747185409,54.41077083349228,89.88961643911898,55.04003982618451,88.49648825451732,67.36373153328896,403.0304175782949,144.4984549805522,108.78933595120907,67.38598845154047,48.90313206240535,31.934173183515668,43.07410202547908,51.61368401348591,24.024180449545383,41.69447487499565,34.12591143930331,29.51745742931962,33.73893055319786
1,14022.140167236328,8655.349388122559,2259.597268342972,1565.8361897468567,1207.0095119476318,899.5679810643196,677.3744341135025,651.2761905193329,423.2604316174984,861.7581704258919,666.8916866481304,895.2625645399094,1054.5755867660046,1184.55690279603,319.0606241710484,282.723175317049,102.5880906432867,203.18228854984045,77.86378572881222,110.28206741809845,94.84865840058774,62.60521449893713,79.38796497322619,55.85532693937421,83.71437565051019,81.70847481489182,327.963576823473,134.55166075378656,132.66846257448196,67.01722249016166,73.9468608405441,32.49117773771286,42.27040899917483,45.150789238512516,27.742301443591714,29.52117696404457,27.345457854680717,35.08480982668698,21.18645714223385
1,14619.408081054688,5652.519775390625,2329.6754631996155,1249.6926023960114,1492.6758454442024,1583.4331172704697,1135.3232069015503,985.0133947134018,393.7714346051216,1296.250696837902,764.7302335500717,445.55382215976715,315.4304387718439,1180.0510807037354,431.5976976007223,364.71167124807835,216.37079782038927,209.11858174204826,84.71319703385234,97.08758394792676,81.02436381950974,65.36034863442183,119.67285297811031,70.37569552659988,119.67413513176143,87.9912241846323,370.9261384829879,163.88905944675207,136.06116073951125,71.2337914146483,65.36628572270274,36.70858949795365,36.76976928114891,39.49114284105599,29.278086967766285,40.04554957151413,33.0480671543628,37.74201764911413,24.931676162406802
1,9634.060241699219,6701.334484100342,1855.027515888214,1682.455506682396,1527.977688729763,1969.3423110246658,1107.8336458206177,1161.610139966011,582.8672223091125,1160.6725825071335,729.3545182347298,701.5912618041039,459.63839165866375,746.7302639037371,375.24712558090687,248.5236255377531,107.87720954976976,104.15855258330703,108.9283515131101,139.20770164951682,96.4382358789444,39.87477100268006,75.9816121160984,67.88123008981347,78.02060628682375,52.92683615535498,278.7064145617187,131.76971673965454,83.31202975660563,43.633674434851855,48.607795510441065,46.328817231580615,30.64989637210965,42.816069124266505,31.583361875265837,34.08015899732709,31.979365962557495,23.08166855201125,26.369983522687107
1,11592.547332763672,5372.0612449646,2802.3800733089447,1639.7544751614332,682.193440258503,1664.6046147346497,1049.847257733345,1150.220898002386,351.89095401763916,1413.600608587265,649.3297845125198,421.97863534092903,596.3946721851826,914.3484563753009,315.0834900960326,242.85838767141104,177.1915932893753,146.51284853368998,76.79389594122767,119.11826696246862,87.64876083657146,85.72967535629869,127.99421277269721,57.086173348128796,87.73904986307025,76.94503694400191,298.8605805449188,131.59571354091167,108.59139207005501,64.36302359774709,60.56902403011918,33.388308160007,39.44231010042131,40.93950382247567,26.086409838870168,40.37404756247997,28.185383294709027,33.628620479255915,32.795469868928194
1,10231.242156982422,4460.590213775635,2884.6326014995575,1660.2676663398743,853.2477083206177,1074.5029653310776,747.8951377868652,915.6515377163887,363.20081782341003,1138.7089403867722,544.6405167877674,962.5471792817116,505.25968420505524,1441.01329497993,351.4851000905037,229.80189856886864,272.25688983872533,256.13132263347507,82.942164093256,103.54652365949005,95.22493288014084,101.55835954099894,114.51849581301212,80.25948648899794,71.74093606323004,61.53400858864188,437.89229249954224,141.3425669297576,94.30358672887087,78.75839375331998,59.11842590197921,39.0633235629648,50.73966697230935,46.23862688150257,40.595687571913004,37.647106227697805,32.81748755928129,27.092890242114663,23.879555973224342
1,12121.360046386719,6588.3202476501465,2579.1486027240753,1381.0678701400757,1403.8944063186646,1186.5119851231575,1103.4178570955992,655.8311020433903,641.7019337713718,1903.979266345501,706.9634653329849,346.66860872507095,556.3790912628174,916.8428166359663,385.915917314589,342.5957600995898,218.2866432145238,204.08563041687012,57.432235449552536,76.71851785853505,72.28077275305986,48.037457953207195,92.74291474930942,100.52615737169981,90.17979348637164,99.33823177218437,392.73644587397575,147.05637035891414,127.61575354635715,71.15356858074665,68.30658467113972,37.3931100666523,43.47777201235294,45.581357914954424,36.00435678474605,42.674890138208866,39.35784550290555,31.918406296521425,30.202981322538108
1,11208.146789550781,5558.906436920166,998.7131179571152,1387.1257095187902,941.1790295243263,2385.2726471424103,731.5153691768646,1076.2801983952522,871.7797460258007,870.6150560379028,754.7393544316292,502.0722459256649,908.5653834342957,1168.6657642126083,307.46131840348244,266.7777797356248,232.7171596288681,178.3226245045662,130.59773963689804,140.1726912856102,88.82474824786186,74.83813346549869,117.03345140814781,87.46780897304416,76.9450772665441,77.87511343508959,382.48560750856996,138.54375237226486,115.09830059111118,59.637959241867065,47.04793276078999,44.11896154657006,45.60346571728587,48.11524730967358,35.67887671291828,48.945922079496086,37.70789663121104,37.232489835470915,37.38654715195298
1,22846.776428222656,6514.146030426025,3480.9571278095245,1901.4989136457443,1819.5160037875175,1859.771630614996,941.2590492963791,837.3495764732361,515.6433244645596,1840.0651774406433,578.9983548372984,529.5671254694462,514.815858617425,924.7038560006768,364.30040553212166,325.0933589525521,122.78617531061172,178.51127064228058,63.97769635915756,82.2828485481441,88.28599687665701,62.347201492637396,60.115236200392246,71.24166180100292,42.356457442976534,76.8966211695224,324.6455519013107,150.35676341503859,139.43680654093623,58.463714238256216,57.71806813031435,32.06189459003508,41.04047058522701,38.25928249489516,32.98751955665648,29.66938000358641,27.95454440638423,22.998921112157404,29.17292313836515
1,17514.49447631836,7023.961654663086,1842.0648856163025,549.7057944536209,927.0059909820557,615.4680864214897,780.3807578086853,827.1903910636902,1322.7586965560913,1498.768170595169,671.4284320473671,844.1947128325701,433.8561817407608,1297.6475902944803,301.4326026123017,293.78444468975067,174.92441788129508,207.6946971192956,88.42456445470452,96.13389760255814,119.7156244367361,78.35591034591198,84.94904563203454,61.335756262764335,75.95254795253277,62.568079974502325,340.60460179299116,135.1278271228075,113.85347197391093,53.491478871554136,53.71791122853756,44.19838233292103,37.319906029850245,45.379949192050844,26.367771208286285,40.21748775616288,33.14996764645912,31.198514560237527,29.494798965752125
