0,-27.838490333333333,0.6821875,22466.46127319336,4672.91600561142,2052.5330563783646,1107.0457122325897,1683.5544506311417,905.1300971508026,1242.2368235588074,1232.9399809837341,811.3271701335907,775.2148742973804,549.1162040829659,788.0380250811577,406.3014597892761,672.8074697852135,327.51081918925047,224.65647339075804,112.86823810264468,192.3692475259304,66.01186667382717,75.56715328991413,93.95060002803802,51.9486532881856,70.05430083721876,56.388075448572636,60.01464136317372,60.62459543533623,227.28990131616592,118.09451003745198,78.2144824527204,50.07457000762224,63.78594405204058,35.486948881298304,42.09234912507236,52.97720988839865,24.279599227942526,29.3094153534621,21.120876212604344,24.40545118227601,22.95902581512928,0.0425000,0.1725000,0.1725000,0.2025000,0.2025000,0.2325000,0.2325000,0.2825000,0.2825000,0.3925000,0.3925000,0.5125000,-27.414734,-28.181509,-28.896057,-27.659718,-25.488686,-29.390238
0,-27.216076833333332,0.57375,25649.69027709961,6272.662588119507,2313.160524368286,1324.657161474228,2094.813212931156,907.0876414775848,1042.1022877693176,1706.8880249261856,795.4240639209747,366.4723368883133,639.7913734316826,898.5563119649887,747.9101604223251,948.0964649692178,274.19928953051567,298.6675985753536,248.71882665157318,207.3363542109728,110.98575947619975,76.01486852765083,141.5401345938444,74.22249638289213,87.95032542571425,58.24103659205139,105.85172666981816,70.90810161828995,228.8736543506384,147.41392112150788,82.08453906700015,108.98739225976169,72.1629088204354,59.20803919900209,42.034655874595046,50.538932014256716,30.663714334368706,26.063774064183235,21.291124945506454,34.000715835019946,31.182691738009453,0.0425000,0.0725000,0.0725000,0.1125000,0.1125000,0.2825000,0.2825000,0.3825000,0.3825000,0.5025000,0.5025000,0.5325000,-29.127045,-24.415771,-29.184452,-25.763824,-24.462107,-30.343262
0,-25.8360825,0.76125,13276.21029663086,4258.252372741699,1689.999360382557,4517.0175495147705,2248.057532787323,825.3410248756409,1177.3428365290165,2392.1066389083862,713.9678950309753,370.8788152933121,358.9720666408539,565.0940818786621,315.30508303642273,906.3052543476224,201.36432329192758,313.0776238143444,149.54974105209112,249.0658332258463,139.2804452776909,108.29713610559702,102.23459890112281,98.80216434597969,92.51430020853877,83.08600613474846,60.666341572999954,74.43601353466511,223.30533638596535,112.14211314171553,80.32018089294434,42.19792263675481,75.41617839969695,55.084263786673546,45.382320895791054,38.942160945385695,35.290188789367676,35.21066141501069,30.41352479532361,21.167111159302294,28.878063106909394,0.1425000,0.2725000,0.2725000,0.3825000,0.3825000,0.4125000,0.4125000,0.4425000,0.4425000,0.5525000,0.5525000,0.7125000,-26.794079,-22.332348,-29.901388,-26.19808,-24.943981,-24.846619
0,-29.056227666666665,0.907125,23927.639709472656,4918.414454698563,2694.546007156372,1098.8656215667725,1883.1820752620697,1163.4364296197891,599.6025669574738,1510.6686800718307,1007.4930112361908,658.6540018320084,706.0555092096329,636.4609912633896,1615.3101929426193,1136.4658884741366,260.8852296471596,238.22703332453966,139.47453977912664,226.5592826604843,138.4007996469736,121.8021983653307,117.1020165681839,110.54623480979353,90.14116927050054,55.704543359577656,96.30790541693568,71.20621655881405,315.8163459561765,112.11737135797739,83.39873282797635,58.607109531760216,73.86496568471193,41.34387778118253,48.64139360561967,44.87666104361415,33.15880188345909,30.181203769519925,26.588234819471836,30.311399864964187,26.855777364224195,0.0425000,0.0725000,0.0725000,0.2425000,0.2425000,0.2725000,0.2725000,0.3025000,0.3025000,0.3625000,0.3625000,0.4025000,-32.100086,-22.687531,-29.775778,-30.677835,-27.091543,-32.004593
0,-27.36466,0.7921875,13833.415252685547,2790.3633704185486,1422.729564666748,5559.688720703125,1255.136412024498,844.8908729553223,1558.6919165849686,1566.4486719369888,1308.525965332985,326.70832669734955,569.1137763261795,610.6344429254532,391.7706840634346,1173.1144211478531,294.59506222233176,213.69034110754728,222.25373753905296,293.68440119177103,95.16969700157642,84.1259895414114,91.39086052030325,75.41449971497059,96.98998589068651,79.28485246002674,92.21629020571709,88.69153433293104,275.57252502138726,108.20944721531123,92.11747872270644,56.78073602169752,86.3950294740498,57.21331885829568,49.054022900760174,49.03221382945776,33.1204562112689,21.14812454394996,32.47641994804144,28.32955787330866,33.757438858971,0.0425000,0.0725000,0.0725000,0.1625000,0.1625000,0.3425000,0.3425000,0.5125000,0.5125000,0.5525000,0.5525000,0.7525000,-35.996445,-24.100685,-24.861437,-23.98012,-30.363861,-24.885412
0,-25.660408,0.8710625,17121.67022705078,2536.9688878059387,1596.131507396698,4034.8678073883057,1405.4758612513542,954.0924000740051,1582.6311238110065,2314.2311675548553,646.5479200482368,526.8917989730835,357.3060818910599,656.5866927355528,296.95992517471313,795.4546516537666,284.4162158668041,202.6239646822214,124.16753613948822,232.5504786260426,181.07539127767086,130.0768793411553,110.72583276033401,82.67950411513448,78.72995880246162,48.040516920387745,58.72968638129532,53.535783832892776,226.9416012391448,90.54357235878706,106.71880113333464,39.874353151768446,76.64179324172437,54.088873874396086,41.10610444843769,53.31638406589627,32.98053764551878,25.724322233349085,25.53282442316413,27.01657669711858,28.688877617940307,0.0425000,0.0725000,0.0725000,0.1625000,0.1625000,0.3525000,0.3525000,0.4925000,0.4925000,0.6525000,0.6525000,0.7525000,-31.270197,-23.93005,-25.56394,-23.736206,-24.97773,-24.484325
0,-25.970835666666666,0.861125,13413.13394165039,4388.000330924988,1168.7776460647583,4616.003988265991,1659.0874446630478,945.1999802589417,1359.5273097753525,1888.9288800954819,510.7392473220825,360.92227071523666,714.681597828865,544.4969916790724,312.20488603413105,1070.0091284364462,330.73314429819584,199.01518262922764,104.74205340445042,216.02679451555014,114.7450904212892,108.90273679047823,102.63390752673149,87.39291431568563,103.8789641559124,51.26459752395749,41.53653923794627,61.05400399118662,225.4079488441348,101.54669768735766,71.60543757677078,44.86630446277559,63.57011649757624,48.471134131774306,35.07687508687377,44.316523376852274,26.11210175603628,21.13660154491663,26.467772285453975,20.41664602421224,21.8719386421144,0.0425000,0.0725000,0.0725000,0.1925000,0.1925000,0.3725000,0.3725000,0.5425000,0.5425000,0.7925000,0.7925000,0.8225000,-30.746592,-22.31354,-25.598177,-24.600611,-23.98984,-28.576254
0,-25.793075666666667,0.9085,15098.603454589844,3639.6662459373474,1326.969953417778,4366.460985183716,1704.8710670471191,916.815411567688,1612.9820811152458,2303.6361639499664,463.2653976678848,342.80435571074486,516.3388260602951,609.5859560668468,317.78980845212936,985.1623635366559,287.0547276586294,298.63027903437614,71.29611783102155,255.82063633203506,134.84415470063686,117.80286288261414,103.26017685979605,54.61199847608805,81.21016138792038,57.78563193231821,56.15750270243734,78.86156117357314,263.6119285747409,120.27943866327405,82.73571639508009,37.711475398391485,72.13990057073534,47.46473701111972,48.88620634004474,40.02880562841892,26.929655145388097,24.746076649054885,24.52618925832212,22.399508085101843,24.221213130280375,0.0425000,0.0725000,0.0725000,0.1425000,0.1425000,0.3425000,0.3425000,0.4925000,0.4925000,0.6925000,0.6925000,0.7225000,-31.54657,-21.986513,-25.499762,-23.693281,-23.602192,-28.430136
0,-26.081525166666665,1.03525,15341.801025390625,2035.5660951137543,1612.2881293296814,4555.3560247421265,1831.0423390865326,1007.6159768104553,1565.7601108551025,1980.7993338108063,723.9901595115662,718.677612900734,390.7335990667343,805.0776770114899,409.34068953990936,907.2534199729562,289.4853826761246,348.05890426039696,163.66943089663982,245.3017821237445,180.88775737211108,98.66777498275042,126.7774305101484,82.33950606361032,113.27981768548489,83.01006205752492,71.48502974957228,73.83593240939081,201.55557550489902,106.9055574759841,97.69906122982502,73.19110492430627,71.41942141205072,67.19821812212467,44.65229295939207,55.21508916839957,32.75803738459945,38.8880912149325,36.407452636398375,32.18340735696256,23.799831504002213,0.0525000,0.0825000,0.0825000,0.2925000,0.2925000,0.4125000,0.4125000,0.6425000,0.6425000,0.7525000,0.7525000,0.9125000,-29.594803,-22.953762,-29.853378,-21.725571,-26.544079,-25.817558
0,-25.209501,1.026,14918.954650878906,2825.4291138648987,1841.0704555511475,4999.817653656006,1441.4275243282318,971.2381203174591,1371.1392767727375,2100.1427228450775,907.923914194107,365.05947864055634,769.7443617582321,596.5722765773535,379.5370494425297,1229.3330922424793,289.22775633633137,364.52852664515376,163.34568178281188,174.89268142729998,132.1555272564292,116.24443231523037,104.01904693990946,146.72300609201193,95.52083087712526,97.77653425559402,63.138018395751715,68.1017110645771,314.32159923017025,129.96959730610251,101.97304591350257,64.41458288580179,89.03361489251256,41.13355696294457,39.20104747265577,46.961978908628225,38.74277728796005,28.62427245033905,35.355180379003286,29.427640726789832,23.184443982318044,0.0425000,0.0725000,0.0725000,0.2825000,0.2825000,0.4625000,0.4625000,0.6725000,0.6725000,0.7925000,0.7925000,0.9625000,-30.062973,-22.870613,-25.87966,-22.122746,-25.203094,-25.11792
0,-25.939335333333332,0.95325,16868.158172607422,2127.167323112488,1606.0708718299866,4800.121839523315,1764.0580759048462,900.5102179050446,1768.8857326507568,2342.2471323013306,753.4207516908646,472.292488694191,464.5503056049347,625.5119232833385,354.9040732383728,751.7069040238857,232.55454750359058,277.23671159893274,123.59457363188267,242.57520090788603,171.1094694957137,96.7019200399518,93.87605992518365,93.62256782501936,87.4060138836503,77.75348540395498,68.17710995674133,57.77394374459982,216.75807194411755,109.79379844665527,76.08607350289822,34.617805106565356,65.45063851866871,43.98000103235245,39.55378434434533,42.441996585577726,29.563873805105686,27.216853633522987,32.1775286346674,22.54806010564789,22.599941683001816,0.0425000,0.0725000,0.0725000,0.1825000,0.1825000,0.3425000,0.3425000,0.4925000,0.4925000,0.6525000,0.6525000,0.7925000,-31.278168,-24.027067,-28.189047,-23.107903,-24.185326,-24.848501
0,-25.129626333333334,0.984,12898.154907226562,2301.4554233551025,1849.3388509750366,4496.329788208008,1866.2933955192566,1440.7895072698593,1576.1459533572197,2111.6529552936554,753.3619885444641,525.5113528966904,779.7868592739105,361.7943136245012,418.30588495731354,895.0985118150711,298.9040902033448,212.2810126543045,163.35399222373962,267.5786967277527,132.66058889217675,144.06611261703074,102.0690975766629,68.33524457365274,123.22795506427065,85.12878054007888,59.22306243516505,60.77951192110777,231.35303351283073,122.89792259410024,85.09377381205559,58.90977618098259,75.42269041016698,58.02857703156769,50.79605454951525,41.28311804495752,23.237452754750848,33.47064976580441,26.409721098840237,24.34815955348313,32.674435997381806,0.0725000,0.1025000,0.1025000,0.2525000,0.2525000,0.4325000,0.4325000,0.6025000,0.6025000,0.6725000,0.6725000,0.8725000,-30.755442,-22.428743,-25.469032,-21.93689,-26.61384,-23.573811
0,-26.6830665,0.89,16636.019744873047,2568.6478424072266,1631.92245054245,4154.57345199585,1828.4997327327728,1003.760573387146,1185.0977238416672,2487.721214056015,1147.4279668331146,402.8004634678364,541.6041420698166,610.5461921840906,396.9419047832489,743.6094467639923,290.58987164497375,326.09527339041233,147.4372603520751,222.03027787804604,171.38355915993452,130.3395766802132,93.30483256652951,113.77797667682171,83.18534640967846,62.140796810388565,66.11070566624403,90.2158199120313,248.0255716741085,104.3656640574336,96.43977876752615,52.330568205565214,69.48844602052122,43.08685213327408,27.864784479141235,48.56056882813573,30.16206930950284,31.167617082595825,33.84490637853742,27.45382448285818,25.14150839857757,0.0425000,0.0725000,0.0725000,0.1925000,0.1925000,0.3825000,0.3825000,0.5425000,0.5425000,0.5925000,0.5925000,0.7925000,-31.871605,-24.233601,-25.982721,-24.529282,-28.336109,-25.145081
0,-25.124425333333335,1.05625,15371.423950195312,1940.7767415046692,1272.2403755187988,5674.566518783569,2225.458729028702,1137.8479486703873,1028.2981515228748,2440.8109288215637,1201.0273110866547,478.32108145952225,481.5560816526413,727.1452597081661,415.1966658383608,1251.4813146740198,280.9966811425984,319.06454388797283,150.94329769164324,247.57358668744564,147.74233435466886,118.04159279540181,109.21770027279854,102.4179169666022,91.52983470261097,98.60100966319442,67.85126966051757,81.9044965673238,340.14730850979686,134.1497342698276,94.85757590085268,49.48290938325226,84.62957843579352,52.91288845986128,42.807913502678275,43.327955320477486,25.524343606084585,27.523517633322626,35.38851482467726,27.18567018210888,27.081153571605682,0.0625000,0.0925000,0.0925000,0.2425000,0.2425000,0.4625000,0.4625000,0.5325000,0.5325000,0.7325000,0.7325000,0.9925000,-30.015207,-23.383152,-25.366852,-22.172537,-24.932831,-24.875973
0,-25.608602833333332,0.9065,15707.654907226562,2422.0295209884644,1382.722195148468,4634.703296661377,1829.4770008325577,703.8894584178925,1273.2605975270271,1531.00930082798,621.2081565856934,360.64059126377106,285.8334265947342,588.6947228908539,420.6811320781708,859.9046871066093,265.8251173198223,333.8948325663805,119.82096266373992,249.73428866267204,173.51703248545527,108.2626007925719,101.1916543673724,139.47181668877602,97.86636930331588,59.93398670852184,72.61730191856623,75.47210216522217,336.7256963700056,116.04220890626311,111.22927144914865,42.49247274175286,75.4964310657233,49.062752556055784,41.48815683461726,40.23410561447963,40.678523395210505,23.781935336068273,30.799162888899446,25.7824970446527,27.58511465229094,0.0425000,0.0725000,0.0725000,0.3125000,0.3125000,0.3425000,0.3425000,0.3725000,0.3725000,0.6525000,0.6525000,0.8125000,-29.584915,-21.943913,-27.337524,-24.478943,-24.917253,-25.389069
0,-29.404980833333333,0.8494375,29318.222747802734,3987.35870552063,2405.1434364318848,746.28007543087,1939.163541674614,1134.4665558338165,1331.97744679451,1842.2884026765823,1081.7256764173508,504.9566194117069,673.5526542663574,707.8670864105225,554.3644667863846,1014.2329022735357,265.6369488090277,205.24169997498393,96.79321719706059,218.91196274757385,113.06431399285793,114.65953312441707,101.796970596537,85.28963154554367,68.27653921023011,70.88102934136987,91.12259923666716,79.85620790719986,261.80164305865765,120.83297818899155,74.71446644887328,46.73241603001952,102.14054299890995,52.63362408801913,54.120613439008594,41.87009782716632,26.680277600884438,35.90534871863201,29.624026710167527,33.162625435739756,34.01052494905889,0.2725000,0.3025000,0.3025000,0.4125000,0.4125000,0.4425000,0.4425000,0.4725000,0.4725000,0.5425000,0.5425000,0.5725000,-28.305643,-23.139904,-30.508036,-33.076092,-28.88719,-32.51302
0,-24.8559065,0.835375,15890.910949707031,3478.9445486068726,1781.16836643219,5389.255929946899,1691.0254018306732,1253.0804179906845,1491.9502840042114,2960.046509742737,606.0908607244492,651.6816209554672,459.63592660427094,623.1514067053795,474.4271565079689,1114.8882757276297,340.68512013554573,302.260975420475,175.1037837266922,252.57818584889174,157.70341763831675,115.31102982535958,128.59953013062477,115.360793992877,63.63007165491581,65.36710749939084,65.94588842988014,76.77301672846079,269.1350523531437,132.9807059559971,75.31813692674041,47.64808142185211,83.08927401900291,46.373698119074106,42.08210097998381,45.85989660024643,29.20262525556609,22.279403287917376,25.51408221712336,26.25524597801268,29.6442559491843,0.1125000,0.3225000,0.3225000,0.4025000,0.4025000,0.6025000,0.6025000,0.6325000,0.6325000,0.7325000,0.7325000,0.7925000,-25.776052,-23.49324,-25.374538,-25.082031,-21.46809,-27.941488
0,-25.8983915,0.8199375,12685.842041015625,2587.455931663513,1224.760488986969,4856.536659240723,1171.9111123085022,832.9941217899323,1476.1943636536598,1072.1092700958252,461.6425564289093,915.533000856638,873.2034919261932,608.7240344882011,539.1334844231606,1270.5658310204744,325.00849199295044,290.33565740287304,152.36943646520376,302.8785414919257,118.84501387923956,129.77679361402988,113.56727751903236,71.82728282921016,108.45646348968148,55.07323736324906,75.21250872313976,75.207316018641,269.0880327671766,72.39331384375691,100.2834628149867,58.525751465931535,66.6065921112895,47.561515133827925,43.51194812729955,35.366215858608484,30.91795689612627,26.067548863589764,32.29900560993701,31.50984996976331,24.01708720251918,0.0425000,0.0725000,0.0725000,0.1525000,0.1525000,0.3225000,0.3225000,0.4725000,0.4725000,0.5625000,0.5625000,0.7825000,-29.973021,-25.519974,-26.957035,-23.198408,-25.945597,-23.796314
0,-25.772222833333334,0.8760625,17419.90509033203,2458.1700687408447,703.845447063446,6049.008935928345,2473.14816737175,983.2577873468399,1617.060532450676,1152.3316979408264,568.5248106122017,456.9818459749222,597.5511350631714,675.7070111632347,876.545173406601,878.6589841991663,274.84746891260147,361.14257565140724,223.99767965078354,276.6831701695919,188.95971574634314,165.17289231717587,121.49117004871368,116.96688986942172,102.42368692532182,82.14641219750047,67.38905823603272,80.86895366571844,278.89449994266033,127.95397102832794,120.35986372083426,63.736929854378104,105.81352502293885,59.41779861971736,70.7377283219248,43.313351606950164,44.470302011817694,32.9484078399837,39.53703702241182,27.781767174601555,44.203287817537785,0.0425000,0.0725000,0.0725000,0.2625000,0.2625000,0.2925000,0.2925000,0.4825000,0.4825000,0.6325000,0.6325000,0.8025000,-31.322363,-21.526346,-29.75358,-22.883339,-25.052523,-24.095186
0,-24.204842,0.714,11691.284942626953,3092.190989971161,1458.0396592617035,4890.162240982056,1741.498002409935,958.1939723491669,1147.4367917776108,2265.414097070694,590.05260014534,394.74796295166016,614.0618574619293,491.8387941420078,323.2383162975311,1214.442814141512,286.27698393166065,245.5929043442011,142.28247072547674,248.74387430027127,79.59894909337163,107.09108933061361,123.26814069971442,117.92396247386932,101.05611898377538,78.40517617017031,98.2895673182793,65.73607809096575,291.1202778965235,118.94429817050695,86.73569109290838,51.39457527548075,92.7850206810981,50.46801197901368,41.860381222330034,33.87798308767378,36.329065430909395,19.70489402115345,34.542192079126835,25.895657246932387,36.02810677117668,0.0525000,0.1025000,0.1025000,0.2425000,0.2425000,0.4425000,0.4425000,0.4725000,0.4725000,0.5625000,0.5625000,0.6325000,-27.222513,-22.120508,-24.407938,-25.533365,-21.369289,-24.575439
0,-26.528228833333333,0.89575,13024.683990478516,3420.7824783325195,1248.484308719635,3996.335443496704,954.5406200885773,1144.2507519721985,1237.7863259613514,1281.424687385559,693.5365405082703,601.4998691082001,607.4701564311981,595.4254332780838,458.3412321805954,1365.0418569296598,324.1834225356579,258.99404398724437,174.2775239329785,207.80995889753103,158.26044208928943,115.74583256989717,119.16174779087305,93.17637864127755,101.77231427282095,57.16246697399765,109.3056515455246,77.81314831972122,300.1750183701515,87.11210818216205,113.8719652891159,55.55196651816368,92.16217046044767,51.06442750059068,38.588246043771505,41.767462810501456,29.52463032118976,30.806183392181993,34.52462156256661,28.856705323792994,18.845359783619642,0.0425000,0.0725000,0.0725000,0.1625000,0.1625000,0.3625000,0.3625000,0.5225000,0.5225000,0.6325000,0.6325000,0.8325000,-31.179314,-25.201149,-27.921307,-24.276588,-26.025414,-24.565601
0,-25.8615525,0.9915625,13784.77310180664,3458.6921405792236,1598.244831085205,4227.695139884949,2307.9327459335327,874.0950503349304,1181.05606508255,2297.696921825409,647.7288182973862,814.1431515216827,584.8921130895615,503.1397933959961,714.7341250181198,945.3762308508158,382.9302027374506,227.46297915279865,223.64575496688485,245.99507949501276,144.48418852314353,93.15366044640541,150.6334668211639,76.48011389560997,120.7635772973299,89.42015277966857,81.14707796182483,89.58539272472262,198.90693629533052,90.96172882989049,101.7700272500515,51.28984799608588,72.46740996558219,48.90856621041894,34.83493304811418,48.42402858287096,33.86712674051523,34.663688213564456,29.624820796772838,24.291005607694387,25.455028876662254,0.0525000,0.0825000,0.0825000,0.2425000,0.2425000,0.3925000,0.3925000,0.5525000,0.5525000,0.7125000,0.7125000,0.8725000,-29.535812,-22.168722,-29.011629,-24.190655,-25.848686,-24.413811
0,-25.739528166666666,1.0153125,11822.945709228516,3000.035777568817,2035.4699382781982,4853.332765579224,2349.237310409546,1097.6303248405457,2203.454460144043,2017.449786901474,599.2602570056915,355.0319384634495,444.01849591732025,845.1485489010811,292.22074341773987,1093.2667527794838,264.7070719823241,355.49775835871696,138.17749171704054,260.28456737473607,103.7499989271164,96.87492126785219,111.67935267090797,147.9010586887598,50.40582138299942,82.876878708601,71.73093707859516,64.61309514380991,299.75620670150965,134.56210646778345,107.55968851596117,50.270771473646164,92.56754034757614,43.504882922396064,41.40127167571336,47.73681421391666,35.434529362712055,20.569098555482924,30.319529308006167,27.792364867404103,33.21314857900143,0.0425000,0.1925000,0.1925000,0.2525000,0.2525000,0.4925000,0.4925000,0.6025000,0.6025000,0.8825000,0.8825000,0.9325000,-26.219814,-24.275217,-25.264578,-25.579668,-24.266788,-28.831104
0,-26.050359333333333,0.846375,12837.475769042969,2850.1646242141724,1674.9819297790527,6082.178541183472,1486.9097739458084,823.0944601297379,1059.2970751821995,1077.1925191879272,796.9618628025055,654.8576970696449,630.6710737943649,507.8800563812256,768.6968740224838,1289.1026924103498,325.32719998061657,286.7041231840849,169.27553844451904,302.5490506142378,187.26628260686994,134.5176788419485,127.34334918856621,72.30015788972378,133.69167037308216,37.275177866220474,107.85734511911869,72.32437824085355,264.8561407327652,112.90861220657825,129.95354496315122,48.89095998555422,86.01415232848376,53.38876477256417,41.54228778555989,41.20087107643485,27.039144517853856,28.800447206944227,34.69224163796753,33.470629677176476,22.96460798755288,0.0525000,0.0825000,0.0825000,0.2825000,0.2825000,0.3125000,0.3125000,0.4925000,0.4925000,0.6425000,0.6425000,0.8025000,-30.063263,-23.778475,-29.234762,-24.011684,-24.30406,-24.909912
0,-27.089022333333332,0.838,14169.923095703125,3292.626925468445,1625.7447135448456,4198.354713439941,1730.2611484527588,817.0029592514038,576.1134085655212,1138.9086269140244,880.0510725975037,769.1003302335739,733.5577204227448,679.8937596082687,747.606814622879,1318.348214916885,310.0367579460144,281.60689525306225,145.7122387588024,284.94378669932485,103.3439100831747,114.75311332941055,122.39391795545816,89.9269703887403,78.0845411196351,88.03036722168326,89.497733021155,84.22502662055194,266.619235701859,120.78895849362016,105.74669624119997,58.409131698310375,95.64091145433486,50.12197105772793,43.92636928521097,45.034507017582655,38.748847629874945,20.92677364498377,28.620972154662013,32.32475688494742,26.904845342040062,0.0425000,0.0725000,0.0725000,0.2225000,0.2225000,0.2525000,0.2525000,0.2825000,0.2825000,0.6225000,0.6225000,0.8025000,-31.947851,-22.658369,-28.71871,-30.863485,-21.720366,-26.625353
0,-26.244193333333335,1.066,13462.636047363281,3637.5409185886383,1609.969467163086,3908.5438833236694,2013.1687088012695,1376.205395936966,2000.7447781562805,2358.103155851364,894.8766255378723,722.0642443597317,353.96761351823807,824.9112876057625,615.1815318465233,879.1333509087563,320.5466750860214,233.4814200103283,138.6119949668646,313.1527340449393,182.28794547729194,97.90668451040983,125.16834961622953,115.1670236773789,95.91056559607387,75.22985209152102,79.79811116680503,88.07202196121216,261.5666949003935,129.59821983799338,117.35771020501852,53.9448342975229,88.99431003257632,53.903097316622734,47.155054464936256,45.80789762735367,35.86839012708515,28.290348862763494,29.106365345884115,21.89127794560045,27.276415521278977,0.0425000,0.0725000,0.0725000,0.2125000,0.2125000,0.4325000,0.4325000,0.6425000,0.6425000,0.7625000,0.7625000,0.9325000,-34.743275,-24.925228,-26.161304,-22.486618,-23.63143,-25.517305
0,-27.2445065,0.794,12446.783630371094,2365.6981778144836,927.3109350204468,5593.233094215393,1510.4442627429962,633.7325721979141,1232.854618549347,1300.8967272043228,714.8579302430153,1102.7926315069199,780.470040678978,873.8295043706894,396.39443349838257,1311.5406604409218,261.42431116104126,269.1517626941204,200.57405719161034,245.54286821186543,133.33411357551813,101.5596658308059,96.7442537099123,55.08585049957037,185.7578638587147,52.75252019613981,83.49915650486946,78.12623571418226,219.1417734771967,88.2436050530523,99.6007443740964,66.87003671005368,60.70214440114796,46.306733932346106,38.82233864720911,50.90923513844609,27.122099365573376,34.59340137988329,33.3920978512615,32.974478363990784,23.85236106812954,0.0525000,0.0825000,0.0825000,0.2225000,0.2225000,0.3525000,0.3525000,0.5025000,0.5025000,0.5925000,0.5925000,0.7525000,-29.938059,-24.537996,-30.689627,-27.505131,-27.144096,-23.65213
0,-25.21703966666667,0.9745625,14402.202178955078,3249.9082069396973,2843.141779899597,4369.256420135498,2026.7130398750305,1761.7950901985168,2885.95507144928,1862.398687362671,508.0108470916748,519.9594631195068,325.68752896785736,1115.8848431706429,375.5846860408783,681.5029619932175,312.680650498718,257.7215375006199,88.40012888982892,251.28001788631082,132.87907698005438,72.7150928042829,113.52582370303571,98.66128279268742,76.25122636556625,66.47321151196957,71.08731323480606,59.763775173574686,260.45141522586346,109.79715261608362,89.79057290405035,39.556851379573345,84.04809308424592,46.42369807511568,41.81611704826355,52.92023874074221,32.98519377410412,26.066054387018085,25.405807338422164,24.75765037536621,25.902912940829992,0.0625000,0.0925000,0.0925000,0.1225000,0.1225000,0.3425000,0.3425000,0.5425000,0.5425000,0.7825000,0.7825000,0.8625000,-27.031733,-26.966574,-25.99473,-21.869671,-23.223282,-26.216248
0,-25.5672255,0.8319375,12026.815612792969,2130.5656657218933,1401.4887245893478,5557.25109577179,1191.8444147109985,1007.9960962533951,985.8142011165619,1188.0491222143173,854.8132133483887,829.3136084973812,710.0588715672493,851.8079329282045,628.6839506626129,1269.6810182332993,338.091244995594,203.57477980852127,179.39027723670006,296.2565339207649,112.16586424037814,111.96385585516691,85.56030449271202,77.93006390333176,136.76156570017338,67.94010676443577,107.06074532866478,75.41140285134315,270.8360829949379,83.17271558567882,111.29576542414725,65.40812309458852,74.56304017268121,38.694265683181584,31.39856747724116,45.24689333513379,29.15060606971383,33.62314050272107,31.129966230131686,33.58621460199356,21.62735628336668,0.0425000,0.0725000,0.0725000,0.2025000,0.2025000,0.4025000,0.4025000,0.5325000,0.5325000,0.6625000,0.6625000,0.7925000,-29.057915,-23.904308,-28.57119,-23.355835,-24.436787,-24.077318
0,-25.62204,0.5915,13350.524597167969,2877.8960704803467,1613.1569862365723,3970.946957588196,1693.4543458223343,1112.1868662834167,862.0371301174164,3074.5144023895264,761.2836385369301,341.86246874928474,423.0831083059311,392.38218569755554,316.30091363191605,1345.7322607636452,487.65244223177433,213.3487079013139,128.64732858538628,309.7958672940731,89.15055350959301,148.74525882303715,109.7228203304112,95.24090765044093,113.678974583745,103.1764076501131,110.15755312144756,95.36318238824606,275.9111644998193,132.7034676745534,79.92586205713451,54.30478156730533,90.37959986552596,42.18638018146157,33.893166184425354,48.14608217775822,31.314644605852664,23.432826017960906,32.94515842711553,33.910034192726016,27.178427622653544,0.0525000,0.0825000,0.0825000,0.1925000,0.1925000,0.3925000,0.3925000,0.4525000,0.4525000,0.4825000,0.4825000,0.5425000,-30.146637,-24.050318,-24.987719,-23.833048,-25.509562,-25.204956
0,-26.246011,0.889625,13269.557037353516,1928.400640964508,1641.825023174286,6724.043661117554,1705.6635255813599,907.669163942337,1672.7324166297913,1189.0387835502625,698.1213186383247,1192.3810673952103,668.4028038978577,732.1292114704847,1002.417687535286,1239.2514812648296,345.3630927838385,265.2909611016512,163.6047481149435,345.70603612065315,154.77883251011372,84.79018338024616,118.45720007270575,94.41866153106093,182.5320784188807,58.65207816287875,70.45875300094485,96.49479983001947,292.85805985331535,91.7544027864933,101.19172844849527,58.35926570929587,88.05784405395389,41.80351243913174,43.88050851598382,45.917778700590134,37.35874914191663,34.45282065868378,30.777005250565708,31.057558562606573,24.3537061996758,0.0425000,0.0725000,0.0725000,0.2425000,0.2425000,0.3625000,0.3625000,0.5525000,0.5525000,0.6825000,0.6825000,0.8525000,-29.699526,-24.192656,-31.936331,-22.355906,-24.924496,-24.367151
0,-26.059234666666665,0.8801875,16776.26123046875,2918.06795501709,1466.2852544784546,3423.307664871216,1143.3422204256058,1227.913985967636,1183.597246170044,2636.6136178970337,881.0963460206985,366.03960859775543,551.486953496933,697.0465354472399,448.6805012226105,916.4318089522421,313.0126100629568,187.8710137233138,139.08697417378426,232.15217543765903,183.20639581698924,116.39379098266363,120.85514663159847,51.85636404901743,70.19191701710224,60.33042577654123,87.54006761312485,83.96867563575506,273.1885185688734,117.70380502566695,105.00480423122644,50.298749800771475,74.34275896847248,50.668623346835375,46.33757572993636,45.62095122039318,20.822285743430257,22.079883385449648,30.05711413733661,29.764720084145665,32.38473848812282,0.1325000,0.3125000,0.3125000,0.3525000,0.3525000,0.5425000,0.5425000,0.5825000,0.5825000,0.6125000,0.6125000,0.6925000,-27.206242,-27.621536,-24.381903,-24.970764,-25.466146,-26.708817
0,-25.496115833333334,0.668,14207.677825927734,2738.480173110962,1973.7160634994507,3667.6839542388916,1519.9171226024628,854.4555847644806,612.6395218074322,2745.9031524658203,917.7021656036377,407.9834475517273,662.202828168869,526.7626650929451,346.5169388651848,1188.6394601166248,384.3073718547821,222.05802373588085,157.71927450597286,261.32653096318245,136.41433043777943,99.20170083642006,118.94940994866192,79.66742518916726,93.8332609385252,77.23118839412928,79.26983979344368,76.635417426005,332.1374805569649,99.42069409228861,81.16985348332673,52.366478712297976,78.43813308142126,47.80981009453535,43.01056209951639,45.70569513551891,26.170886361505836,25.74944207817316,39.03492345381528,27.058036361820996,28.796942749992013,0.0425000,0.0725000,0.0725000,0.2425000,0.2425000,0.4425000,0.4425000,0.4925000,0.4925000,0.5625000,0.5625000,0.6325000,-32.260178,-22.476749,-25.224079,-24.380713,-23.939768,-24.695208
1,-27.8409035,0.6705,25815.733428955078,3701.2902340888977,1907.3206005096436,590.7396926879883,1779.0011211633682,1797.9694328308105,968.3480448722839,605.6610848903656,912.2677705287933,517.7343384623528,464.94808226823807,634.283110499382,336.86412355303764,722.5950662344694,326.87320229411125,312.0018482878804,112.87032549083233,293.74358962476254,139.12125504761934,69.99119529500604,127.04930888488889,52.32317940145731,65.24961914867163,47.6793744340539,96.5001798979938,59.144037745893,213.98627088963985,118.23256823420525,79.21846625581384,43.27710058912635,66.93304583057761,41.104828387498856,32.46149497106671,54.60870664194226,24.245714634656906,36.224557530134916,29.161838138476014,38.85577525012195,23.13217600248754,0.0925000,0.1925000,0.1925000,0.2225000,0.2225000,0.2625000,0.2625000,0.3425000,0.3425000,0.4425000,0.4425000,0.5725000,-27.763729,-29.456268,-29.167953,-27.269936,-25.034668,-28.352867
1,-27.277619666666666,0.636375,18208.80694580078,6363.7020654678345,2566.9938650131226,1731.6542874574661,2266.9656176567078,754.4336684942245,1318.6013180017471,756.0250751972198,633.1071527004242,572.7981303930283,518.9042935371399,586.1254260540009,346.6441816687584,996.3952643722296,393.76765064895153,311.7587113529444,324.14799851179123,244.86946827173233,168.56764079630375,125.77445935457945,131.55096764862537,63.834417045116425,116.61636880040169,57.16759846359491,83.9014352094382,79.52590187638998,223.77519431710243,114.59571339190006,95.58037127926946,98.07212422415614,78.14261970669031,69.98668510094285,44.59542549774051,43.82967246696353,39.751938465982676,34.38942689448595,24.902541464194655,38.70221558585763,28.070479575544596,0.0425000,0.0725000,0.0725000,0.1325000,0.1325000,0.2625000,0.2625000,0.3625000,0.3625000,0.4625000,0.4625000,0.6025000,-31.349314,-24.493849,-29.537233,-27.223614,-25.071081,-25.990627
1,-25.732992,0.8870625,16058.894805908203,2620.642394542694,2013.4284706115723,4704.063405990601,1827.373973250389,1400.679178237915,1643.2052240371704,1962.1321147680283,563.6579407453537,481.9878760278225,441.02019119262695,513.111344948411,316.51068490743637,1198.804951891303,263.86848086863756,287.89395551756024,82.45341846346855,255.9814775697887,94.83524948731065,135.81331378221512,120.46467535570264,106.86149448156357,101.16688461229205,72.89440210536122,78.44104987382889,85.58933792635798,320.40501292049885,114.21517184749246,94.53210609033704,44.262662559747696,83.73354783654213,45.29133537039161,45.821278335526586,45.19043490104377,34.90763221681118,25.326968850567937,36.866581002250314,30.194643064402044,31.432749720290303,0.0425000,0.0725000,0.0725000,0.1625000,0.1625000,0.3525000,0.3525000,0.5125000,0.5125000,0.7825000,0.7825000,0.8225000,-31.624399,-21.686293,-24.556992,-22.966629,-22.884562,-30.679077
1,-27.103656166666667,0.856625,14017.040344238281,2021.2604730129242,1516.6913299560547,3838.7390727996826,1575.5202822685242,779.262699842453,1392.5763504207134,1551.7654144763947,344.16231524944305,323.8752884864807,303.53965735435486,492.28187127411366,375.46892964839935,874.0024320632219,301.3644694238901,221.43742413818836,103.32038757577538,213.36239476501942,85.53501526266336,113.68530450761318,84.27421132847667,64.93764407932758,87.63619264960289,56.04714883118868,36.18771951273084,60.23113130033016,238.30276411026716,86.19437797367573,89.39831057935953,50.338794669136405,75.12231183052063,50.916657731402665,33.81366333650658,37.42051848769188,25.11770287156105,28.25157476402819,25.872476056218147,24.310845988802612,24.773483408614993,0.0525000,0.0825000,0.0825000,0.1625000,0.1625000,0.3525000,0.3525000,0.4625000,0.4625000,0.5725000,0.5725000,0.6725000,-32.659821,-24.791939,-27.38101,-24.605013,-28.415039,-24.769115
1,-26.5334375,0.9154375,12665.530700683594,2638.633943080902,994.3754633665085,4417.77449798584,1291.3146315813065,1094.112627506256,1479.030397862196,1496.186947464943,472.0443263053894,525.5545369386673,540.1987838745117,619.3286460042,603.3347585201263,853.7895850092173,312.64717945829034,257.7376637607813,225.59126018732786,243.98325928673148,173.87255649268627,105.02115180715919,100.11588701605797,119.26022259145975,87.27588486671448,96.4516818113625,95.13370495289564,96.74578776955605,313.0419052541256,82.79712577722967,89.4681695215404,69.5444853194058,94.99561909399927,42.734308768063784,41.37664222344756,49.50317550357431,49.06287617050111,24.744482742622495,38.262032901868224,30.10061245970428,26.36517544835806,0.0425000,0.0725000,0.0725000,0.1525000,0.1525000,0.3425000,0.3425000,0.4925000,0.4925000,0.6525000,0.6525000,0.8325000,-31.193193,-25.938755,-27.170715,-22.505476,-24.892494,-27.499992
1,-26.839063666666668,0.807625,13380.356842041016,2254.261306285858,1526.2448081970215,4226.496905326843,1949.6787836551666,855.8180232048035,1091.431388914585,1243.0753724575043,670.4042106866837,509.32003223896027,365.0258070230484,672.2614212036133,377.4831737279892,1198.7544885650277,286.5045849084854,297.0115936100483,127.85863956809044,265.0032233148813,117.37019100785255,105.95343585591763,102.89619401842356,138.94206199981272,137.19793862104416,96.03770953416824,46.41806133836508,79.61887203156948,310.42690086364746,89.04673206806183,85.18392562121153,49.58824148029089,79.60790758673102,45.40504481270909,38.39923669397831,47.716496327891946,42.762622218579054,33.042315505445,24.2929497519508,23.788572407327592,23.11074285954237,0.0425000,0.0725000,0.0725000,0.1825000,0.1825000,0.3425000,0.3425000,0.5025000,0.5025000,0.5925000,0.5925000,0.7325000,-31.451645,-25.84832,-26.599464,-21.771736,-26.536852,-28.826365
1,-26.07434466666667,0.8299375,10231.893157958984,2684.3651843070984,577.9640102386475,5590.993114471436,1728.1127913594246,885.5696361064911,1044.5278288125992,1477.8687726259232,624.3355238437653,970.7926219701767,684.2843927145004,412.74851644039154,367.2139208316803,1273.8913421928883,300.0943417698145,236.9282450824976,196.9214180484414,304.40724375844,162.376757286489,111.09382730722427,120.07513357698917,65.77290664613247,137.36931482329965,55.794375425204635,70.7752394080162,59.21690212190151,258.916439473629,106.55938217975199,88.27974312752485,43.12044298648834,101.22769212722778,50.59657474607229,40.59463309124112,51.04230681434274,26.85854925774038,41.744729440659285,38.43996062129736,32.09476529434323,22.455538290552795,0.0525000,0.0825000,0.0825000,0.1825000,0.1825000,0.3925000,0.3925000,0.5125000,0.5125000,0.6425000,0.6425000,0.7825000,-29.313864,-24.211979,-25.657755,-24.242773,-27.36146,-25.658237
1,-26.0818175,0.99,14763.126831054688,2259.821520805359,1514.9191932678223,3120.2950530052185,1981.122976899147,1018.4421430826187,1440.5883033573627,1775.4095661640167,552.5661995410919,366.9083173274994,467.5688327550888,621.748215675354,457.7875664830208,806.1501055806875,356.9451798647642,256.0144621282816,164.4012157469988,252.0588195025921,199.31786765158176,137.7188857253641,101.98453546967357,75.58048122376204,94.91070540621877,74.6146440282464,71.58972977660596,73.61191230267286,211.15753688663244,104.09002218768,106.40976418554783,62.827192191034555,90.85239008441567,56.53715073317289,41.96658296510577,48.6666271565482,22.601855357177556,27.674332885071635,26.42961348965764,27.29389687348157,33.39944637566805,0.0425000,0.0725000,0.0725000,0.1825000,0.1825000,0.3625000,0.3625000,0.5225000,0.5225000,0.6525000,0.6525000,0.8425000,-31.508255,-24.574989,-25.243835,-21.33503,-25.005323,-28.823473
1,-25.876935166666666,0.8265625,11117.214172363281,2570.2934708595276,1139.87801399827,6095.061670303345,1345.3343175649643,1280.5121185779572,924.6927647590637,1169.3276619911194,718.6427771449089,759.593799829483,491.964079618454,773.4916245937347,582.5407754182816,1259.82084389776,326.79384066164494,172.78337797522545,205.77238344959915,306.8046363443136,121.74804150685668,82.79421360045671,98.89027728140354,63.47735296189785,132.36898444965482,50.575836431235075,75.29345151409507,69.26431220024824,269.86933433264494,78.81506711244583,89.71988070197403,73.76806715736166,78.43007798865438,43.85962062701583,44.901325423270464,47.313994862139225,24.11884094402194,30.322066482156515,27.88526890333742,31.86891413666308,29.594232937321067,0.0425000,0.0725000,0.0725000,0.1625000,0.1625000,0.3625000,0.3625000,0.5125000,0.5125000,0.6425000,0.6425000,0.7925000,-30.725996,-24.088219,-26.594986,-22.38599,-27.72831,-23.73811
1,-25.9313575,0.993,15678.331939697266,2210.5188274383545,1316.5536246299744,3693.3453512191772,1455.7151556015015,811.3311457633972,766.7664618492126,1648.2185584306717,830.6184892058372,374.7620574235916,611.2717096805573,562.9009888768196,325.05184984207153,804.1896748542786,303.97070859372616,328.7705402597785,168.21897380053997,224.06840223819017,203.72936237230897,146.3727072943002,92.61856104619801,124.36890134960413,94.2485659532249,77.67654133029282,74.77528624236584,71.85647304914892,201.95388646423817,124.70909421611577,93.30918590724468,50.9580727443099,80.83484502974898,57.94868042320013,51.39883145317435,41.72789999842644,33.84603628329933,28.43902556411922,42.601915111765265,34.04529331624508,26.255856717005372,0.0425000,0.0725000,0.0725000,0.2125000,0.2125000,0.3925000,0.3925000,0.5825000,0.5825000,0.7025000,0.7025000,0.8925000,-31.196207,-23.990656,-26.740669,-22.586411,-26.707907,-24.366295
1,-26.288146,0.93275,13451.691467285156,1725.5274963378906,2678.186101078987,4598.701194763184,2060.977581381798,832.0472106933594,809.6638172864914,1968.3561792373657,1132.0157849788666,507.59727871418,469.2796287536621,544.3858370184898,803.5868537425995,1199.938483953476,265.956680983305,219.0031874626875,103.27913718670607,268.46703094244003,117.41941074281931,107.80985717847943,114.1722854822874,106.09723531454802,86.08246895670891,44.95374981686473,42.86362518556416,53.63368134200573,335.9073089957237,98.96794682741165,80.34288200736046,44.365755250677466,75.73001812025905,51.82570839673281,42.00102162361145,49.047101855278015,37.59360939078033,32.95293116569519,22.155690390616655,24.825540617108345,23.297010051086545,0.0625000,0.0925000,0.0925000,0.2225000,0.2225000,0.4225000,0.4225000,0.6025000,0.6025000,0.7425000,0.7425000,0.8925000,-31.255875,-24.842407,-25.901657,-23.958523,-26.817339,-24.953075
1,-25.439683666666667,0.9955,15402.527557373047,2787.593171596527,1550.8284814357758,4573.910617828369,1733.3346923589706,880.809660077095,925.216899394989,1657.4241865873337,805.8038612604141,625.4940593540668,302.35809433460236,414.18459148705006,225.5043147802353,768.8563549220562,272.49020656198263,281.86382595449686,94.84118548035622,239.48090848699212,154.51244825404137,113.10467118397355,84.37184004113078,117.03717374056578,63.78789568319917,52.36107588559389,53.462596863508224,52.697357039898634,220.92856024950743,106.90694043785334,83.80208889394999,37.45646774210036,86.73490628506988,48.70879900828004,46.50661550555378,45.56208088994026,24.698933387175202,24.74883444979787,28.62482944969088,21.561922950670123,23.063431730493903,0.0425000,0.0725000,0.0725000,0.1725000,0.1725000,0.3825000,0.3825000,0.5325000,0.5325000,0.6825000,0.6825000,0.8725000,-30.554762,-22.538828,-24.557728,-24.097111,-25.416504,-25.473169
1,-25.1075375,1.038875,14330.425170898438,2741.404278278351,1429.1010103225708,4039.242862701416,1772.8877474069595,840.2009243965149,1645.9241686463356,1438.4762754440308,559.3528625965118,395.1156927347183,366.21341609954834,743.2540119886398,330.12088721990585,893.4248668551445,322.927543386817,220.58830743655562,109.69826131872833,214.5009684935212,142.96942580491304,111.90305181406438,91.87142997980118,60.24319400638342,98.3499432131648,79.56599958240986,58.351806838065386,72.24655675888062,236.8196515403688,88.75909713096917,78.62528494000435,47.52128810994327,70.22893838398159,48.81643646582961,35.23691201210022,43.627625869587064,23.871965441852808,25.04244771413505,33.437868451699615,26.418957732617855,22.51386769581586,0.0425000,0.0725000,0.0725000,0.2025000,0.2025000,0.3725000,0.3725000,0.5225000,0.5225000,0.6325000,0.6325000,0.7325000,-30.126053,-21.82736,-25.465755,-22.729916,-26.14138,-24.354761
1,-26.922359166666666,0.91225,12450.339721679688,3178.8048849105835,1298.982587337494,5670.125127792358,1918.1831481456757,1000.6969072818756,1346.5728866159916,2129.458431959152,594.6029986143112,342.8489853143692,284.40131920576096,398.30865824222565,567.8730474710464,1023.4386097863317,288.6449917592108,254.07316824421287,129.32121431827545,200.41632497310638,97.90717351809144,95.71031244844198,109.8197160847485,69.16938022896647,57.26377712376416,78.00824199989438,50.230069395154715,45.249098315835,276.34603057894856,93.61659074574709,89.28811046853662,33.94377673976123,72.96672220062464,50.22379423305392,41.3449599519372,40.955954836681485,21.269839108921587,26.67729996982962,25.004121892154217,29.02581781987101,19.668759740889072,0.0725000,0.1025000,0.1025000,0.2025000,0.2025000,0.4025000,0.4025000,0.5425000,0.5425000,0.6725000,0.6725000,0.7025000,-29.888443,-24.54427,-26.965517,-23.559275,-29.913198,-26.663452
1,-24.504777666666666,0.77775,15604.07373046875,2520.310118198395,1112.8595113754272,3579.745542526245,1982.6100531220436,948.1507914066315,1018.7387335002422,2027.5216119289398,759.0412352085114,479.34763300418854,433.3381643295288,421.32249450683594,332.8853896856308,835.1493165306747,275.7467779442668,339.17093378305435,123.97197772562504,271.0872041322291,157.34455108642578,125.57587706297636,112.5902845710516,74.1367237046361,103.10190558061004,50.0353695480153,54.725295746698976,77.27694661915302,228.41603854298592,88.05634398758411,73.7508937716484,32.825974971055984,71.90359821077436,57.19710190221667,37.24108047410846,48.47165620326996,36.602345736697316,37.195922868326306,30.75491357780993,23.180819181725383,29.292971894145012,0.0425000,0.0725000,0.0725000,0.1525000,0.1525000,0.3125000,0.3125000,0.4225000,0.4225000,0.5125000,0.5125000,0.6525000,-29.899111,-22.171265,-24.87623,-22.028654,-23.714146,-24.33926
1,-26.809706833333333,0.865,12756.313598632812,2668.5439863204956,1276.7181158065796,3189.2692546844482,2187.222873687744,1035.5206780433655,1435.425457417965,1245.131575345993,714.0103150606155,703.246691942215,373.03150820732117,557.7751592993736,333.8041074126959,886.7420661151409,353.9891802147031,285.3950477838516,109.80067708343267,203.95870465040207,87.28043373301625,121.49520669505,119.11417044512928,87.6568776331842,101.64754501543939,79.54189906269312,64.50687739998102,73.07232029922307,226.34287576191127,101.42639219015837,83.00857147574425,45.34900734946132,64.55153960548341,37.86311526969075,48.206456208601594,40.534146413207054,31.6466359696351,26.50931381061673,34.332859890535474,31.00474578142166,24.481036416254938,0.0425000,0.0725000,0.0725000,0.1725000,0.1725000,0.3525000,0.3525000,0.5225000,0.5225000,0.6225000,0.6225000,0.6825000,-31.474922,-22.076445,-25.750891,-28.167717,-28.442322,-24.945944
1,-28.455461666666665,0.834125,33040.65280151367,2799.904844522476,2098.6262741088867,1373.2208213806152,1912.1478139162064,801.8024837970734,1175.4918057918549,1664.5412757396698,1112.6371290683746,648.1997006237507,1054.0884915590286,856.4427372664213,1251.0272357463837,891.5265534669161,231.7439811974764,281.31124348938465,127.3095990344882,289.32488563656807,121.30916041880846,94.37139534205198,131.22520706616342,98.4391127564013,89.24485237151384,76.92832969129086,93.87834776937962,54.97611681371927,264.6775409951806,91.05793914943933,86.36887758225203,45.45599814504385,81.719707287848,47.50294832140207,39.3115327982232,52.80367901735008,18.426415506750345,35.7628706432879,29.248236807063222,25.483800074085593,21.831024347804487,0.0425000,0.0725000,0.0725000,0.1025000,0.1025000,0.1325000,0.1325000,0.1625000,0.1625000,0.1925000,0.1925000,0.2225000,-30.996614,-23.315796,-31.127584,-25.216482,-30.460104,-29.61619
1,-25.511993,0.984,14250.934356689453,1824.1111989021301,860.2078473567963,6412.033420562744,2067.1985273361206,889.0946187973022,1015.749940007925,1409.101737856865,744.7018919587135,500.022588968277,433.51414477825165,846.0640553236008,701.2348613739014,1252.1622290313244,290.135419908911,257.5141282081604,133.40587103366852,293.8349867872894,135.3404666762799,124.80323714390397,148.62930404394865,97.70972173660994,79.85059384256601,103.18873232230544,74.34257951378822,104.7852140404284,305.9165052548051,111.54995311796665,90.85322738066316,53.01428074389696,77.23149756342173,59.15544677898288,52.392169672995806,41.62701614573598,36.65216299705207,24.185186225920916,39.926534838974476,29.188907949253917,38.588667295873165,0.0425000,0.0925000,0.0925000,0.3025000,0.3025000,0.4525000,0.4525000,0.6425000,0.6425000,0.7525000,0.7525000,0.9425000,-31.519093,-21.164389,-26.819601,-22.753996,-26.372637,-24.442242
1,-26.184253166666668,1.025,14506.530883789062,3285.7744488716125,2472.6790161132812,4583.409414291382,1929.517450094223,714.747218132019,1678.8831131458282,2218.7330605983734,892.7530794143677,365.1993812918663,604.6379683017731,808.1993572860956,452.8432208299637,1059.9552502036095,250.3371676057577,281.5648416914046,64.56545557826757,222.60235685110092,163.13579317554832,100.26605449616909,92.67778921872377,93.6798443198204,74.3875939771533,105.83644431456923,67.20824184641242,74.89547576010227,274.1669155973941,112.24906558543444,86.70094390958548,29.994798939675093,84.14821618888527,54.78528254106641,34.640479400753975,45.16092986240983,30.77280294522643,20.50416477629915,26.543626178056,27.953738175332546,24.17411625292152,0.0425000,0.0825000,0.0825000,0.2025000,0.2025000,0.4425000,0.4425000,0.6125000,0.6125000,0.7425000,0.7425000,0.7725000,-30.518639,-26.072954,-27.039055,-22.729406,-24.355328,-26.390137
1,-28.600002166666666,0.9075,36384.150817871094,3431.0036573410034,2163.377604484558,995.0421994924545,2110.725238800049,715.4663848876953,1078.0766014158726,1947.25963306427,1275.946608543396,460.40625727176666,672.3813970088959,635.9571696221828,892.0469459295273,1132.9503955841064,277.93963576853275,240.00058144330978,140.16261132061481,241.7321790009737,103.09848112612963,109.25253999233246,135.25119641423225,48.21141948364675,100.51100120693445,73.0413786675781,72.9596511144191,72.11729877442122,303.10780850052834,126.25962002202868,82.76751615479589,59.92407084070146,69.04649089369923,46.37596120964736,41.79586629383266,44.36369929090142,23.07318181730807,34.40503482334316,31.061296172440052,34.15754658356309,22.839215848594904,0.1825000,0.4225000,0.4225000,0.5325000,0.5325000,0.5625000,0.5625000,0.5925000,0.5925000,0.6925000,0.6925000,0.7225000,-24.029594,-24.285988,-31.071695,-32.708862,-27.535084,-31.96879
1,-25.370472499999998,0.9273125,13952.859619140625,2906.3581676483154,1093.459738612175,4243.75279712677,2029.5350952148438,714.6039069890976,1061.6999802589417,2092.8948888778687,605.7907154560089,458.99298989772797,438.2438998222351,601.4342495799065,608.7736325263977,1209.614613443613,265.52155757136643,285.8972050063312,151.06387482397258,144.91820496693254,140.12050059437752,146.11823770403862,114.6491594556719,116.75010807812214,128.6105078868568,100.77004177123308,71.03734419681132,106.78511840850115,250.18851765990257,122.37833612412214,160.07965049147606,60.417394414544106,104.8479389064014,47.42585837841034,61.84565553814173,57.932425764389336,43.21163158304989,41.050539176445454,55.50960101187229,30.661873003467917,31.82175286114216,0.0425000,0.0725000,0.0725000,0.2025000,0.2025000,0.3925000,0.3925000,0.5525000,0.5525000,0.6625000,0.6625000,0.8525000,-31.0376,-22.518009,-27.512455,-24.581734,-22.381104,-24.191933
1,-26.396049166666668,0.812125,13059.882995605469,2935.9038014411926,1115.8396277427673,4417.242908477783,1659.61072576046,991.9987874031067,1334.5776731967926,1781.1282529830933,475.6568489074707,347.0062923133373,286.19619143009186,596.2176508307457,315.4784397482872,923.8926645070314,291.1105294190347,161.52464141696692,126.9926527440548,168.40870969742537,99.03486958146095,103.41311291605234,86.24653500318527,53.393974747508764,83.06249955296516,71.1183059103787,67.52702326141298,56.10452664643526,270.8671038374305,93.81887479126453,81.05408611521125,41.486644599586725,69.28087602369487,50.2488045822829,33.68489157035947,46.445388263091445,27.236457807943225,25.941694136708975,31.101851215586066,29.28606919152662,26.484921420924366,0.0425000,0.0725000,0.0725000,0.1525000,0.1525000,0.3325000,0.3325000,0.4425000,0.4425000,0.5425000,0.5425000,0.6725000,-31.940191,-23.769053,-26.15583,-23.89826,-27.893299,-24.719662
1,-27.3070135,0.992875,18931.468856811523,4445.399938583374,2944.0204010009766,894.7982113361359,1976.8488442897797,800.9244463443756,651.3112711906433,2006.9717452526093,961.8384394645691,615.1414465904236,404.9953365325928,898.8011204004288,322.89612287282944,1601.840517938137,313.0119201987982,247.31781757622957,139.66643760353327,214.86513625085354,113.48583262786269,121.56997165828943,113.99126373976469,89.33520728349686,100.42796783335507,91.85446755960584,77.97174325957894,72.70783248730004,293.4378115013242,131.03827198781073,89.64989392831922,45.54764660447836,94.22263969946653,46.689119044691324,43.68318648636341,52.148474702611566,29.30717808380723,32.10400231555104,42.243817957118154,29.906756522133946,28.350281728431582,0.2225000,0.4525000,0.4525000,0.5325000,0.5325000,0.5625000,0.5625000,0.5925000,0.5925000,0.6925000,0.6925000,0.7225000,-24.725866,-23.872253,-27.806519,-28.836954,-28.527857,-30.072632
1,-25.420370666666667,0.929,13801.091033935547,3395.7824354171753,1277.7615824341774,5837.242441177368,1273.1067217588425,1066.7684648036957,757.5407346487045,1444.9937163591385,908.7022765874863,882.1331585645676,1072.4209990501404,757.4192910790443,279.59128189086914,1157.077239304781,338.366316601634,283.18984454870224,122.30987708643079,317.8697027564049,149.2103630900383,113.70844947081059,102.52508301846683,85.30097098648548,96.45383857935667,78.69193987175822,88.9645589850843,56.06377054937184,280.072542835027,106.00426425784826,88.68385828845203,56.99846809729934,90.91768388822675,44.43195745907724,42.88386841956526,39.868491888046265,29.657114513218403,25.90570855513215,26.237217194400728,32.86333020962775,27.244304871186614,0.0425000,0.0725000,0.0725000,0.2325000,0.2325000,0.3925000,0.3925000,0.5825000,0.5825000,0.7025000,0.7025000,0.8925000,-30.070555,-23.866091,-26.989719,-21.821472,-25.983347,-23.79104
1,-24.483446,0.905875,14707.322540283203,2655.7243480682373,1131.843873500824,4413.929052352905,1751.9645424485207,929.4894695281982,1317.5233408212662,1687.0030981302261,577.6220796108246,615.7124692201614,405.21448266506195,925.2601423412561,271.579070687294,783.4153346121311,301.1149870380759,184.06312595307827,107.93168693780899,188.4539525732398,166.16502245515585,120.04221807979047,98.94097954407334,97.43266680836678,85.83460547402501,77.81293692998588,57.81175163388252,67.36752893961966,236.09312996268272,101.54289911687374,100.48836982995272,39.39959055930376,71.89879500120878,48.28806707262993,46.75079631060362,37.98071838635951,37.87251200154424,27.04342600144446,27.210451811552048,25.921341313049197,22.805368401110172,0.0425000,0.0725000,0.0725000,0.1625000,0.1625000,0.3325000,0.3325000,0.4725000,0.4725000,0.5925000,0.5925000,0.7825000,-29.975885,-22.084867,-25.97682,-21.09866,-24.88442,-22.880024
1,-28.209085166666668,0.8145,34517.53746032715,2558.739185333252,2014.5973587036133,875.944988489151,1559.5599534511566,878.3371943235397,1316.3006340563297,1863.5459270477295,749.7926115989685,600.556777715683,710.7660041451454,742.0754271149635,1026.13453322649,824.3437314778566,209.32393098250031,258.4239447042346,133.6842406243086,253.60484117269516,143.7870208323002,112.23053997009993,88.84384207613766,69.10541489720345,114.69070903584361,57.394337855279446,92.98894239962101,85.75435056909919,208.69767273031175,104.31284713745117,73.36834232695401,71.35863718390465,68.6883224695921,31.689595192670822,46.595059379935265,41.563474683091044,34.24615069059655,28.11041611433029,27.733638647943735,26.286684283986688,22.90052219387144,0.1825000,0.4025000,0.4025000,0.5225000,0.5225000,0.5525000,0.5525000,0.5825000,0.5825000,0.6725000,0.6725000,0.7025000,-25.451292,-23.108286,-29.097372,-30.289185,-28.959297,-32.349079
1,-25.9587575,0.847,17704.56771850586,1641.302176475525,1606.6618967056274,3536.8017444610596,1561.9863971471786,933.1460676193237,1101.3510448932648,2070.270221233368,711.6214326620102,455.90607476234436,326.2835422754288,657.3079442977905,291.5298178792,833.867241948843,296.73122005164623,265.3424403965473,152.65738110803068,230.04203322529793,189.08750570565462,151.720694296062,111.43949398770928,113.40754522755742,120.2402431294322,89.16902600415051,57.0408135401085,78.16484521329403,321.2252050489187,109.46389870345592,94.86744735389948,48.308924712240696,80.91570684872568,48.75254265964031,38.552757516503334,44.95744642894715,31.48708674311638,27.25646904297173,31.09305345080793,26.759444773662835,30.78515934944153,0.0425000,0.0725000,0.0725000,0.1725000,0.1725000,0.3825000,0.3825000,0.5225000,0.5225000,0.6325000,0.6325000,0.7425000,-32.208672,-23.752291,-25.55784,-23.057726,-25.351219,-25.824797
1,-27.6339385,0.8499375,31517.59490966797,3785.1348791122437,2026.3154439926147,783.0146520137787,1977.1382675170898,1206.7044463157654,1082.745418548584,1356.0038001537323,1035.2690753936768,717.7461449801922,1019.002227306366,755.8599293380976,1055.8805805444717,1056.542773872614,273.62714575231075,211.44938521832228,89.59255972877145,258.4811713658273,118.74035072699189,91.84801506623626,135.26866886764765,86.91640884429216,113.26462156325579,85.04716459661722,82.9629410021007,63.93267913721502,284.98829187452793,116.44889811053872,75.03586860559881,61.39379493892193,68.3905476173386,41.95242432458326,47.740491669625044,41.81337107717991,24.099514566361904,35.71092407673132,30.147631369531155,25.14071834553033,21.46052085980773,0.1925000,0.4225000,0.4225000,0.5225000,0.5225000,0.5525000,0.5525000,0.5825000,0.5825000,0.6725000,0.6725000,0.7025000,-25.033367,-23.229004,-31.034342,-28.783407,-27.616781,-30.10673
1,-25.181143166666665,1.102875,13072.635925292969,2596.3567175865173,1241.9052938222885,5150.220683097839,1896.918612241745,982.8839527368546,931.5401760339737,2365.842500448227,892.4317049980164,679.4405516684055,448.48694896698,855.6159702092409,426.2636921405792,848.1903491616249,318.92999425530434,225.7711702734232,117.19618348870426,197.3720535337925,173.46658420562744,83.19508389104158,95.02403915673494,111.13820498343557,113.22490758821368,96.75097300857306,77.59995537996292,79.14700670540333,309.55867296271026,122.48009030148387,108.08762320503592,50.077467035502195,79.75202456302941,47.128122709691525,34.524272475391626,46.06875171139836,41.06004586443305,28.340780231170356,33.713446302339435,33.14256055466831,30.697641304694116,0.0425000,0.0725000,0.0725000,0.3225000,0.3225000,0.5125000,0.5125000,0.7425000,0.7425000,0.8725000,0.8725000,1.0025000,-28.892675,-21.631065,-25.478615,-23.464716,-26.587975,-25.031813
1,-27.716396666666668,0.87125,28031.589752197266,2531.474778175354,2081.3615026474,1062.0110746622086,2282.6550558805466,1064.1060054302216,1227.140849351883,1731.4609541893005,1409.376502275467,426.20254778862,470.9305168390274,605.6953778862953,634.6214611530304,1104.4702444449067,260.89207116886973,259.8014046996832,102.72918304800987,296.35727082937956,128.14464730024338,136.93053213506937,106.62997198477387,80.92700701206923,119.06931569054723,67.70993329025805,87.46349639818072,102.61576038971543,287.7970791757107,99.05787670612335,97.08634114824235,60.56056520156562,79.21582617610693,44.39953761175275,41.9944674288854,45.72534032538533,31.07508479245007,33.03774371743202,25.971254551783204,30.822103372775018,25.53809931129217,0.0425000,0.0725000,0.0725000,0.1125000,0.1125000,0.1425000,0.1425000,0.1725000,0.1725000,0.2025000,0.2025000,0.2325000,-31.460815,-27.979156,-30.059357,-23.898062,-24.858225,-28.042765
1,-26.238388,0.7680625,9663.45639038086,2621.6019468307495,1535.539866924286,5037.284168243408,1419.2042849063873,678.1275849342346,1420.8313384056091,1797.8366599082947,826.7655601501465,564.510293006897,847.9229075908661,880.2511758804321,664.8897538781166,1339.6215448379517,389.8950943350792,200.2694923877716,139.10640302300453,290.92129135131836,125.23340672627091,101.6053334325552,90.44688744097948,71.31287769973278,121.05837317556143,53.07198005542159,66.96248482260853,62.68531534820795,304.70773282647133,87.64873147383332,93.99346379563212,56.91072084195912,78.33828773349524,65.76358479261398,40.607430094853044,37.28217724338174,26.781615484505892,38.71172932279296,28.626023814082146,26.395006942097098,27.16140827909112,0.0625000,0.0925000,0.0925000,0.1725000,0.1725000,0.3625000,0.3625000,0.4925000,0.4925000,0.6025000,0.6025000,0.7325000,-32.276669,-26.318356,-26.140181,-23.553368,-25.530596,-23.611158
