0,-402.1684,-36.214085,33.92614,33.035072,-9.252669,11.084344,-1.0522116,1.7959056,-4.8992553,-5.26422,-1.4585896,6.5396013,-12.247928,-5.6375756,0.57444674,0.14210655,-0.7993718,0.00736967,0.36532724,-0.05491318,0.42563644,-0.0041223727,0.5329552,-0.0061481674,0.2812955,-0.054319426,-0.15574518,0.0669705,0.026951965,0.0012592619,0.055646166,0.01856197,-0.03265526,-0.035339978,0.034891196,0.010244496,0.0047176443,0.02428084,0.01641307,0.6821875
0,-382.52405,-54.940907,42.70053,35.225452,-6.101693,3.3398263,-0.1496846,-7.285027,-11.718901,-0.15226273,-3.4569302,6.2355647,-11.408194,2.0226538,0.66714257,-0.60952264,-0.6605247,0.09360568,0.14361005,0.44671836,-0.9012505,0.87624997,-0.30562925,0.26361293,-0.37218556,-0.38323528,-0.20909731,0.023600696,0.1886241,-0.3076572,0.07294908,0.15474424,-0.123821475,0.092881896,-0.11732957,0.027375566,0.04529928,0.03138947,0.06526888,0.57375
0,-534.1526,87.71377,29.245619,67.9212,12.077431,-3.212553,8.9175005,17.787132,-18.200811,-3.6669848,-1.3591244,1.7073777,-4.6737833,-3.91661,-0.13315578,-0.4022836,-0.5686288,0.19452165,0.32360864,0.06371031,0.05643764,0.5579374,0.24131666,0.29843035,-0.019042468,-0.023671843,-0.06816156,-0.2258934,0.014518172,0.0066172206,-0.06339694,0.089779064,0.11922782,0.03624287,0.07198321,0.07074049,0.10106887,0.01228733,0.066951625,0.76125
0,-398.16782,-33.008842,49.291924,32.156334,4.5504227,11.202012,-11.580415,6.8172827,-6.933872,-9.263104,-1.8390774,4.7917657,-20.370598,-0.584133,-0.11384407,-0.18402073,0.05915764,0.23510072,0.005028613,-0.20822835,-0.13130821,-0.08333608,-0.38166827,-0.18596561,-0.2530426,-0.29863414,-1.0759615,-0.18769275,-0.08094821,0.031955693,0.046060484,-0.07903094,0.050149735,0.022671474,-0.0008931139,0.03439759,0.016023241,-0.011441987,0.0020875495,0.907125
0,-512.56665,29.74306,43.955074,89.85988,-11.186037,17.204105,15.018391,10.368927,-2.261432,-13.125273,0.33924478,-0.112406045,-12.175831,-3.3403282,0.6547141,0.14044634,-0.1451639,0.11641025,0.07037823,0.4381939,-0.19910297,0.5616011,0.0964538,-0.13611645,-0.12104502,-0.011959981,-0.5899401,0.119314715,-0.27996507,-0.15755829,-0.15329474,0.015528502,-0.12049562,0.0979795,0.03452593,0.09604286,0.13200739,0.093300305,0.17161912,0.7921875
0,-537.89105,47.67464,57.820644,67.7958,-4.510565,18.563835,14.636631,17.474648,-9.840492,-11.464991,-0.89583755,-1.0109935,-2.5345724,-3.021761,0.4992016,0.12378434,-0.489709,-0.04270679,-0.045445144,-0.12910554,-0.27309278,0.5025368,-0.029132525,0.054027542,0.053679824,-0.10008952,0.045355424,-0.17240359,-0.22782151,-0.13952401,0.015022874,0.04411981,0.048786767,-0.020832486,-0.031675246,-0.024384499,0.06190785,-0.048907496,-0.012562126,0.8710625
0,-537.6945,60.940647,33.351048,70.05385,-3.5967834,13.773798,13.274712,13.348218,-14.482149,-6.091008,2.4525046,-4.0017815,-1.0335808,-2.2641037,0.6564247,0.24714133,0.202066,0.3820016,-0.14866187,0.16233288,-0.10517363,0.32764027,-0.10262709,-0.034688167,0.08986959,-0.18712476,-0.41130143,-0.04371097,-0.11615014,-0.14102085,-0.093939155,-0.041932575,0.0088370275,0.019043026,0.07097848,0.038529642,0.045285374,0.01287524,0.03768392,0.861125
0,-580.88055,65.75435,37.32681,68.014984,1.5894482,17.336483,16.210974,16.692623,-8.431844,-0.38627204,0.6809021,-0.4659477,-0.7162008,-2.8529575,0.3580512,-0.10948746,-0.45578492,-0.1736401,0.15988636,0.29379323,-0.132171,0.2652763,-0.05997896,-0.10769457,0.25011867,-0.11712812,-0.04232625,-0.20952749,-0.022791749,-0.07650667,-0.024515763,0.058325253,0.11085645,0.0010624316,-0.021995945,0.02838475,0.014703001,-0.037858576,0.057090025,0.9085
0,-565.8211,42.204807,46.52969,66.542465,2.3738532,9.450096,13.065635,13.581583,-17.066294,-1.7972534,-3.2011924,-0.21548644,-1.8784082,-1.1633908,0.4763148,-0.689198,-0.78145087,0.46490166,0.5962691,-0.02666919,-0.39872977,0.21035641,0.02174915,0.33903435,0.112724684,-0.110094234,-0.18245779,-0.068042025,-0.019276707,0.016847719,-0.057062685,-0.100211315,-0.084809795,0.05850983,0.0015234073,-0.028138243,0.0053831274,0.03238588,-0.011408886,1.03525
0,-573.2825,46.63804,48.48654,72.34932,-7.4980803,11.222072,11.135027,17.183538,-17.274935,-8.470939,2.6958575,-4.585259,-3.7309675,-2.5188813,0.27101576,0.38279086,0.043934476,0.21524169,-0.000448192,0.031143853,0.014397423,0.43446007,-0.107965596,0.07546005,0.1991232,-0.057962842,-0.12952168,-0.07080405,-0.026821172,-0.002052002,-0.0503761,-0.024763687,-0.026514757,0.03205551,-0.03334725,-0.016194085,0.04360757,0.03409993,0.03493033,1.026
0,-579.84924,53.38175,49.441853,72.75858,2.2439694,13.721343,15.6835785,16.03281,-9.674777,-7.096951,-3.5403607,-1.9649237,-0.6270249,-2.5385008,0.40385392,-0.092923164,-0.7520675,0.1882018,0.3249465,0.24630727,0.06965133,0.25831172,-0.032842137,0.27790385,0.09018221,-0.036753252,0.041257687,-0.08563012,-0.06752636,-0.016395431,0.026651615,0.08918283,-0.0017555351,-0.0116788,0.033087753,0.06444243,0.07017131,0.025471121,-0.013002293,0.95325
0,-531.4834,33.408154,53.292984,70.76774,-9.15371,19.811916,8.50924,19.304653,-9.366797,-6.683624,4.0274444,-3.2453609,-1.9841934,-0.4837978,-0.331815,0.123671986,-0.555169,0.5422342,0.49730062,-0.42639044,0.21073739,0.12593569,0.029694071,-0.054837663,0.087685056,0.050599586,-0.4679788,0.04006038,-0.06146456,-0.011673218,-0.008074848,-0.071856886,0.016057866,0.009745028,-0.03707101,-0.0407458,0.017408725,-0.006881718,-0.026519978,0.984
0,-518.8763,37.908466,50.112465,72.291405,-0.3623455,18.901314,8.963345,18.590157,-7.2035027,-5.686775,-0.58590454,-3.8616383,-2.85581,-2.2607913,0.34376326,-0.70482683,-0.40705362,0.48648027,0.20334639,-0.2914121,-0.037322283,0.44298112,-0.15510449,-0.0046142745,0.0640159,0.021835327,0.15130825,-0.057880823,-0.1203636,-0.07190158,0.05454817,0.034974523,-0.043045335,-0.039322544,-0.0075818645,-0.017195644,0.013132924,0.009406383,0.016345013,0.89
0,-525.9972,28.375711,48.878376,76.87448,-6.8540893,21.524778,10.262064,16.833008,-6.647849,-3.5762694,-2.5280921,0.28343385,-7.089022,-2.0804136,0.64498085,0.0062324703,-0.12522158,0.17550306,-0.249466,-0.13178258,-0.12143323,0.31182507,-0.11562163,0.0030137368,0.001489012,-0.069171034,-0.13501528,-0.006507312,-0.11900192,-0.05390635,-0.07442716,-0.05683255,-0.034922853,-0.007023736,-0.012657107,-0.020546932,0.038378783,-0.020615797,0.030308602,1.05625
0,-552.0024,50.484604,50.47955,72.510826,3.156208,6.742901,11.679181,13.094139,-15.305726,-8.367148,-4.9654593,-4.7660747,-7.657037,-3.5885859,0.015147588,-0.64059323,-0.4516012,0.39842075,0.022620011,-0.2390191,-0.067065276,0.38078994,-0.13591363,0.07726735,-0.03577603,0.0778074,0.2972462,-0.22285792,0.037926927,-0.15342519,0.06705667,0.119269565,-0.028186647,-0.043673057,-0.024586715,0.06276809,-0.010707946,-0.01012914,0.031556427,0.9065
0,-322.92825,-33.71827,46.347797,17.15621,6.475633,15.649984,-10.296108,13.258603,-9.824879,1.6682174,-1.6377391,3.3126826,-11.629085,-2.816168,-0.92727965,0.18313341,-0.57330054,0.8014887,0.34657937,-0.42781198,-0.031295247,-0.10315784,0.60688454,-0.009215264,0.053056072,0.22529285,-0.04084931,0.16770695,0.022243632,-0.08966337,-0.10630199,0.11574078,0.15323593,0.06800717,0.065933205,0.09415826,-0.0249518,-0.037647635,-0.0511576,0.8494375
0,-520.9697,15.61492,48.963787,78.400795,-8.948352,15.849932,12.601418,21.398098,-8.295932,-2.4016957,-3.053411,3.7460656,1.3220258,-3.1502311,0.26329315,-0.2995324,-0.6670248,0.05899803,-0.18146987,0.03997331,-0.07212739,0.39901286,0.17150478,0.17069647,0.058266927,-0.0007479779,-0.13530004,-0.1576976,-0.08779396,-0.14729358,-0.05387084,0.08494737,-0.054320417,0.052425034,0.13454738,0.066623956,0.01611424,0.036049493,0.1087336,0.835375
0,-539.5425,31.458027,51.345303,79.425476,-21.909771,13.076518,15.651033,3.9039128,-11.433907,-24.647047,4.093578,-10.880828,-12.877678,-3.7776031,0.23725046,-0.0591765,-0.37220296,0.5007589,-0.02554239,-0.18995723,-0.2610764,-0.012242755,0.097675614,-0.23179515,-0.10069341,-0.11932195,-0.46161622,-0.100198306,-0.4793516,-0.31077293,0.050660715,-0.019383352,-0.026692687,0.01375394,0.11650678,0.13146946,0.1464346,0.10450718,0.07296554,0.8199375
0,-545.7613,60.843025,16.19919,86.27193,3.9569266,5.698216,11.53127,5.924575,-10.656246,-18.54908,-0.12781008,-3.4543474,-15.939864,-2.8189058,-0.21647847,-0.7559994,-0.36487928,0.48886743,0.42967433,-0.5281261,0.077960946,0.3352129,0.07057233,0.24878453,0.0783142,0.16482157,0.045177236,-0.11058147,0.0145789385,-0.04723756,-0.1673389,0.013559946,0.15707181,-0.04902135,-0.05221935,0.0540172,0.054826993,-0.010621822,-0.032381915,0.8760625
0,-523.9339,38.28797,41.166435,74.67666,-3.0463123,20.35921,11.527157,17.967701,-4.1836953,-3.7266276,3.4937646,-0.60351354,-0.3575234,0.29858488,0.15530856,0.01113245,-0.16329774,0.09971484,-0.0044853515,-0.111367814,-0.09414158,0.056243096,0.052145433,0.17820653,0.033609256,0.03697689,-0.64302295,0.13930258,0.29672965,0.0021728443,0.045926206,0.10029967,0.06178248,0.02128629,0.06279502,0.02342407,-0.07466101,0.06896499,-0.08438394,0.714
0,-562.50507,14.751781,45.917046,70.221054,-20.723442,16.580904,8.482351,6.103244,-15.912086,-17.682716,2.5703921,-10.144903,-7.6324825,-4.168058,-0.077312514,-0.079053305,-0.49979743,0.19032687,-0.16224611,-0.18701869,-0.1808017,0.0628955,0.14753951,0.102848396,-0.024321802,-0.119366094,-0.1922195,-0.0025241592,0.038551148,-0.008460378,-0.15625374,-0.051007044,-0.0020727494,0.036315843,0.047975414,-0.029074911,-0.020326901,0.032530345,0.05702946,0.89575
0,-548.426,61.761234,14.871602,70.1666,13.338802,-1.3573008,11.218195,15.6933,-14.230154,-13.975407,-0.6406745,1.1082231,-10.768398,-1.9356996,1.1589402,0.6510529,-0.28922108,0.13569848,0.18627302,0.14830954,-0.3365474,0.0599452,0.0656433,-0.1723311,-0.023206918,-0.15828867,0.012459299,0.04487914,-0.11905478,-0.05258464,-0.047054097,-0.02831947,-0.03719425,-0.0036192578,0.03360577,-0.017809197,-0.014599506,0.015559892,-0.0075309146,0.9915625
0,-585.59784,28.74517,46.26433,66.26547,-8.314852,16.589027,19.97757,12.936011,-15.375835,0.18840927,-8.364137,6.0440125,-2.689295,-0.9508279,0.7321141,-0.5894741,-0.29233235,0.16132379,-0.23434313,0.14075826,-0.08007318,0.0064452495,0.037203122,0.01836867,-0.07620969,0.184651,0.0005693394,0.1664093,0.047715742,0.064843945,0.08427792,-0.0031703997,0.0050795884,-0.00719652,-0.0057828003,0.014332656,-0.02664757,-0.026553107,0.012757472,1.0153125
0,-536.0589,45.22027,32.362736,87.787926,-11.023597,6.3067718,12.004589,1.3479846,-13.333307,-24.220947,1.582233,-7.85797,-14.864041,-3.855122,0.30590978,0.21294816,-0.32025737,0.3751419,-0.40046725,-0.30168885,-0.32229066,0.14755364,0.016140083,-0.26681456,0.10666733,-0.09822423,-0.36527497,-0.11613157,-0.441884,-0.22799386,-0.030908749,0.006905435,0.06375555,0.066038735,0.063567154,0.026090218,0.11029401,0.040613785,0.062941015,0.846375
0,-536.4931,76.55202,-3.0854988,66.000244,2.1804862,4.1704626,-3.3333163,5.5261297,-12.318169,-24.252554,4.812054,-5.7170568,-18.731958,-4.308502,0.15927674,0.535777,0.1891197,0.18258113,-0.11421344,0.188559,-0.19720773,-0.062863894,0.003783083,-0.27463573,0.24350698,-0.25744,-0.72749996,-0.06664807,-0.28177333,-0.31911653,0.1339979,-0.09827714,-0.034818698,-0.01922966,0.15245874,0.057391707,0.04865359,0.048580702,0.09988584,0.838
0,-594.6502,53.48474,57.250793,66.90009,0.64632785,14.300532,17.734163,16.925123,-15.85697,-6.119045,-6.7059827,5.1171565,-7.1254287,0.4042609,-0.67830026,-0.14173572,-0.61874425,0.37668282,0.315891,-0.15806165,-0.01564782,0.13099453,0.25931725,-0.009945988,-0.17173769,0.026854131,-0.22758193,0.15400001,0.18780485,-0.1361763,0.100419596,0.10173276,0.059504446,0.03250245,-0.057555735,-0.08989407,-0.0084945625,-0.02160818,0.031684354,1.066
0,-582.8759,61.21314,28.709822,86.66744,-8.31019,8.38833,9.036906,3.5818071,-9.534146,-24.110704,3.2462928,-17.13995,-2.4845755,-2.5832427,0.2924442,-0.13983436,-0.14759877,0.021566916,-0.28527167,0.033608697,-0.15254739,0.017046254,-0.13562109,-0.22863242,-0.05946963,-0.23351711,-0.67804164,-0.2569399,-0.37715703,-0.3078046,0.006976286,-0.020179447,-0.043251917,0.06075366,0.018827284,0.07450645,0.106575266,0.0073318565,0.0709723,0.794
0,-586.0579,51.37265,56.948063,65.06629,-1.0168868,18.863882,28.056578,13.128946,-10.683566,-7.270617,-6.470286,8.615712,-6.9714046,-1.6518534,0.034603644,-0.49788028,-0.29021063,-0.09158929,-0.1116902,-0.079076014,0.25372005,0.21980096,0.29528472,0.112974904,-0.12911904,0.17246991,0.08784101,0.03555171,0.043985665,-0.0004751795,0.025259936,0.046682324,0.0008399854,-0.019006666,-0.012708178,-0.026783798,-0.013233197,0.011429713,-0.0049000015,0.9745625
0,-541.37054,34.31999,30.622776,85.56101,-12.531976,11.107944,7.5367236,6.7985764,-11.891679,-20.69943,2.0639465,-10.353221,-12.025104,-2.1023598,0.4808959,0.69061923,-0.0043087634,0.11968741,-0.07001176,0.29245168,-0.13041437,-0.10983673,-0.08571431,-0.34677902,-0.13419358,-0.19979371,-0.94669783,-0.03227131,-0.36506122,-0.31424633,0.102948666,-0.019087398,-0.0044587934,-0.015485751,0.097897194,0.10752887,0.083781496,0.092492335,0.05074766,0.8319375
0,-500.32776,26.949213,46.947124,70.85504,-10.699783,17.760386,1.8422555,24.18292,-10.963651,-5.6201434,1.2703059,-2.7007947,-3.033566,-4.6534557,1.3180087,0.20208758,-0.3663601,0.34976193,0.5415968,0.112823926,-0.20858735,0.60775495,-0.045900382,-0.057216488,0.26908207,-0.11816229,-0.61110175,0.045034196,-0.39527464,-0.309422,0.02032812,-0.073928915,0.022787884,0.06380403,0.15241764,0.111886114,0.13658623,0.12994802,0.16662489,0.5915
0,-541.1467,37.760025,30.577158,90.425514,-9.047712,5.5250087,16.66849,3.1628742,-9.657521,-20.48158,-1.9893907,-7.7621155,-14.963219,-2.5677676,0.5550758,0.343482,-0.17005861,0.08703388,-0.23477715,0.25754997,-0.36723495,-0.179597,-0.15473221,-0.23906215,-0.007829719,-0.21571559,-0.57712996,-0.11244392,-0.34671748,-0.23599772,0.078315675,-0.03191232,-0.057393674,-0.012382467,0.14146732,0.051927827,0.044476397,0.04289477,0.061425515,0.889625
0,-513.04834,15.663432,49.05302,63.435932,-9.187706,17.8968,9.428118,20.110636,-3.7230964,-3.2593155,2.8498566,0.010766144,-1.5441779,-2.435224,0.33518264,0.014847313,-0.53641456,0.11079435,0.3052889,0.10689048,-0.039621394,0.33285323,-0.01645423,0.13731468,-0.10958545,-0.20411637,-0.102900736,0.04573422,-0.2567563,-0.04903822,-0.018784862,0.023541,0.022636296,-0.072392695,-0.038082264,0.01893735,0.05005868,0.056799233,-0.025662158,0.8801875
0,-530.7724,16.122164,54.9474,66.39489,-2.3685224,17.267666,2.8670967,22.933495,-6.045842,-3.1930366,2.775462,-2.391757,0.20671104,-3.5558062,1.2116811,0.11519562,0.15467481,0.32553294,0.027749296,0.29439038,0.2579421,0.19770628,-0.25868103,0.07612642,-0.071564324,-0.4328136,-0.5807595,-0.009211305,-0.2590881,-0.31694433,-0.06382755,-0.021661535,-0.073965594,0.0029505037,0.06380842,0.08214422,0.14519994,0.053760026,0.07405534,0.668
1,-345.9944,-21.140638,36.29075,29.079874,-11.981557,24.26388,-2.0557554,-3.1227582,-7.080059,3.8403635,-4.8243585,8.47045,-12.88853,-4.5311594,0.41223857,-1.0806667,-0.63700366,0.59836274,0.30202624,0.18989584,-0.16476242,0.13595614,0.11738782,0.24164517,0.157146,-0.011274267,-0.09831312,-0.21791904,-0.18329911,-0.07215128,0.10071785,0.086276524,-0.023723777,0.13871351,0.0153463995,0.035806436,0.06251516,0.05699692,0.057212226,0.6705
1,-448.96286,-62.848103,52.448635,48.393517,-8.915516,4.5561576,2.3347955,1.8189194,-14.370341,3.153176,-4.735339,5.5595512,-8.46327,-3.4851553,1.682335,-0.5314085,0.53310716,0.09211181,-0.3963581,-0.011933834,0.10240773,0.21742864,0.008633009,0.04502053,-0.22883704,0.018051459,-0.49127197,0.06268396,-0.24942943,-0.48271105,-0.02574768,0.13824189,0.012081666,-0.022896068,0.14185858,0.19308177,-0.035796322,0.15395147,0.024309063,0.636375
1,-560.50507,54.16952,56.997272,67.640495,-3.8547332,21.84825,14.872479,14.731928,-12.285313,-3.4708283,-1.8500516,2.9017742,-3.973618,-2.7504032,0.8335111,-0.17859916,-0.40897557,0.09519676,0.03703712,-0.19650242,0.0054927426,0.54406935,-0.031362418,0.191503,0.16654044,-0.02746613,-0.21104464,-0.23339276,-0.1719615,-0.062878296,-0.10229122,-0.03102834,0.023695767,-0.010326901,-0.0056259567,0.028795129,0.05706219,0.04125777,0.1298046,0.8870625
1,-592.15393,40.4806,44.498302,65.99205,-2.9606607,10.774303,11.449056,9.967045,-8.706631,-9.393077,-3.176632,-1.9335988,-7.573926,-3.1607409,0.6822672,0.39651856,-0.26245376,0.026597964,-0.12232427,-0.06922581,-0.1161419,0.26782942,-0.02834645,-0.04433712,0.1938724,-0.20436563,-0.10538968,-0.07149534,-0.22976606,-0.19982885,-0.08968277,-0.047889158,-0.005419096,-0.034208175,0.019948687,-0.0043059317,0.048679337,-0.01605381,-0.017496824,0.856625
1,-583.4271,39.276104,34.25042,72.97257,-12.830772,5.7260995,14.764807,7.3722925,-12.934786,-15.546458,-2.4078333,-4.0661693,-9.281299,-2.916594,0.31161475,0.10493216,-0.48359793,0.21529996,-0.119625844,0.024903819,-0.038486175,0.060363855,-0.036634494,0.012872872,0.06902516,-0.090865165,0.12509786,-0.16195609,-0.15109506,-0.057159737,-0.10489356,0.0066281236,0.004283582,-0.04893326,-0.046009637,-0.0035694188,-0.0130837085,-0.0010205902,0.05972268,0.9154375
1,-571.58777,34.19163,49.459618,71.809074,-15.163093,10.545711,3.0629592,8.635634,-17.50158,-15.999355,-2.6726928,-6.17884,-7.636944,-3.6542456,0.67742693,-0.2944162,-0.3127783,0.28153303,0.057965294,0.08960955,-0.14476296,0.38004777,-0.18549621,0.09919909,0.06395232,-0.14030075,0.0196645,-0.029983597,-0.06393459,-0.09283087,-0.0802081,-0.024126144,-0.02711716,-0.069830135,-0.05896213,-0.0050744824,0.034317955,0.026618725,0.025662772,0.807625
1,-542.3365,41.77984,39.254402,84.685326,-12.013603,16.06617,7.577821,9.369344,-6.626013,-19.09228,4.0496125,-7.7606173,-2.2884102,-2.791579,0.42889196,0.08954686,-0.40930566,0.422657,-0.38070187,0.007779918,-0.2815294,0.030590296,-0.0683684,-0.10033673,0.04571901,-0.35210413,-0.25865075,-0.30870572,-0.314058,-0.14602396,-0.15234518,-0.027277036,-0.051950317,0.07811965,0.042154256,-0.040630657,0.14281085,-0.031977743,0.0073678843,0.8299375
1,-628.3167,35.44567,46.61787,59.123592,-4.5026603,9.697314,10.178894,10.922558,-14.597322,-8.28579,-7.8110065,0.47263595,-8.226639,-1.8187237,0.47686148,-0.35024086,-0.5459883,0.30979338,0.10319495,-0.17103009,-0.0134549085,0.2898097,-0.09264176,0.20133996,0.08255923,-0.047747273,-0.21817794,0.05326166,-0.07119728,-0.035047755,-0.050109897,-0.02862596,0.02234106,-0.05690186,-0.016660212,-0.0046132896,0.010111561,-0.034309234,-0.06781151,0.99
1,-551.75104,32.108524,25.87594,89.480736,-8.506952,8.244884,7.5602174,7.833981,-5.6371164,-17.699678,-3.175921,-6.1747136,-10.273814,-2.8497844,0.28767332,0.54515296,-0.08572196,0.063255765,-0.17974105,0.26975712,-0.24401425,-0.04553437,-0.061651893,-0.24160013,-0.150808,-0.39037266,-0.59397626,-0.0620449,-0.29418838,-0.35980645,0.043395817,-0.027457304,-0.079273194,-0.05786062,0.046845034,0.0857068,0.07897509,0.043253362,0.11374574,0.8265625
1,-575.82837,42.661194,40.23762,66.414276,-7.365536,12.903928,2.3609471,14.345673,-14.447371,-13.512235,1.6219201,0.019444743,-5.6517305,-2.0340364,0.019758493,-0.6021259,-0.9384269,0.24948052,0.23413706,-0.14118375,-0.15930697,-0.05503727,-0.11465928,0.22086799,0.21488725,-0.17497528,-0.008171205,-0.14328174,0.020605817,-0.074860655,-0.08337021,-0.036808386,0.11468022,-0.008348626,-0.028387252,0.027886443,0.0017548508,0.049840715,0.01115196,0.993
1,-587.5045,27.718328,50.967243,69.192894,-6.531604,14.803323,6.3197737,15.990721,-16.463509,-8.97743,-3.4788754,2.1816275,-5.90033,-1.5442417,0.28594875,0.56420827,0.1357906,0.31150436,-0.1779341,0.009306991,0.11709497,-0.029005386,-0.2758262,-0.113282405,0.06445788,-0.40092367,-1.081142,0.13312182,-0.2030116,-0.034336258,0.032910787,-0.07422604,-0.023176813,0.025084058,0.09425555,0.05385787,0.004628161,-0.041683804,0.0064239497,0.93275
1,-583.3789,36.056774,49.271206,69.96289,-5.411908,17.658873,8.4588585,11.879098,-13.011833,-11.89223,-1.6352073,1.2788713,-7.4672527,-2.4591646,-0.04245133,-0.16625242,-0.61785954,-0.020882301,-0.071923,0.02936889,-0.1542437,0.31443837,0.09945413,-0.00011090472,-0.024932515,-0.06848207,-0.052783962,-0.19417731,0.013701779,-0.04254236,-0.024811914,0.05649211,0.073039964,-0.046625286,0.018233117,0.06955066,0.027107075,-0.016281296,0.027162515,0.9955
1,-581.5066,47.824623,47.09515,66.54545,-4.964266,10.723978,14.079705,9.178388,-14.406661,-13.139769,-2.1609814,0.96107054,-5.864453,-2.346801,0.3762873,-0.04202976,-0.2372123,-0.05088374,-0.116885714,-0.02808163,-0.10114974,0.23194426,-0.1522785,-0.07334663,0.07712839,-0.1619899,-0.017875986,-0.056634903,-0.12154,-0.13216732,-0.044256512,-0.009434474,0.0023810444,-0.0032611478,-0.009064808,0.02774046,0.010126006,-0.033262435,0.005664977,1.038875
1,-558.30176,43.13399,44.12393,76.60323,3.3435838,7.572484,12.13874,16.55132,-14.229079,0.22169635,-10.053834,-1.694262,-11.129478,-1.7196203,0.31991625,0.25727865,0.041866828,0.23878698,-0.12098579,0.13305826,-0.30849954,0.2624959,0.046192016,0.003319842,0.03797315,-0.11262911,-0.6540871,-0.021535004,-0.23877034,-0.1112574,-0.071230926,-0.045751605,-0.09588744,-0.03547472,0.0011069234,-0.0130106015,0.015203338,-0.040958986,0.020566303,0.91225
1,-532.25464,40.59608,36.945778,69.54275,-4.6934824,10.574971,3.7974226,14.319439,-16.451159,-14.857104,-0.94645053,-0.05435022,-4.72431,-2.4300008,0.06711886,-0.9872155,-0.78866214,0.41872773,0.3077954,-0.27337822,-0.238979,0.4551249,-0.079813294,0.019020617,0.08020564,-0.112583645,-0.0063225725,-0.2509343,-0.09371396,-0.146045,-0.009461101,0.059405036,0.011588397,-0.03627224,-0.04443787,0.055754855,0.062088113,0.00075200625,0.039131258,0.77775
1,-628.16766,45.070625,50.107533,62.150017,4.376117,11.684672,11.4418745,7.390045,-7.234787,-14.548942,-5.21911,-2.539326,-9.452993,-2.3132896,0.43085608,-0.28150988,-0.34223258,-0.03740445,0.03419786,-0.056003917,-0.019288102,0.5208561,0.22347382,0.04874476,0.085722476,0.022399569,-0.03486003,-0.12852463,-0.07862176,-0.09017618,-0.059130013,-0.018378034,0.08950328,0.02161152,-0.015741223,-0.004745719,0.036487587,0.10204889,0.00892031,0.865
1,-289.3939,-25.009565,46.118023,23.727892,-0.15621099,6.9987793,-10.96162,10.818953,-9.133558,-4.252271,-2.1554296,4.1125593,-15.68504,-1.6925358,-0.5673541,0.018243378,-0.72329265,0.18050201,0.017428732,0.21372291,-0.17656302,-0.21922986,0.13113138,-0.32110542,-0.17348762,-0.25386047,-0.9313043,-0.10291886,0.17007525,-0.058796614,0.061746456,0.011068747,0.051711537,0.02394925,-0.017475216,0.11722644,-0.014779151,-0.021259388,0.012633023,0.834125
1,-467.60513,41.370613,17.577343,81.93477,-4.4214187,9.80256,6.682442,8.52691,-8.241289,-11.852288,-6.3452063,3.8626406,-10.937888,-2.202754,0.5569556,0.719346,0.122455284,0.7961803,-0.08787446,0.03988338,-0.06958304,0.075173125,0.063229665,-0.19195479,0.09471458,-0.2772457,-0.93555504,-0.08495645,-0.24656792,-0.19324394,0.062102072,0.09056088,-0.16711237,0.06349584,0.14055876,0.084787436,0.11673261,0.04300414,0.09690167,0.984
1,-583.55493,44.75858,60.68052,65.97304,3.5444834,17.757122,15.409882,15.261724,-8.468935,-5.745272,-5.654737,-0.12127996,-5.0830173,-2.0716908,0.6495308,-0.00815641,0.13697861,0.38511577,-0.0722243,0.22366427,0.026643548,0.2884768,-0.12873939,0.11204262,0.098897204,-0.12288655,-0.30091804,0.04721931,-0.09000983,-0.06924954,-0.021739945,-0.054974772,-0.014734262,0.04882989,0.021166775,0.054382563,0.06315858,0.055684417,0.022902463,1.025
1,-293.98206,-20.34477,44.96218,14.3196745,-0.34587094,15.555492,-8.382048,13.491789,-12.613192,-1.9078156,-2.5641437,3.5397584,-10.997028,-1.9869274,-0.6721515,-0.066170834,-0.27887428,0.09438,-0.15585047,-0.286312,0.044495817,0.2617348,-0.07122341,0.010873197,0.06395585,-0.2359449,-0.23170315,-0.21224286,-0.12550977,-0.0020332788,0.02630139,-0.047363576,-0.04798541,0.030223558,0.04122022,-0.05642679,0.06818962,0.042777717,-0.0051101386,0.9075
1,-553.9636,54.384197,21.299778,72.04783,10.302663,9.872545,7.6072454,14.944809,-11.362336,-16.995443,0.516374,-1.5440353,-10.442891,-3.0891495,0.35873467,-0.44103143,-0.3745253,0.31648105,0.04052577,0.19967991,0.22206588,0.32184774,0.014440511,-0.028258523,0.16748084,0.16294856,-0.3420001,-0.023127602,0.3075108,0.02273111,-0.24491137,0.010075337,0.21858011,-0.1316385,0.02524922,0.06328637,-0.018677745,0.09147656,0.054852918,0.9273125
1,-583.2235,50.1211,40.683243,72.60689,0.37908748,8.321072,12.992141,11.916173,-8.023213,-8.724617,-3.0145478,-0.40517133,-3.7406647,-3.0912976,0.5600137,0.24510029,-0.25287527,0.094364844,0.1525911,0.14434761,-0.015191554,0.38150916,-0.077701,-0.06405032,0.0467237,-0.047909133,-0.24049945,-0.11609772,-0.17893288,-0.09770842,-0.027946474,-0.054047998,-0.010231493,-0.023217231,0.023258615,-0.005463668,0.0020757178,-0.035422154,-0.020071784,0.812125
1,-357.7594,-25.292822,50.704254,13.546668,8.088847,11.72548,-8.978236,12.738204,-7.853834,2.1887167,-1.8158355,4.499435,-10.394228,0.42520297,0.01043985,0.2764373,-0.40031818,-0.014131166,0.11220862,0.059540756,0.25853527,0.07246459,0.11726225,0.036149118,0.2127215,0.12279335,-0.66640395,0.11858221,-0.025625417,-0.07627863,-0.21687211,-0.028489564,0.06706423,-0.0581306,0.054475896,-0.01301242,-0.009361144,0.0013135043,-0.03124145,0.992875
1,-532.2791,37.05746,23.94883,82.91019,-10.948958,7.0406985,2.9151578,8.191328,-10.104027,-19.592709,6.745746,-5.5905485,-7.881148,-3.781742,0.14655119,0.077435985,-0.27440733,0.07767062,-0.30802366,0.12762089,-0.2569676,0.021957524,0.058162276,-0.26055595,0.08710785,-0.20257905,-0.55198437,-0.14611028,-0.03934313,-0.23331532,0.16827369,0.03366581,0.030815896,-0.017503828,0.05362943,0.098420896,0.06361037,0.003174846,0.08149772,0.929
1,-565.8015,38.213577,45.268322,73.685,-1.4839162,11.230534,13.869747,13.818625,-11.45729,-12.191739,-2.6370153,3.1546283,-6.949363,-3.0187788,0.26752225,-0.075926736,-0.3036238,0.06950577,0.0628143,0.21804424,0.0038862368,0.32815072,0.24961956,0.19718766,0.22562161,-0.049545508,0.1268566,-0.19442576,-0.094273865,-0.11356388,0.036810655,0.10753374,0.0724636,-0.0024555295,-0.055312656,0.0466619,0.0408583,0.04406578,0.07312022,0.905875
1,-316.4739,-16.770655,45.6694,20.195675,-2.0319908,12.554558,-4.316639,13.006177,-5.4292045,-3.6095064,-0.32319987,2.4300668,-13.350233,-0.18610717,-0.45534834,-0.3734971,0.11911838,-0.11283204,-0.10302592,-0.21983148,-0.3210756,0.25333673,-0.43208882,-0.16036913,0.089842975,-0.49947035,-0.30477077,-0.15077673,-0.008949299,0.098862775,0.017886827,0.027838051,0.041837912,-0.054653414,0.008029118,-0.015309455,-0.011725588,-0.052884653,0.02424857,0.8145
1,-521.093,41.79169,54.183575,66.94102,-2.1901877,15.743099,10.702126,17.57418,-10.231753,-9.399105,-2.975569,1.237173,-4.1162887,-2.783119,0.27927217,-0.5196843,-0.40336365,0.18197985,0.51206464,-0.23161986,-0.10564237,0.40927547,0.15779343,0.28139022,0.103236526,0.06512488,0.37738442,-0.27050626,-0.1621823,-0.2002969,0.090799384,0.07633605,0.018914696,0.03906441,0.066680044,0.036256082,0.011376544,0.038705174,-0.013843439,0.847
1,-327.00595,-25.757856,44.881855,20.27777,-0.7753362,14.745405,-6.215283,8.670297,-7.703849,-3.3268,-2.4759705,3.9515767,-14.130508,0.2700048,-0.21321134,-0.3102407,-0.19091384,-0.16041884,0.19381274,-0.16799726,-0.2572751,-0.16574341,-0.28370732,-0.43878838,-0.10915606,-0.37049806,-1.0624392,-0.32655725,-0.073824525,0.15690771,0.06920646,-0.059988618,0.014390884,0.059581906,-0.0019753617,0.026581237,0.069160104,-0.0041256957,0.03862761,0.8499375
1,-561.7151,48.716316,42.932575,71.978836,-1.3603584,14.458044,5.0265937,19.521746,-8.065339,-12.5591,-0.65726066,4.4806843,-2.101777,-1.3984053,0.4622582,0.09600523,-0.0950362,0.0854528,-0.054087993,0.10142951,-0.11499627,0.41271067,0.06374761,-0.15911536,0.02803076,0.028379953,-0.23171532,0.10071377,0.01622478,0.020426435,0.014623322,-0.014428641,-0.021381678,0.010452824,0.0077979164,-0.0064387885,-0.036148414,0.021810684,-0.01696182,1.102875
1,-326.59088,-16.947262,43.275818,18.57271,6.871806,9.19278,-5.653001,12.311866,-11.295341,1.3367612,-4.8082385,3.9457867,-12.180906,-1.1195731,-0.29688007,-0.35058662,-0.12034882,0.35474712,-0.2216113,-0.1854955,-0.16445577,-0.11585465,-0.25177628,0.00539314,-0.14604554,-0.28668097,-0.98613805,-0.2661253,-0.118749276,-0.06286235,0.07909642,0.022868723,-0.032170497,-0.031470872,0.0071100523,-0.06773859,0.04436334,0.04942906,0.10565561,0.87125
1,-495.47098,24.372715,43.059475,78.868515,-11.392937,11.148774,11.118875,6.7313275,-8.866844,-18.797298,4.969346,-8.848306,-7.483408,-2.4514635,0.958033,0.8406072,0.033781018,0.4260339,-0.21409477,0.116781294,-0.22216994,-0.2887038,-0.042204574,-0.32876566,-0.0045073777,-0.37295014,-1.202436,0.08880421,-0.38223127,-0.28143477,0.11190835,-0.16467898,-0.10844349,-0.048427984,0.0323601,0.03025338,0.024767088,0.07031936,-0.0321743,0.7680625
