0,0.0425000,0.1025000,0.1025000,0.2525000,0.2525000,0.3725000,0.3725000,0.5425000,0.5425000,0.7225000,-26.326271,-25.924074,-27.041819,-26.481247,-26.923502
0,0.0625000,0.1025000,0.1025000,0.1625000,0.1625000,0.2025000,0.2025000,0.3725000,0.3725000,0.4625000,-23.489815,-26.27799,-26.968323,-25.497494,-27.874281
0,0.0425000,0.0725000,0.0725000,0.2325000,0.2325000,0.3525000,0.3525000,0.3825000,0.3825000,0.5825000,-29.782129,-25.880596,-25.534433,-30.228394,-25.849285
0,0.0425000,0.1725000,0.1725000,0.2225000,0.2225000,0.3525000,0.3525000,0.5925000,0.5925000,0.6725000,-25.061726,-27.846607,-25.422071,-24.793932,-25.591843
0,0.0425000,0.1225000,0.1225000,0.2525000,0.2525000,0.3525000,0.3525000,0.5525000,0.5525000,0.6225000,-27.715475,-26.60906,-28.304607,-26.393225,-26.790545
0,0.0425000,0.0825000,0.0825000,0.1125000,0.1125000,0.2625000,0.2625000,0.4825000,0.4825000,0.5625000,-27.247677,-31.74231,-24.642456,-25.817749,-27.519562
0,0.0425000,0.0925000,0.0925000,0.2425000,0.2425000,0.3325000,0.3325000,0.3625000,0.3625000,0.5425000,-31.577408,-26.107771,-27.141777,-29.134501,-25.695639
0,0.0425000,0.0725000,0.0725000,0.2425000,0.2425000,0.3825000,0.3825000,0.4325000,0.4325000,0.6125000,-29.844423,-27.844217,-29.402744,-28.147045,-26.097412
0,0.0425000,0.0825000,0.0825000,0.2625000,0.2625000,0.3925000,0.3925000,0.4225000,0.4225000,0.6025000,-28.363976,-27.125772,-26.810364,-34.358154,-27.113335
0,0.0525000,0.1025000,0.1025000,0.2425000,0.2425000,0.3925000,0.3925000,0.4425000,0.4425000,0.6225000,-28.154568,-26.034868,-25.675224,-25.190308,-24.464273
0,0.0425000,0.1025000,0.1025000,0.1325000,0.1325000,0.2825000,0.2825000,0.5125000,0.5125000,0.6525000,-24.88549,-28.975952,-25.620663,-27.367247,-27.194258
0,0.0425000,0.0925000,0.0925000,0.2325000,0.2325000,0.3225000,0.3225000,0.5625000,0.5625000,0.6925000,-26.326551,-26.698397,-24.964098,-25.843779,-26.695904
0,0.0425000,0.1225000,0.1225000,0.2725000,0.2725000,0.3525000,0.3525000,0.5425000,0.5425000,0.6725000,-26.724693,-28.303844,-26.176781,-26.3081,-27.045889
0,0.0425000,0.1025000,0.1025000,0.1325000,0.1325000,0.3325000,0.3325000,0.5425000,0.5425000,0.6825000,-26.447586,-30.365393,-25.229786,-26.972584,-27.094143
0,0.0925000,0.1225000,0.1225000,0.1625000,0.1625000,0.2225000,0.2225000,0.4125000,0.4125000,0.5125000,-31.576721,-33.573868,-27.283041,-26.037531,-27.218983
0,0.0425000,0.0925000,0.0925000,0.1225000,0.1225000,0.3125000,0.3125000,0.5225000,0.5225000,0.6625000,-26.867149,-32.131561,-25.255754,-26.766312,-26.797878
0,0.0425000,0.1925000,0.1925000,0.2225000,0.2225000,0.3325000,0.3325000,0.5825000,0.5825000,0.7325000,-25.580164,-32.55785,-26.353533,-26.116833,-26.31538
0,0.0425000,0.1225000,0.1225000,0.1525000,0.1525000,0.2825000,0.2825000,0.5325000,0.5325000,0.6625000,-27.650166,-28.5142,-26.469593,-26.53648,-26.633574
0,0.0425000,0.1125000,0.1125000,0.1425000,0.1425000,0.3025000,0.3025000,0.5125000,0.5125000,0.5925000,-24.908871,-31.07966,-24.609032,-24.985849,-25.761032
0,0.6125000,0.9125000,0.9125000,0.9425000,0.9425000,1.1425000,1.1425000,1.1725000,1.1725000,1.4125000,-23.351896,-31.575317,-24.062634,-32.804363,-25.82609
0,0.5125000,0.8325000,0.8325000,0.9725000,0.9725000,1.2925000,1.2925000,1.4025000,1.4025000,1.5625000,-22.279293,-25.085859,-24.244839,-27.510897,-23.661392
0,0.4925000,0.7125000,0.7125000,0.8425000,0.8425000,1.1125000,1.1125000,1.1625000,1.1625000,1.4125000,-25.120991,-24.978262,-24.163366,-25.504541,-26.834766
0,0.4825000,0.8125000,0.8125000,0.8425000,0.8425000,1.0925000,1.0925000,1.1925000,1.1925000,1.3625000,-21.899197,-34.690228,-24.57666,-27.235035,-25.546257
0,0.5025000,0.8225000,0.8225000,0.8925000,0.8925000,1.2125000,1.2125000,1.2425000,1.2425000,1.4225000,-22.557081,-26.570417,-24.855305,-28.251465,-25.087158
0,0.5325000,0.5625000,0.5625000,0.5925000,0.5925000,1.2925000,1.2925000,1.3225000,1.3225000,1.5125000,-27.15336,-28.892944,-24.822636,-32.308186,-24.419317
0,0.4825000,0.6825000,0.6825000,0.8825000,0.8825000,1.1325000,1.1325000,1.1625000,1.1625000,1.3825000,-24.720966,-27.184143,-24.638706,-33.064373,-24.785179
0,0.4925000,0.6825000,0.6825000,0.8725000,0.8725000,1.0525000,1.0525000,1.0825000,1.0825000,1.3025000,-22.251978,-26.33552,-27.30365,-31.701498,-24.095736
0,0.5425000,0.9325000,0.9325000,0.9625000,0.9625000,1.2925000,1.2925000,1.3325000,1.3325000,1.4825000,-22.375137,-32.622028,-22.984167,-34.367981,-26.756739
0,0.5025000,0.6825000,0.6825000,0.7125000,0.7125000,1.0625000,1.0625000,1.0925000,1.0925000,1.2525000,-24.350016,-33.052734,-23.433643,-34.69035,-26.426346
0,0.6525000,0.9425000,0.9425000,0.9825000,0.9825000,1.0125000,1.0125000,1.0725000,1.0725000,1.5125000,-22.26573,-26.741272,-29.22876,-28.352539,-24.545094
0,0.5425000,0.8325000,0.8325000,0.9025000,0.9025000,1.2425000,1.2425000,1.2825000,1.2825000,1.4525000,-21.00415,-27.187622,-24.681746,-30.842773,-25.291849
0,0.6425000,0.8325000,0.8325000,0.8725000,0.8725000,1.2725000,1.2725000,1.3025000,1.3025000,1.6025000,-23.28982,-30.835052,-25.062424,-27.604736,-24.000919
0,0.6225000,0.8325000,0.8325000,0.9725000,0.9725000,1.2325000,1.2325000,1.2625000,1.2625000,1.4125000,-24.239408,-27.153486,-27.827007,-35.369629,-25.356169
0,0.5625000,0.8725000,0.8725000,0.9025000,0.9025000,0.9325000,0.9325000,0.9625000,0.9625000,1.4225000,-22.420761,-33.238037,-27.736002,-31.94458,-24.221813
0,0.5525000,0.8025000,0.8025000,1.0225000,1.0225000,1.3425000,1.3425000,1.5125000,1.5125000,1.7325000,-23.62372,-24.99991,-27.686531,-28.253777,-23.000299
0,0.5825000,0.8125000,0.8125000,0.9425000,0.9425000,1.1025000,1.1025000,1.2925000,1.2925000,1.4725000,-26.669418,-25.477465,-26.653488,-29.432373,-24.647203
0,0.4325000,0.7525000,0.7525000,0.7825000,0.7825000,1.2225000,1.2225000,1.2525000,1.2525000,1.2825000,-22.365585,-36.101116,-22.144873,-30.775797,-27.629965
0,0.7025000,0.9325000,0.9325000,1.0825000,1.0825000,1.3425000,1.3425000,1.4425000,1.4425000,1.5925000,-24.129999,-25.541967,-26.505371,-28.105835,-24.184814
0,0.5625000,0.8225000,0.8225000,0.8525000,0.8525000,1.1225000,1.1225000,1.2425000,1.2425000,1.4025000,-22.131779,-31.884439,-23.726463,-28.949606,-25.156982
0,1.0925000,1.4325000,1.4325000,1.4625000,1.4625000,1.7825000,1.7825000,1.8125000,1.8125000,1.9925000,-24.669294,-32.325848,-24.006012,-34.591228,-26.284233
0,0.6025000,0.9625000,0.9625000,1.0425000,1.0425000,1.3625000,1.3625000,1.3925000,1.3925000,1.6025000,-22.483147,-27.292465,-25.130135,-32.393475,-23.758987
0,0.5125000,0.7925000,0.7925000,0.8225000,0.8225000,0.8825000,0.8825000,0.9125000,0.9125000,1.4225000,-25.026968,-31.616251,-26.307333,-29.716227,-26.207891
0,0.7725000,0.9925000,0.9925000,1.1625000,1.1625000,1.4125000,1.4125000,1.4925000,1.4925000,1.6225000,-23.855103,-26.469526,-26.023418,-28.448975,-26.052002
0,0.6925000,1.0525000,1.0525000,1.0825000,1.0825000,1.4325000,1.4325000,1.6025000,1.6025000,1.8125000,-22.035763,-35.287273,-27.010553,-30.624784,-26.505569
0,0.8825000,1.1325000,1.1325000,1.1725000,1.1725000,1.3625000,1.3625000,1.5825000,1.5825000,1.6525000,-27.056469,-29.093079,-25.012733,-25.586958,-24.895647
0,0.7225000,0.9925000,0.9925000,1.0225000,1.0225000,1.2225000,1.2225000,1.4025000,1.4025000,1.5525000,-27.053276,-36.538982,-25.900537,-25.190987,-23.746176
0,0.7225000,1.0325000,1.0325000,1.0825000,1.0825000,1.3525000,1.3525000,1.4825000,1.4825000,1.6325000,-21.524792,-27.856201,-23.153881,-27.440786,-24.70542
0,0.6925000,0.8925000,0.8925000,1.0725000,1.0725000,1.2825000,1.2825000,1.3125000,1.3125000,1.5025000,-23.345856,-26.549927,-27.815674,-35.375652,-24.107306
0,0.7425000,1.1025000,1.1025000,1.2025000,1.2025000,1.3925000,1.3925000,1.6025000,1.6025000,1.7325000,-23.443825,-26.966187,-24.236507,-25.48563,-25.37517
0,0.6525000,0.8025000,0.8025000,0.9125000,0.9125000,0.9425000,0.9425000,0.9725000,0.9725000,1.4125000,-29.913689,-25.286188,-30.189371,-30.995932,-25.311363
0,0.7625000,1.0925000,1.0925000,1.1625000,1.1625000,1.4925000,1.4925000,1.5425000,1.5425000,1.7725000,-22.291245,-28.62092,-23.632961,-30.101171,-24.699644
0,0.6125000,0.8425000,0.8425000,1.0025000,1.0025000,1.2325000,1.2325000,1.3325000,1.3325000,1.4625000,-24.873121,-25.178291,-27.695494,-28.963282,-23.641094
0,0.8425000,0.8725000,0.8725000,0.9025000,0.9025000,1.1725000,1.1725000,1.2025000,1.2025000,1.7625000,-30.87561,-36.029095,-25.967154,-31.475098,-25.292057
0,0.7025000,1.0325000,1.0325000,1.0825000,1.0825000,1.3225000,1.3225000,1.5125000,1.5125000,1.6225000,-26.173454,-28.205517,-24.771749,-26.376144,-27.027254
0,0.6525000,0.9425000,0.9425000,0.9725000,0.9725000,1.3225000,1.3225000,1.4225000,1.4225000,1.5625000,-22.262598,-32.557819,-24.046926,-28.228003,-25.496199
0,0.7625000,1.0325000,1.0325000,1.0625000,1.0625000,1.3925000,1.3925000,1.4225000,1.4225000,1.6025000,-21.80052,-35.081951,-25.790905,-36.408039,-26.293837
0,0.5325000,0.5625000,0.5625000,0.6125000,0.6125000,1.3225000,1.3225000,1.4825000,1.4825000,1.6125000,-27.31315,-24.975561,-23.99617,-28.752808,-23.119741
0,0.5325000,0.7425000,0.7425000,0.9425000,0.9425000,1.0825000,1.0825000,1.3125000,1.3125000,1.4625000,-25.294922,-27.435444,-28.690847,-28.248621,-26.645979
0,0.7425000,0.9825000,0.9825000,1.1125000,1.1125000,1.3525000,1.3525000,1.3825000,1.3825000,1.5925000,-23.69132,-26.135799,-24.67275,-30.103842,-25.60004
0,0.6925000,0.9925000,0.9925000,1.0325000,1.0325000,1.2825000,1.2825000,1.3725000,1.3725000,1.5325000,-22.377958,-31.329865,-25.357168,-27.291721,-28.427933
0,0.6325000,0.8925000,0.8925000,1.0625000,1.0625000,1.3325000,1.3325000,1.3625000,1.3625000,1.5825000,-23.994093,-25.675127,-26.608444,-34.439453,-26.348167
0,0.7825000,1.0225000,1.0225000,1.2025000,1.2025000,1.4725000,1.4725000,1.5025000,1.5025000,1.7025000,-23.225225,-25.78643,-27.370651,-35.141357,-23.66206
0,0.7025000,0.9725000,0.9725000,1.1225000,1.1225000,1.3925000,1.3925000,1.4825000,1.4825000,1.7025000,-22.833044,-24.767179,-25.916758,-27.42749,-27.102272
0,0.5525000,0.8225000,0.8225000,0.9625000,0.9625000,1.1825000,1.1825000,1.3525000,1.3525000,1.4825000,-26.015764,-25.015415,-24.570711,-26.636948,-27.845497
0,0.6625000,0.8625000,0.8625000,1.0425000,1.0425000,1.1925000,1.1925000,1.3825000,1.3825000,1.5225000,-25.089661,-26.999458,-24.111702,-25.540129,-27.16218
0,0.6325000,0.8725000,0.8725000,0.9025000,0.9025000,1.2525000,1.2525000,1.2825000,1.2825000,1.4425000,-21.642542,-34.915813,-24.369692,-32.492676,-27.037582
0,0.7225000,1.0425000,1.0425000,1.0725000,1.0725000,1.3925000,1.3925000,1.4225000,1.4225000,1.6025000,-21.573456,-36.523438,-24.686478,-35.075928,-25.297539
0,0.7225000,0.8925000,0.8925000,0.9225000,0.9225000,1.2825000,1.2825000,1.3225000,1.3225000,1.5025000,-25.612871,-39.480267,-24.491238,-30.862488,-25.948784
0,0.6625000,0.8925000,0.8925000,1.0625000,1.0625000,1.0925000,1.0925000,1.1225000,1.1225000,1.5125000,-22.649578,-25.99366,-30.866455,-34.7299,-25.209379
0,0.6025000,0.9025000,0.9025000,0.9925000,0.9925000,1.2325000,1.2325000,1.3825000,1.3825000,1.5625000,-22.875143,-26.982191,-25.830545,-25.358578,-28.327583
0,0.6425000,0.6725000,0.6725000,0.7525000,0.7525000,1.0025000,1.0025000,1.0325000,1.0325000,1.5425000,-27.150553,-27.532578,-23.801109,-29.856039,-24.096952
0,0.5725000,0.7825000,0.7825000,0.9925000,0.9925000,1.2625000,1.2625000,1.3725000,1.3725000,1.5125000,-27.998634,-27.552734,-24.282444,-28.983309,-25.053345
0,0.6125000,0.6425000,0.6425000,0.7025000,0.7025000,1.1925000,1.1925000,1.3625000,1.3625000,1.4925000,-28.453653,-27.772562,-24.631464,-27.685375,-26.669003
0,0.6625000,0.9025000,0.9025000,0.9325000,0.9325000,1.2625000,1.2625000,1.3725000,1.3725000,1.5625000,-25.209442,-41.172852,-25.162357,-28.232134,-23.133081
0,0.6325000,0.8225000,0.8225000,1.0025000,1.0025000,1.2525000,1.2525000,1.3025000,1.3025000,1.4625000,-26.333599,-26.872267,-24.376396,-30.698292,-24.334137
0,0.6425000,0.9125000,0.9125000,0.9425000,0.9425000,1.2025000,1.2025000,1.3725000,1.3725000,1.5425000,-25.105347,-33.610229,-25.71343,-28.939596,-27.44985
0,0.7525000,0.9725000,0.9725000,1.1325000,1.1325000,1.6225000,1.6225000,1.6525000,1.6525000,1.6825000,-23.231733,-24.485939,-26.438496,-27.463379,-27.096273
0,0.6225000,0.9325000,0.9325000,0.9625000,0.9625000,1.0425000,1.0425000,1.0725000,1.0725000,1.4925000,-23.603941,-37.436848,-26.460754,-29.415771,-25.49828
0,0.8225000,1.0925000,1.0925000,1.2425000,1.2425000,1.5225000,1.5225000,1.6525000,1.6525000,1.8025000,-24.337502,-26.209522,-25.194407,-27.270094,-24.691877
0,0.8625000,1.1025000,1.1025000,1.1325000,1.1325000,1.3725000,1.3725000,1.5725000,1.5725000,1.6925000,-24.770029,-37.349365,-24.875906,-28.402271,-27.115152
0,0.7025000,1.0325000,1.0325000,1.0625000,1.0625000,1.2925000,1.2925000,1.3225000,1.3225000,1.6425000,-23.125433,-34.197021,-22.835312,-32.924641,-24.570541
0,0.7025000,0.9225000,0.9225000,0.9525000,0.9525000,1.3525000,1.3525000,1.3825000,1.3825000,1.5225000,-24.260826,-34.571289,-25.245285,-33.000977,-24.169241
0,0.7025000,0.8725000,0.8725000,0.9025000,0.9025000,1.2025000,1.2025000,1.2325000,1.2325000,1.4925000,-24.684765,-38.50301,-24.30649,-27.278402,-24.827871
0,0.6425000,0.8425000,0.8425000,1.0525000,1.0525000,1.2625000,1.2625000,1.2925000,1.2925000,1.4925000,-27.003271,-27.702875,-24.572172,-32.308025,-24.974194
0,0.7725000,1.0325000,1.0325000,1.1925000,1.1925000,1.4525000,1.4525000,1.4825000,1.4825000,1.7225000,-25.091061,-24.984573,-27.277203,-33.573406,-24.360291
0,0.6525000,0.8825000,0.8825000,1.0225000,1.0225000,1.2425000,1.2425000,1.3425000,1.3425000,1.4925000,-25.031828,-24.681658,-28.494551,-30.704662,-25.339485
0,0.7525000,1.0425000,1.0425000,1.1825000,1.1825000,1.5025000,1.5025000,1.5325000,1.5325000,1.7025000,-23.26573,-26.33013,-26.76548,-31.82601,-26.458439
0,0.5525000,0.7725000,0.7725000,0.9125000,0.9125000,1.3925000,1.3925000,1.4225000,1.4225000,1.4525000,-23.822233,-24.293989,-25.499941,-26.519775,-25.668131
0,0.9425000,1.1525000,1.1525000,1.3325000,1.3325000,1.5325000,1.5325000,1.6525000,1.6525000,1.8425000,-24.757877,-26.170546,-26.673962,-25.997885,-25.629074
0,0.8125000,0.9525000,0.9525000,1.1725000,1.1725000,1.3425000,1.3425000,1.4625000,1.4625000,1.6225000,-29.929827,-25.686207,-26.804745,-25.454163,-28.240265
0,0.9225000,1.1425000,1.1425000,1.1725000,1.1725000,1.4625000,1.4625000,1.6725000,1.6725000,1.8625000,-23.513451,-33.466309,-26.650534,-27.398426,-24.488295
0,0.7625000,0.9625000,0.9625000,1.1525000,1.1525000,1.3525000,1.3525000,1.3925000,1.3925000,1.5325000,-26.569397,-25.787796,-24.361389,-30.660522,-26.100063
0,0.7825000,1.0525000,1.0525000,1.0825000,1.0825000,1.2725000,1.2725000,1.4425000,1.4425000,1.6125000,-26.652393,-33.752686,-22.727371,-25.352983,-25.887838
0,0.5825000,0.7825000,0.7825000,0.9725000,0.9725000,1.1725000,1.1725000,1.2025000,1.2025000,1.3825000,-23.424145,-26.464182,-25.512451,-31.63265,-25.188896
0,0.9425000,1.1025000,1.1025000,1.2825000,1.2825000,1.5325000,1.5325000,1.6225000,1.6225000,1.7825000,-23.639236,-27.144518,-24.458731,-27.787407,-24.484604
0,0.6325000,0.8625000,0.8625000,1.0225000,1.0225000,1.2525000,1.2525000,1.2825000,1.2825000,1.4825000,-25.458284,-24.914192,-23.936958,-32.29842,-24.30492
0,0.6725000,1.0225000,1.0225000,1.0525000,1.0525000,1.4225000,1.4225000,1.4525000,1.4525000,1.6525000,-22.401114,-34.103027,-23.66659,-30.290365,-24.958277
0,0.6625000,0.8825000,0.8825000,0.9825000,0.9825000,1.2225000,1.2225000,1.2825000,1.2825000,1.4525000,-27.947821,-28.289783,-25.705435,-30.249674,-25.549345
0,0.8825000,1.0925000,1.0925000,1.2925000,1.2925000,1.8025000,1.8025000,1.8625000,1.8625000,1.8925000,-24.282953,-26.460827,-25.846733,-26.042196,-27.259277
0,0.5925000,0.6225000,0.6225000,0.6925000,0.6925000,1.0425000,1.0425000,1.1425000,1.1425000,1.5225000,-27.995035,-21.719709,-26.50392,-27.392017,-25.023611
0,0.8925000,1.0925000,1.0925000,1.2725000,1.2725000,1.4825000,1.4825000,1.6025000,1.6025000,1.8725000,-27.167139,-25.642647,-25.410738,-26.403605,-23.206362
0,0.4725000,0.7725000,0.7725000,0.8725000,0.8725000,1.1425000,1.1425000,1.1725000,1.1725000,1.3725000,-22.483967,-26.742884,-23.456032,-32.900391,-24.67544
0,0.7225000,0.9625000,0.9625000,1.1625000,1.1625000,1.4525000,1.4525000,1.5425000,1.5425000,1.7025000,-23.374634,-26.290081,-25.166605,-26.570747,-24.651993
0,0.6325000,0.6625000,0.6625000,0.8125000,0.8125000,1.0925000,1.0925000,1.1225000,1.1225000,1.6525000,-30.067831,-26.365503,-23.184855,-31.121826,-24.277685
0,0.7725000,0.9725000,0.9725000,1.1325000,1.1325000,1.3325000,1.3325000,1.3625000,1.3625000,1.5525000,-24.943384,-25.079376,-24.288952,-31.288574,-26.529207
0,0.8825000,1.2125000,1.2125000,1.2425000,1.2425000,1.4725000,1.4725000,1.6025000,1.6025000,1.7425000,-24.739454,-34.738689,-24.56716,-25.35314,-27.072371
0,0.9325000,1.2625000,1.2625000,1.2925000,1.2925000,1.5325000,1.5325000,1.7625000,1.7625000,1.9025000,-24.918036,-34.121338,-23.99122,-25.863335,-24.581472
0,0.7325000,0.9825000,0.9825000,1.0125000,1.0125000,1.3525000,1.3525000,1.3825000,1.3825000,1.5525000,-22.562212,-33.290527,-25.328438,-35.598145,-26.472311
0,0.8525000,1.0625000,1.0625000,1.0925000,1.0925000,1.1425000,1.1425000,1.1725000,1.1725000,1.6025000,-23.982271,-31.487387,-29.88833,-35.400227,-24.280785
0,1.0625000,1.4425000,1.4425000,1.6925000,1.6925000,1.7825000,1.7825000,1.8125000,1.8125000,1.8925000,-27.861313,-24.829317,-26.65077,-30.508707,-25.481445
0,0.7225000,1.0925000,1.0925000,1.1425000,1.1425000,1.4625000,1.4625000,1.5725000,1.5725000,1.7125000,-25.425547,-26.785498,-24.489731,-27.87509,-24.16748
0,0.8825000,1.0725000,1.0725000,1.2025000,1.2025000,1.4725000,1.4725000,1.5025000,1.5025000,1.6425000,-24.991571,-24.467417,-26.234402,-33.10791,-25.315884
0,0.8625000,1.1225000,1.1225000,1.1525000,1.1525000,1.4425000,1.4425000,1.4725000,1.4725000,1.6325000,-26.798607,-39.510986,-24.426025,-31.110025,-23.240585
0,0.8225000,0.9025000,0.9025000,0.9325000,0.9325000,1.2325000,1.2325000,1.4225000,1.4225000,1.5225000,-25.434082,-34.442261,-26.370638,-25.662687,-28.727367
0,0.8725000,1.0625000,1.0625000,1.0925000,1.0925000,1.2625000,1.2625000,1.3925000,1.3925000,1.5625000,-27.748779,-34.359619,-25.780863,-25.815523,-25.037613
0,0.6425000,0.9425000,0.9425000,0.9725000,0.9725000,1.2625000,1.2625000,1.2925000,1.2925000,1.4825000,-23.134504,-36.950603,-26.710644,-34.99585,-22.831581
0,0.7925000,1.0825000,1.0825000,1.1525000,1.1525000,1.4525000,1.4525000,1.4825000,1.4825000,1.6425000,-23.67704,-26.80814,-24.535702,-30.032553,-23.715378
0,0.0525000,0.1525000,0.1525000,0.2725000,0.2725000,0.3525000,0.3525000,0.5325000,0.5325000,0.7225000,-27.532619,-29.019577,-24.375595,-23.923086,-23.866873
0,0.0425000,0.0925000,0.0925000,0.2625000,0.2625000,0.3725000,0.3725000,0.4225000,0.4225000,0.6425000,-28.960302,-25.22365,-24.294117,-31.491541,-25.977949
0,0.0425000,0.1125000,0.1125000,0.2225000,0.2225000,0.3525000,0.3525000,0.3825000,0.3825000,0.4125000,-28.477858,-27.173986,-26.326454,-29.115946,-23.89382
0,0.0425000,0.0725000,0.0725000,0.1025000,0.1025000,0.2125000,0.2125000,0.3325000,0.3325000,0.4725000,-29.929649,-28.276133,-27.134962,-27.938873,-25.368618
0,0.0725000,0.2325000,0.2325000,0.2625000,0.2625000,0.3125000,0.3125000,0.5125000,0.5125000,0.6425000,-25.692017,-33.028442,-25.246277,-25.870901,-24.138287
0,0.0925000,0.1325000,0.1325000,0.2425000,0.2425000,0.2825000,0.2825000,0.3725000,0.3725000,0.4425000,-31.832283,-29.103943,-30.399689,-28.91445,-28.618757
0,0.0425000,0.1025000,0.1025000,0.2225000,0.2225000,0.4025000,0.4025000,0.5425000,0.5425000,0.6025000,-27.810591,-28.372849,-28.902031,-28.206308,-28.39567
0,0.0425000,0.1025000,0.1025000,0.2525000,0.2525000,0.3525000,0.3525000,0.3825000,0.3825000,0.6325000,-27.457716,-30.085651,-28.645685,-30.134909,-28.675547
0,0.0825000,0.1125000,0.1125000,0.1525000,0.1525000,0.2825000,0.2825000,0.3125000,0.3125000,0.4825000,-27.278656,-29.360695,-28.336597,-31.483826,-27.194868
0,0.0725000,0.1025000,0.1025000,0.1925000,0.1925000,0.2225000,0.2225000,0.2925000,0.2925000,0.4025000,-27.409662,-27.067722,-30.593485,-27.901062,-25.773409
0,0.0425000,0.1625000,0.1625000,0.1925000,0.1925000,0.3425000,0.3425000,0.6325000,0.6325000,0.7325000,-25.096483,-30.707275,-25.98074,-26.068079,-24.802185
0,0.0425000,0.1025000,0.1025000,0.1525000,0.1525000,0.2725000,0.2725000,0.4325000,0.4325000,0.6125000,-27.267508,-26.786346,-28.266968,-27.070274,-26.67433
0,0.0425000,0.0725000,0.0725000,0.1525000,0.1525000,0.2325000,0.2325000,0.4925000,0.4925000,0.6025000,-35.03278,-26.719839,-30.224045,-25.69459,-24.886286
0,0.0425000,0.1425000,0.1425000,0.1725000,0.1725000,0.3125000,0.3125000,0.5225000,0.5225000,0.6125000,-25.251791,-33.933491,-29.119303,-27.422319,-23.89015
0,0.0425000,0.1025000,0.1025000,0.1525000,0.1525000,0.3125000,0.3125000,0.5425000,0.5425000,0.7125000,-29.50802,-28.394445,-28.432188,-26.863749,-26.771513
0,0.0425000,0.1225000,0.1225000,0.1525000,0.1525000,0.3025000,0.3025000,0.5225000,0.5225000,0.6025000,-26.443275,-31.727133,-28.095272,-25.789925,-25.373428
0,0.0425000,0.1825000,0.1825000,0.2125000,0.2125000,0.3425000,0.3425000,0.5825000,0.5825000,0.6825000,-23.64994,-30.939779,-25.918297,-26.965315,-23.235693
0,0.0425000,0.1325000,0.1325000,0.1625000,0.1625000,0.2525000,0.2525000,0.5125000,0.5125000,0.5725000,-27.352112,-32.848999,-27.785774,-25.433418,-24.316793
0,0.0425000,0.1925000,0.1925000,0.2225000,0.2225000,0.3225000,0.3225000,0.5525000,0.5525000,0.7225000,-27.776083,-30.573914,-26.559118,-26.116373,-24.748787
0,1.1725000,1.2125000,1.2125000,1.2425000,1.2425000,1.2925000,1.2925000,1.4125000,1.4125000,1.7125000,-29.418945,-32.847248,-30.100489,-25.740967,-31.005404
0,0.4925000,0.6525000,0.6525000,0.6925000,0.6925000,0.7225000,0.7225000,0.7725000,0.7725000,0.8725000,-29.922562,-26.165161,-23.217325,-28.36018,-30.099255
0,0.7825000,0.8425000,0.8425000,0.9525000,0.9525000,1.0525000,1.0525000,1.0925000,1.0925000,1.2625000,-28.437439,-27.398382,-32.330883,-29.990479,-29.428064
0,0.6725000,0.7625000,0.7625000,0.8725000,0.8725000,0.9025000,0.9025000,0.9525000,0.9525000,1.1525000,-29.990927,-29.169279,-31.820557,-30.904932,-31.15625
0,0.8925000,0.9425000,0.9425000,1.0425000,1.0425000,1.0925000,1.0925000,1.2925000,1.2925000,1.5025000,-26.03562,-30.381348,-31.472754,-27.853271,-28.256918
0,0.5725000,0.6625000,0.6625000,0.7425000,0.7425000,0.7825000,0.7825000,0.9325000,0.9325000,1.0425000,-29.789999,-28.737518,-31.183746,-28.5896,-29.248047
0,0.5425000,0.6325000,0.6325000,0.6825000,0.6825000,0.8025000,0.8025000,0.8325000,0.8325000,0.9925000,-29.495415,-27.960424,-28.898172,-32.138062,-30.15403
0,1.1925000,1.2825000,1.2825000,1.3325000,1.3325000,1.3625000,1.3625000,1.4325000,1.4325000,1.6425000,-28.867296,-28.548681,-30.167807,-25.887974,-31.158831
0,0.7325000,0.8025000,0.8025000,0.9125000,0.9125000,1.0225000,1.0225000,1.0625000,1.0625000,1.1725000,-30.841309,-26.743752,-34.131481,-28.987366,-30.27994
0,0.6725000,0.7325000,0.7325000,0.8625000,0.8625000,1.0125000,1.0125000,1.2025000,1.2025000,1.2825000,-25.267294,-29.150429,-29.907764,-27.287251,-28.996277
0,0.4125000,0.4425000,0.4425000,0.4925000,0.4925000,0.5825000,0.5825000,0.8725000,0.8725000,0.9625000,-25.653442,-31.445423,-32.400837,-26.457212,-27.249756
0,0.4325000,0.6725000,0.6725000,0.7325000,0.7325000,0.7625000,0.7625000,0.9425000,0.9425000,1.1725000,-24.578352,-29.699747,-29.247925,-26.87108,-28.671398
0,0.6525000,0.7325000,0.7325000,0.7625000,0.7625000,0.7925000,0.7925000,0.8325000,0.8325000,1.0725000,-30.194366,-30.023153,-31.570841,-30.95166,-30.000732
0,0.6125000,0.6825000,0.6825000,0.7325000,0.7325000,0.8625000,0.8625000,0.8925000,0.8925000,0.9725000,-30.753889,-29.296265,-30.796997,-31.771729,-29.952789
0,0.5125000,0.5525000,0.5525000,0.6525000,0.6525000,0.7425000,0.7425000,0.7825000,0.7825000,0.8625000,-33.069611,-27.726612,-30.526585,-29.579926,-29.560074
0,1.0525000,1.1225000,1.1225000,1.1525000,1.1525000,1.2125000,1.2125000,1.4625000,1.4625000,1.5225000,-28.201975,-35.59367,-27.077311,-26.169052,-28.190918
0,0.8025000,0.8725000,0.8725000,0.9725000,0.9725000,1.0925000,1.0925000,1.1525000,1.1525000,1.2825000,-28.025269,-26.635365,-27.663635,-29.384277,-28.172476
0,0.8825000,0.9525000,0.9525000,0.9825000,0.9825000,1.1125000,1.1125000,1.1425000,1.1425000,1.3325000,-30.338518,-36.667725,-27.717623,-34.26701,-28.68119
0,0.4125000,0.4425000,0.4425000,0.5325000,0.5325000,0.5925000,0.5925000,0.7325000,0.7325000,0.9825000,-26.264547,-25.859871,-27.276855,-27.588657,-30.613071
0,0.5825000,0.6725000,0.6725000,0.7025000,0.7025000,0.8025000,0.8025000,0.8925000,0.8925000,0.9925000,-29.02672,-31.609375,-29.882313,-29.395861,-29.398853
0,0.5025000,0.6525000,0.6525000,0.7025000,0.7025000,0.7625000,0.7625000,0.9425000,0.9425000,1.0125000,-30.420378,-30.561279,-32.551941,-27.163853,-28.219553
0,0.8125000,0.8725000,0.8725000,0.9925000,0.9925000,1.0925000,1.0925000,1.1325000,1.1325000,1.2225000,-31.750427,-30.183756,-27.440502,-29.070923,-28.819227
0,1.7025000,1.9725000,1.9725000,2.0325000,2.0325000,2.1425000,2.1425000,2.1725000,2.1725000,2.2025000,-30.656033,-30.416666,-31.486727,-30.717611,-25.939127
0,0.5325000,0.6125000,0.6125000,0.6425000,0.6425000,0.7825000,0.7825000,0.9625000,0.9625000,1.0625000,-27.655869,-35.390381,-27.782785,-25.649088,-27.902027
0,0.6025000,0.7325000,0.7325000,0.8225000,0.8225000,0.8725000,0.8725000,1.0125000,1.0125000,1.2425000,-24.241831,-29.981215,-30.884668,-27.400339,-30.022419
0,0.5225000,0.5825000,0.5825000,0.6725000,0.6725000,0.7125000,0.7125000,0.9025000,0.9025000,0.9625000,-29.628214,-29.496717,-29.369629,-26.480604,-28.599691
0,0.4325000,0.4725000,0.4725000,0.5425000,0.5425000,0.6525000,0.6525000,0.6825000,0.6825000,0.9025000,-29.182755,-31.304766,-28.176546,-35.936359,-28.039934
0,1.2525000,1.3325000,1.3325000,1.3625000,1.3625000,1.5325000,1.5325000,1.5925000,1.5925000,1.6725000,-29.381897,-35.868572,-28.818502,-28.521851,-28.403625
0,1.3825000,1.4425000,1.4425000,1.5225000,1.5225000,1.6925000,1.6925000,1.7225000,1.7225000,1.7625000,-31.467203,-29.534515,-30.0137,-29.175619,-24.102173
0,0.8825000,0.9225000,0.9225000,0.9525000,0.9525000,1.2125000,1.2125000,1.2425000,1.2425000,1.3225000,-29.422546,-32.734699,-30.075064,-31.315268,-31.153137
0,0.0425000,0.0725000,0.0725000,0.1725000,0.1725000,0.2025000,0.2025000,0.2425000,0.2425000,0.4525000,-31.687647,-28.053337,-26.218454,-25.767685,-24.674049
0,0.2025000,0.3125000,0.3125000,0.3425000,0.3425000,0.5025000,0.5025000,0.5325000,0.5325000,0.5625000,-27.510431,-32.555767,-23.789211,-27.038534,-29.540487
0,0.2025000,0.2525000,0.2525000,0.2925000,0.2925000,0.4625000,0.4625000,0.4925000,0.4925000,0.5425000,-25.792309,-33.259476,-24.782642,-28.861734,-29.704199
0,0.2225000,0.4425000,0.4425000,0.4725000,0.4725000,0.5025000,0.5025000,0.5325000,0.5325000,0.5625000,-24.865751,-31.28064,-25.300699,-31.454346,-31.296713
0,0.0425000,0.1125000,0.1125000,0.2025000,0.2025000,0.3725000,0.3725000,0.4125000,0.4125000,0.6325000,-28.840704,-29.809984,-25.969795,-29.934128,-25.150591
0,0.0425000,0.1025000,0.1025000,0.1925000,0.1925000,0.2225000,0.2225000,0.4925000,0.4925000,0.7025000,-27.003996,-24.56642,-27.373434,-26.465836,-26.09886
0,0.1825000,0.2125000,0.2125000,0.3225000,0.3225000,0.3525000,0.3525000,0.4425000,0.4425000,0.6225000,-26.840363,-26.611994,-28.885254,-24.792704,-26.038689
0,0.0425000,0.0925000,0.0925000,0.1225000,0.1225000,0.2625000,0.2625000,0.4625000,0.4625000,0.6525000,-26.305454,-34.911533,-26.41033,-25.930027,-24.726267
0,0.1125000,0.2025000,0.2025000,0.2725000,0.2725000,0.3025000,0.3025000,0.3925000,0.3925000,0.5825000,-27.619987,-28.072641,-28.756226,-25.63596,-25.965281
0,0.0425000,0.0925000,0.0925000,0.1225000,0.1225000,0.2025000,0.2025000,0.4225000,0.4225000,0.5825000,-25.819401,-30.423056,-26.77626,-26.491919,-25.633911
0,0.0425000,0.1125000,0.1125000,0.1425000,0.1425000,0.2225000,0.2225000,0.4225000,0.4225000,0.5725000,-25.030983,-35.269001,-25.922665,-27.383921,-24.874228
0,0.0425000,0.1325000,0.1325000,0.2725000,0.2725000,0.4425000,0.4425000,0.4725000,0.4725000,0.6225000,-26.457884,-24.881237,-24.250725,-30.463663,-24.050041
0,0.0425000,0.1525000,0.1525000,0.3325000,0.3325000,0.5125000,0.5125000,0.6025000,0.6025000,0.7925000,-25.32461,-26.327374,-23.491014,-28.570896,-25.081331
0,0.0425000,0.1525000,0.1525000,0.4925000,0.4925000,0.5425000,0.5425000,0.5725000,0.5725000,0.6425000,-26.452742,-27.603519,-25.750854,-28.717245,-25.672834
0,0.0425000,0.2425000,0.2425000,0.5325000,0.5325000,0.7425000,0.7425000,0.9525000,0.9525000,1.1225000,-23.835588,-24.634611,-23.279362,-27.127476,-26.415771
0,0.0425000,0.2725000,0.2725000,0.4725000,0.4725000,0.6525000,0.6525000,0.8425000,0.8425000,1.0625000,-22.525301,-27.526484,-24.972189,-27.123182,-27.198687
0,0.0425000,0.2825000,0.2825000,0.4825000,0.4825000,0.6825000,0.6825000,0.8625000,0.8625000,1.0725000,-23.837471,-26.191959,-25.077137,-27.77969,-26.947382
0,0.0425000,0.1725000,0.1725000,0.3125000,0.3125000,0.3825000,0.3825000,0.4125000,0.4125000,0.4725000,-26.094887,-24.549997,-27.397017,-30.483236,-25.838297
0,0.0425000,0.1425000,0.1425000,0.3325000,0.3325000,0.4325000,0.4325000,0.5925000,0.5925000,0.7325000,-26.396172,-26.841141,-30.207916,-27.350189,-25.400146
0,0.0425000,0.4525000,0.4525000,0.6225000,0.6225000,0.7025000,0.7025000,0.7325000,0.7325000,0.7625000,-23.143169,-26.5529,-27.379684,-30.279337,-29.705118
0,0.2325000,0.4825000,0.4825000,0.6325000,0.6325000,0.7425000,0.7425000,0.7725000,0.7725000,0.8125000,-22.805079,-26.427393,-26.52063,-30.469442,-29.115997
0,0.0425000,0.4325000,0.4325000,0.5325000,0.5325000,0.5625000,0.5625000,0.6625000,0.6625000,0.8125000,-22.554302,-25.497334,-29.280884,-26.79945,-26.238411
0,0.0425000,0.1825000,0.1825000,0.3325000,0.3325000,0.5325000,0.5325000,0.6125000,0.6125000,0.8125000,-26.863941,-26.086067,-26.471827,-28.660309,-26.141094
0,0.0425000,0.1625000,0.1625000,0.3125000,0.3125000,0.4425000,0.4425000,0.6925000,0.6925000,0.8425000,-25.696289,-25.450474,-28.588594,-25.570684,-24.07229
0,0.0525000,0.2225000,0.2225000,0.3925000,0.3925000,0.5925000,0.5925000,0.7125000,0.7125000,0.9225000,-23.779432,-25.662308,-23.272457,-28.674387,-25.185617
0,0.0425000,0.1125000,0.1125000,0.2225000,0.2225000,0.3325000,0.3325000,0.4425000,0.4425000,0.5925000,-26.735813,-25.358393,-29.813221,-29.305975,-25.99423
0,0.0425000,0.1525000,0.1525000,0.3325000,0.3325000,0.7625000,0.7625000,0.7925000,0.7925000,0.8225000,-25.316275,-26.59705,-25.759846,-28.739908,-30.039185
0,0.0425000,0.1525000,0.1525000,0.3225000,0.3225000,0.5225000,0.5225000,0.6125000,0.6125000,0.7525000,-27.277281,-26.918179,-26.164911,-30.602715,-25.95582
0,0.0425000,0.2425000,0.2425000,0.2725000,0.2725000,0.4825000,0.4825000,0.7125000,0.7125000,0.8425000,-23.726591,-32.367065,-25.398897,-28.564331,-24.001099
0,0.0425000,0.2725000,0.2725000,0.3125000,0.3125000,0.4925000,0.4925000,0.7525000,0.7525000,0.8525000,-24.560421,-29.46698,-24.248762,-27.422874,-26.000744
0,0.0425000,0.2125000,0.2125000,0.3725000,0.3725000,0.5125000,0.5125000,0.7125000,0.7125000,0.8625000,-22.703272,-25.95286,-25.776865,-26.594227,-25.889746
0,0.0425000,0.1825000,0.1825000,0.3625000,0.3625000,0.5025000,0.5025000,0.7225000,0.7225000,0.8925000,-24.173407,-26.697561,-25.678354,-26.787964,-24.277451
0,0.0425000,0.1925000,0.1925000,0.3325000,0.3325000,0.4825000,0.4825000,0.7125000,0.7125000,0.8125000,-24.425901,-28.534039,-26.589144,-27.156256,-24.167212
0,0.0425000,0.2225000,0.2225000,0.2625000,0.2625000,0.4525000,0.4525000,0.6425000,0.6425000,0.8325000,-26.333214,-30.087708,-24.579603,-27.29027,-25.775333
0,0.0425000,0.2325000,0.2325000,0.2625000,0.2625000,0.4925000,0.4925000,0.6525000,0.6525000,0.7525000,-24.504288,-34.678143,-26.57304,-26.525757,-25.055492
0,0.0425000,0.2025000,0.2025000,0.2325000,0.2325000,0.3925000,0.3925000,0.6225000,0.6225000,0.6925000,-24.626518,-34.586834,-24.804893,-26.55847,-28.16987
0,0.0525000,0.2425000,0.2425000,0.4025000,0.4025000,0.5225000,0.5225000,0.7925000,0.7925000,0.9725000,-23.989864,-26.188778,-28.002838,-25.580326,-24.387852
0,0.0425000,0.1125000,0.1125000,0.2725000,0.2725000,0.3525000,0.3525000,0.5125000,0.5125000,0.6725000,-25.3561,-26.659893,-30.543083,-28.181656,-24.88755
0,0.0425000,0.1825000,0.1825000,0.3925000,0.3925000,0.5125000,0.5125000,0.7525000,0.7525000,0.9325000,-22.468697,-24.864212,-27.426935,-26.137741,-22.878696
0,0.0425000,0.1225000,0.1225000,0.2825000,0.2825000,0.3425000,0.3425000,0.5625000,0.5625000,0.7125000,-26.100174,-26.458351,-29.295023,-25.733446,-23.809774
0,0.0425000,0.1725000,0.1725000,0.3525000,0.3525000,0.5925000,0.5925000,0.6425000,0.6425000,0.7325000,-23.444773,-26.207615,-25.77462,-29.080591,-21.818686
0,0.2025000,0.3825000,0.3825000,0.5025000,0.5025000,0.5325000,0.5325000,0.6125000,0.6125000,0.7525000,-26.252712,-24.5495,-30.339273,-26.680847,-23.91238
0,0.0425000,0.1825000,0.1825000,0.2125000,0.2125000,0.3825000,0.3825000,0.6425000,0.6425000,0.7725000,-21.915293,-30.952993,-24.75186,-25.614796,-25.363525
0,0.0425000,0.0725000,0.0725000,0.2425000,0.2425000,0.4325000,0.4325000,0.4625000,0.4625000,0.6325000,-31.165941,-26.853455,-23.724976,-31.629272,-25.080925
0,0.0425000,0.1425000,0.1425000,0.3225000,0.3225000,0.4325000,0.4325000,0.6625000,0.6625000,0.7825000,-25.167875,-26.573666,-27.331799,-25.328089,-24.588247
0,0.0425000,0.0825000,0.0825000,0.2125000,0.2125000,0.3125000,0.3125000,0.5125000,0.5125000,0.6725000,-29.572201,-27.198879,-28.560131,-25.764215,-22.920753
0,0.0425000,0.1725000,0.1725000,0.2025000,0.2025000,0.4125000,0.4125000,0.6325000,0.6325000,0.7525000,-21.660973,-33.91333,-25.731295,-25.466625,-23.798319
0,0.0425000,0.0725000,0.0725000,0.2625000,0.2625000,0.3625000,0.3625000,0.5625000,0.5625000,0.7325000,-31.194275,-25.76268,-25.406025,-26.357599,-24.975822
0,0.0425000,0.1425000,0.1425000,0.1725000,0.1725000,0.3425000,0.3425000,0.6025000,0.6025000,0.7025000,-23.310266,-35.603954,-25.629234,-25.063396,-23.781239
0,0.0825000,0.2225000,0.2225000,0.3925000,0.3925000,0.5125000,0.5125000,0.7225000,0.7225000,0.8725000,-27.685398,-26.575924,-25.842001,-25.683983,-24.363859
0,0.0425000,0.1825000,0.1825000,0.2125000,0.2125000,0.3225000,0.3225000,0.5225000,0.5225000,0.6425000,-22.436977,-33.521526,-24.738493,-26.289026,-24.49119
0,0.0425000,0.0925000,0.0925000,0.2425000,0.2425000,0.2725000,0.2725000,0.5125000,0.5125000,0.7125000,-27.633085,-26.377708,-31.567606,-25.446749,-25.768366
0,0.0425000,0.0825000,0.0825000,0.2025000,0.2025000,0.3325000,0.3325000,0.5425000,0.5425000,0.6625000,-32.405571,-26.188206,-29.107618,-27.110294,-26.005442
0,0.0425000,0.1425000,0.1425000,0.2625000,0.2625000,0.3425000,0.3425000,0.5825000,0.5825000,0.6925000,-27.286991,-27.018377,-30.047165,-26.518053,-25.226973
0,0.0425000,0.0725000,0.0725000,0.2325000,0.2325000,0.4325000,0.4325000,0.4725000,0.4725000,0.6325000,-31.950119,-26.352394,-27.141546,-29.323822,-22.43689
0,0.0425000,0.1325000,0.1325000,0.2725000,0.2725000,0.3925000,0.3925000,0.6625000,0.6625000,0.7025000,-24.310301,-26.983515,-24.903717,-25.98502,-30.64209
0,0.0425000,0.1125000,0.1125000,0.2625000,0.2625000,0.5525000,0.5525000,0.5825000,0.5825000,0.7625000,-25.494825,-27.85276,-25.261051,-24.756144,-23.909241
0,0.0425000,0.1225000,0.1225000,0.2825000,0.2825000,0.4825000,0.4825000,0.5125000,0.5125000,0.7525000,-25.824127,-27.565277,-23.937775,-28.964884,-24.869253
0,0.0425000,0.1125000,0.1125000,0.2725000,0.2725000,0.4625000,0.4625000,0.5325000,0.5325000,0.7125000,-26.806623,-25.975647,-25.295853,-28.70949,-24.437492
0,0.0425000,0.1625000,0.1625000,0.3225000,0.3225000,0.4725000,0.4725000,0.5825000,0.5825000,0.7525000,-27.382898,-27.414762,-25.273581,-28.01194,-24.534115
0,0.0425000,0.1825000,0.1825000,0.3425000,0.3425000,0.4525000,0.4525000,0.8025000,0.8025000,0.8625000,-25.848124,-25.906424,-25.819342,-25.301075,-26.753662
0,0.0525000,0.1625000,0.1625000,0.3325000,0.3325000,0.4325000,0.4325000,0.7525000,0.7525000,0.8725000,-25.209084,-24.529583,-26.60619,-24.696255,-25.172262
0,0.0425000,0.1525000,0.1525000,0.2925000,0.2925000,0.3925000,0.3925000,0.6125000,0.6125000,0.7525000,-24.928368,-26.288555,-29.400879,-25.591015,-24.753096
0,0.0525000,0.1825000,0.1825000,0.2325000,0.2325000,0.3325000,0.3325000,0.5625000,0.5625000,0.7125000,-24.825342,-30.782984,-28.276318,-25.847654,-25.19331
0,0.0425000,0.2025000,0.2025000,0.3225000,0.3225000,0.4625000,0.4625000,0.7325000,0.7325000,0.8425000,-23.224243,-27.493124,-25.861856,-26.552279,-24.991255
0,0.0425000,0.2125000,0.2125000,0.2425000,0.2425000,0.4625000,0.4625000,0.8225000,0.8225000,0.8725000,-22.250158,-35.344616,-24.888,-25.600594,-29.375341
0,0.0425000,0.2625000,0.2625000,0.3025000,0.3025000,0.4825000,0.4825000,0.6725000,0.6725000,0.8625000,-20.79948,-30.282532,-27.462128,-27.031893,-28.182354
0,0.0425000,0.1525000,0.1525000,0.1825000,0.1825000,0.3025000,0.3025000,0.5025000,0.5025000,0.7125000,-25.342655,-33.200481,-25.487978,-26.523067,-27.528971
0,0.0425000,0.1925000,0.1925000,0.2225000,0.2225000,0.4025000,0.4025000,0.6325000,0.6325000,0.7925000,-21.440104,-32.664204,-23.630623,-26.62085,-24.350822
0,0.7625000,0.9525000,0.9525000,1.0325000,1.0325000,1.1925000,1.1925000,1.3625000,1.3625000,1.4925000,-26.188354,-28.522339,-24.973999,-27.571634,-28.356632
0,0.6625000,0.7925000,0.7925000,1.0025000,1.0025000,1.1125000,1.1125000,1.2825000,1.2825000,1.4625000,-27.348202,-27.964495,-24.558039,-27.347628,-28.193455
0,0.9525000,1.1225000,1.1225000,1.2025000,1.2025000,1.4125000,1.4125000,1.4425000,1.4425000,1.6625000,-24.919779,-29.014221,-25.551701,-31.476236,-27.158936
0,0.8525000,1.0225000,1.0225000,1.0525000,1.0525000,1.2625000,1.2625000,1.4625000,1.4625000,1.6225000,-24.343283,-30.459717,-25.712473,-26.920399,-26.616913
0,0.8125000,0.9525000,0.9525000,0.9825000,0.9825000,1.1825000,1.1825000,1.4025000,1.4025000,1.5425000,-25.31032,-30.746582,-26.41781,-27.277987,-27.938354
0,0.6325000,0.7925000,0.7925000,0.8925000,0.8925000,1.0125000,1.0125000,1.2725000,1.2725000,1.3825000,-25.329498,-27.55653,-24.166513,-27.801523,-28.53549
0,0.8325000,1.0225000,1.0225000,1.1625000,1.1625000,1.3025000,1.3025000,1.4525000,1.4525000,1.6125000,-24.005621,-28.893991,-24.465593,-28.943571,-24.883041
0,0.8825000,1.0625000,1.0625000,1.0925000,1.0925000,1.3325000,1.3325000,1.4925000,1.4925000,1.5925000,-24.390259,-30.936361,-23.865295,-26.542999,-28.481323
0,0.8825000,1.0425000,1.0425000,1.2025000,1.2025000,1.3225000,1.3225000,1.3525000,1.3525000,1.6225000,-25.903099,-25.4729,-26.333069,-27.564371,-26.09885
0,0.8025000,0.9525000,0.9525000,1.1325000,1.1325000,1.3525000,1.3525000,1.3925000,1.3925000,1.5525000,-26.459766,-28.725071,-26.553499,-32.038696,-26.224762
0,1.0225000,1.2125000,1.2125000,1.2925000,1.2925000,1.5125000,1.5125000,1.6525000,1.6525000,1.7925000,-23.411776,-27.228943,-23.631214,-27.13644,-27.567556
0,1.2625000,1.4525000,1.4525000,1.5025000,1.5025000,1.5325000,1.5325000,1.6625000,1.6625000,2.0925000,-26.852873,-26.825048,-25.5944,-26.569618,-27.457525
0,1.0725000,1.3225000,1.3225000,1.3925000,1.3925000,1.5325000,1.5325000,1.7425000,1.7425000,1.9025000,-26.111231,-31.853689,-27.48591,-27.324568,-25.394165
0,0.7725000,0.9625000,0.9625000,1.0825000,1.0825000,1.2725000,1.2725000,1.4125000,1.4125000,1.5525000,-25.591721,-26.738037,-24.922453,-26.112741,-26.515224
0,0.7725000,0.9625000,0.9625000,1.0425000,1.0425000,1.3325000,1.3325000,1.4025000,1.4025000,1.5725000,-24.558485,-30.115051,-25.491405,-29.285715,-25.352251
0,0.6625000,0.8425000,0.8425000,0.8825000,0.8825000,1.1925000,1.1925000,1.2325000,1.2325000,1.4125000,-22.686333,-29.967316,-26.534279,-31.470642,-25.472778
0,0.8825000,1.0725000,1.0725000,1.2225000,1.2225000,1.4225000,1.4225000,1.5725000,1.5725000,1.6925000,-23.989038,-28.197981,-25.870533,-27.410286,-27.719421
0,0.8425000,1.0125000,1.0125000,1.0425000,1.0425000,1.3325000,1.3325000,1.3625000,1.3625000,1.5925000,-23.549482,-32.550861,-26.326611,-26.875977,-25.100693
0,0.7525000,0.9525000,0.9525000,1.0725000,1.0725000,1.2725000,1.2725000,1.3325000,1.3325000,1.5525000,-25.799732,-28.1061,-28.323742,-27.30957,-27.158247
0,0.9225000,1.0825000,1.0825000,1.2325000,1.2325000,1.3925000,1.3925000,1.5625000,1.5625000,1.7225000,-25.015808,-25.598372,-27.416946,-25.507942,-27.060501
0,0.9125000,1.1425000,1.1425000,1.2425000,1.2425000,1.4325000,1.4325000,1.5925000,1.5925000,1.7325000,-25.280077,-24.626514,-25.763145,-27.522644,-26.782558
0,1.1825000,1.3725000,1.3725000,1.4025000,1.4025000,1.4325000,1.4325000,1.6225000,1.6225000,1.9825000,-25.066561,-30.51766,-29.71224,-26.611906,-27.725166
0,0.8425000,1.0125000,1.0125000,1.1525000,1.1525000,1.3125000,1.3125000,1.4625000,1.4625000,1.7025000,-26.139914,-30.68989,-27.641235,-26.233122,-27.321503
0,1.0825000,1.2525000,1.2525000,1.3625000,1.3625000,1.5225000,1.5225000,1.7025000,1.7025000,1.8525000,-24.884636,-29.715288,-25.750366,-26.322876,-26.360563
0,1.0225000,1.2125000,1.2125000,1.3425000,1.3425000,1.4825000,1.4825000,1.6925000,1.6925000,1.8325000,-25.50861,-26.876259,-26.948069,-28.018787,-27.393625
0,0.9925000,1.2025000,1.2025000,1.3025000,1.3025000,1.5525000,1.5525000,1.7625000,1.7625000,1.9025000,-25.604946,-25.017994,-27.549297,-25.688465,-27.369141
0,0.8825000,1.0725000,1.0725000,1.2425000,1.2425000,1.3925000,1.3925000,1.6325000,1.6325000,1.7825000,-25.730404,-24.893913,-25.969109,-27.346701,-27.958302
0,1.1025000,1.2825000,1.2825000,1.4525000,1.4525000,1.6725000,1.6725000,1.7325000,1.7325000,1.8825000,-25.261026,-25.52598,-25.342131,-26.574707,-23.5958
0,1.0025000,1.1625000,1.1625000,1.3125000,1.3125000,1.4725000,1.4725000,1.6225000,1.6225000,1.8125000,-25.229538,-26.209782,-25.614609,-27.659018,-25.787701
0,0.9925000,1.1625000,1.1625000,1.3325000,1.3325000,1.5225000,1.5225000,1.5625000,1.5625000,1.7125000,-24.954504,-29.506332,-25.013208,-31.454102,-24.566912
0,0.9825000,1.2825000,1.2825000,1.3125000,1.3125000,1.4625000,1.4625000,1.5225000,1.5225000,1.7725000,-25.658566,-34.950275,-25.392675,-27.099081,-26.07707
0,0.9725000,1.1425000,1.1425000,1.2725000,1.2725000,1.5125000,1.5125000,1.6525000,1.6525000,1.8125000,-23.841108,-24.975267,-27.072592,-29.038296,-26.319138
0,1.0225000,1.2125000,1.2125000,1.3725000,1.3725000,1.5125000,1.5125000,1.6725000,1.6725000,1.8425000,-25.990826,-27.348297,-25.046665,-27.144928,-25.92067
0,1.2025000,1.3725000,1.3725000,1.4525000,1.4525000,1.6625000,1.6625000,1.8225000,1.8225000,1.9925000,-25.990162,-30.292511,-28.109293,-26.843689,-25.915958
0,0.8325000,1.0025000,1.0025000,1.1625000,1.1625000,1.3625000,1.3625000,1.4125000,1.4125000,1.6125000,-25.814001,-26.014664,-26.799866,-29.234375,-27.353626
0,1.0125000,1.2125000,1.2125000,1.3025000,1.3025000,1.4925000,1.4925000,1.5225000,1.5225000,1.7825000,-24.923534,-26.267796,-26.080463,-27.166178,-26.783457
0,1.2725000,1.4125000,1.4125000,1.4525000,1.4525000,1.5025000,1.5025000,1.6625000,1.6625000,1.7325000,-24.79011,-29.301086,-24.17622,-27.512634,-28.122419
0,1.0525000,1.2625000,1.2625000,1.3125000,1.3125000,1.5525000,1.5525000,1.6325000,1.6325000,1.8625000,-24.501127,-28.402149,-26.027842,-26.862183,-26.437256
0,1.2025000,1.3825000,1.3825000,1.4425000,1.4425000,1.4725000,1.4725000,1.5825000,1.5825000,2.0525000,-26.576891,-25.016397,-25.010742,-27.483753,-26.576582
0,0.8525000,1.0225000,1.0225000,1.1425000,1.1425000,1.3725000,1.3725000,1.5325000,1.5325000,1.7025000,-24.779533,-25.703552,-27.695057,-30.834137,-25.529341
1,0.7225000,0.8625000,0.8625000,0.9825000,0.9825000,1.1425000,1.1425000,1.2825000,1.2825000,1.5025000,-26.431065,-26.155081,-27.251984,-26.112234,-23.115778
1,0.7025000,0.8425000,0.8425000,0.9425000,0.9425000,1.0825000,1.0825000,1.2625000,1.2625000,1.4125000,-26.651035,-25.763245,-29.091413,-26.199165,-23.920101
1,0.6525000,0.8025000,0.8025000,0.9625000,0.9625000,1.1125000,1.1125000,1.3025000,1.3025000,1.4525000,-24.947161,-26.25386,-24.571239,-26.998856,-24.199316
1,0.6125000,0.8725000,0.8725000,1.0025000,1.0025000,1.2825000,1.2825000,1.4525000,1.4525000,1.5725000,-23.275221,-23.542114,-23.561672,-26.845675,-24.342163
1,0.6625000,0.8325000,0.8325000,0.9925000,0.9925000,1.1425000,1.1425000,1.3725000,1.3725000,1.5225000,-27.825497,-23.65593,-24.424089,-25.759298,-23.769857
1,0.6325000,0.9025000,0.9025000,1.0225000,1.0225000,1.2625000,1.2625000,1.4625000,1.4625000,1.5925000,-25.866961,-24.24227,-23.990854,-26.178577,-25.135912
1,0.8725000,1.0825000,1.0825000,1.2225000,1.2225000,1.4025000,1.4025000,1.5825000,1.5825000,1.7525000,-25.27564,-25.744036,-28.744411,-26.162624,-22.472513
1,0.8025000,0.9325000,0.9325000,1.0325000,1.0325000,1.2025000,1.2025000,1.3725000,1.3725000,1.5825000,-28.991503,-25.635839,-28.451904,-25.431067,-22.924944
1,0.6225000,0.9425000,0.9425000,1.0525000,1.0525000,1.3225000,1.3225000,1.4925000,1.4925000,1.6225000,-22.390034,-25.2852,-22.839039,-27.047421,-24.024376
1,0.4225000,0.6925000,0.6925000,0.8225000,0.8225000,1.0125000,1.0125000,1.2325000,1.2325000,1.5025000,-23.656311,-24.487915,-27.847876,-25.923584,-22.584274
1,0.8125000,1.0125000,1.0125000,1.1325000,1.1325000,1.3225000,1.3225000,1.4925000,1.4925000,1.6725000,-26.895802,-25.887024,-26.489464,-25.422981,-25.168905
1,0.7025000,0.9025000,0.9025000,1.0425000,1.0425000,1.2425000,1.2425000,1.4125000,1.4125000,1.5725000,-25.394337,-24.59082,-24.130016,-25.033218,-26.62355
1,0.7025000,0.9625000,0.9625000,1.0925000,1.0925000,1.3825000,1.3825000,1.5825000,1.5825000,1.7525000,-21.990549,-25.608351,-22.967243,-26.921814,-25.184067
1,0.6225000,0.8525000,0.8525000,1.0725000,1.0725000,1.2925000,1.2925000,1.4925000,1.4925000,1.6225000,-23.973722,-23.486029,-25.150269,-26.148426,-25.016733
1,0.7325000,0.9525000,0.9525000,1.0725000,1.0725000,1.2525000,1.2525000,1.4125000,1.4125000,1.6125000,-22.88582,-24.779236,-27.037895,-26.000275,-26.343884
1,0.7325000,1.0325000,1.0325000,1.1425000,1.1425000,1.3525000,1.3525000,1.5325000,1.5325000,1.7825000,-21.87141,-25.415039,-27.756824,-26.623209,-26.14666
1,0.8925000,1.1125000,1.1125000,1.2025000,1.2025000,1.3925000,1.3925000,1.5725000,1.5725000,1.7025000,-25.042236,-24.336887,-23.938219,-25.01774,-24.835619
1,0.7525000,1.1325000,1.1325000,1.2825000,1.2825000,1.6725000,1.6725000,1.8025000,1.8025000,1.9325000,-22.185881,-24.950016,-22.955479,-25.907413,-24.695875
1,0.6025000,0.7425000,0.7425000,0.8425000,0.8425000,1.0025000,1.0025000,1.1625000,1.1625000,1.3325000,-25.960772,-24.995031,-25.632507,-25.867279,-24.589184
1,0.9425000,1.2025000,1.2025000,1.3125000,1.3125000,1.5225000,1.5225000,1.7125000,1.7125000,1.9925000,-24.23138,-25.272039,-28.135555,-26.935278,-23.375628
1,0.7725000,0.9025000,0.9025000,1.0325000,1.0325000,1.1625000,1.1625000,1.3325000,1.3325000,1.4625000,-26.605844,-25.987427,-28.267277,-27.78125,-27.333214
1,0.5325000,0.8025000,0.8025000,0.9225000,0.9225000,1.0725000,1.0725000,1.2325000,1.2325000,1.4825000,-23.983507,-25.760172,-23.974903,-26.395279,-21.997499
1,0.7125000,0.8625000,0.8625000,1.0025000,1.0025000,1.1525000,1.1525000,1.3525000,1.3525000,1.4725000,-26.185896,-24.653696,-24.387678,-25.28783,-24.948608
1,0.5925000,0.7925000,0.7925000,0.9025000,0.9025000,1.1325000,1.1325000,1.2525000,1.2525000,1.4325000,-23.757074,-24.809759,-24.293808,-27.602804,-23.981541
1,0.6125000,1.0125000,1.0125000,1.1425000,1.1425000,1.5425000,1.5425000,1.6525000,1.6525000,1.7825000,-21.458096,-25.467915,-22.499493,-29.49474,-26.434608
1,0.7825000,1.0025000,1.0025000,1.0925000,1.0925000,1.2725000,1.2725000,1.4525000,1.4525000,1.8125000,-27.105652,-26.163601,-27.682455,-25.388102,-22.07744
1,0.5625000,0.9625000,0.9625000,1.0725000,1.0725000,1.4125000,1.4125000,1.5625000,1.5625000,1.7025000,-23.880945,-25.355103,-22.405273,-26.900829,-23.488455
1,0.5325000,0.8625000,0.8625000,1.0825000,1.0825000,1.2325000,1.2325000,1.3525000,1.3525000,1.6225000,-22.605934,-23.365267,-28.45747,-26.529297,-22.530581
1,0.4925000,0.8725000,0.8725000,0.9925000,0.9925000,1.3125000,1.3125000,1.4825000,1.4825000,1.6325000,-23.637133,-25.139975,-22.854012,-25.712862,-24.54414
1,0.2725000,0.4925000,0.4925000,0.6325000,0.6325000,0.9425000,0.9425000,1.3025000,1.3025000,1.4825000,-24.162849,-23.563154,-24.879745,-24.403368,-24.995781
1,0.7825000,0.9425000,0.9425000,1.0725000,1.0725000,1.2325000,1.2325000,1.4025000,1.4025000,1.6025000,-25.978279,-25.335064,-28.241608,-26.42601,-23.194141
1,0.5625000,0.8625000,0.8625000,0.9625000,0.9625000,1.2525000,1.2525000,1.4325000,1.4325000,1.6325000,-22.764965,-25.153126,-23.354084,-27.173611,-24.542713
1,0.6125000,0.9125000,0.9125000,1.0425000,1.0425000,1.3625000,1.3625000,1.5325000,1.5325000,1.6725000,-21.572187,-25.611769,-23.653351,-27.089628,-24.482212
1,0.6825000,0.8625000,0.8625000,0.9925000,0.9925000,1.1625000,1.1625000,1.3225000,1.3225000,1.4825000,-26.996229,-25.015587,-24.574936,-26.815094,-26.872787
1,0.5125000,0.8325000,0.8325000,0.9625000,0.9625000,1.2425000,1.2425000,1.3925000,1.3925000,1.5025000,-23.408297,-24.318359,-21.745127,-26.852898,-25.284447
1,0.6325000,0.9525000,0.9525000,1.0825000,1.0825000,1.3725000,1.3725000,1.5225000,1.5225000,1.7525000,-22.784256,-25.862577,-22.520441,-27.638639,-24.47257
1,0.6925000,0.8625000,0.8625000,1.0225000,1.0225000,1.2025000,1.2025000,1.3725000,1.3725000,1.5325000,-25.893778,-24.19606,-28.461954,-26.863554,-25.721741
1,0.9225000,1.1525000,1.1525000,1.2725000,1.2725000,1.5125000,1.5125000,1.6425000,1.6425000,2.0125000,-27.770874,-25.014914,-26.0949,-26.25539,-21.722788
1,0.4625000,0.7925000,0.7925000,0.9225000,0.9225000,1.2025000,1.2025000,1.3325000,1.3325000,1.5425000,-24.332773,-25.125694,-24.472006,-26.879244,-24.719797
1,0.6525000,0.9625000,0.9625000,1.0825000,1.0825000,1.3125000,1.3125000,1.4625000,1.4625000,1.7325000,-23.81834,-25.235067,-23.935377,-27.325457,-22.818306
1,0.3925000,0.6625000,0.6625000,0.7825000,0.7825000,1.0325000,1.0325000,1.2225000,1.2225000,1.3425000,-21.903698,-25.772726,-24.684189,-26.935688,-24.066324
1,0.6925000,0.9125000,0.9125000,0.9825000,0.9825000,1.2225000,1.2225000,1.4225000,1.4225000,1.6125000,-26.685148,-27.542864,-23.71582,-26.562963,-23.52796
1,0.5725000,0.8225000,0.8225000,0.9525000,0.9525000,1.1725000,1.1725000,1.3425000,1.3425000,1.5225000,-26.939537,-25.78495,-24.668669,-26.909868,-25.186619
1,0.6325000,1.0425000,1.0425000,1.1625000,1.1625000,1.4625000,1.4625000,1.5725000,1.5725000,1.7825000,-24.537851,-24.31311,-24.353289,-29.188988,-26.310675
1,0.3925000,0.5825000,0.5825000,0.7425000,0.7425000,0.9225000,0.9225000,1.1225000,1.1225000,1.2725000,-25.425829,-24.637459,-25.490288,-27.709362,-23.666651
1,0.7025000,0.8825000,0.8825000,0.9825000,0.9825000,1.1525000,1.1525000,1.2825000,1.2825000,1.4525000,-25.738512,-25.474035,-25.077076,-27.339054,-24.620377
1,0.6725000,0.9425000,0.9425000,1.0725000,1.0725000,1.2925000,1.2925000,1.4725000,1.4725000,1.6025000,-24.630589,-25.51832,-24.019421,-25.648708,-24.436016
1,0.5925000,0.8125000,0.8125000,0.9325000,0.9325000,1.1725000,1.1725000,1.2925000,1.2925000,1.4825000,-25.994722,-25.041555,-27.313812,-28.574686,-27.831505
1,0.5925000,0.9425000,0.9425000,1.0625000,1.0625000,1.3825000,1.3825000,1.5725000,1.5725000,1.7625000,-23.08231,-27.972239,-22.761124,-26.431627,-23.602474
1,0.5525000,0.9425000,0.9425000,1.0525000,1.0525000,1.3425000,1.3425000,1.4925000,1.4925000,1.8625000,-25.059067,-25.383411,-26.650349,-26.510563,-22.135578
1,0.6325000,0.9325000,0.9325000,1.0425000,1.0425000,1.2725000,1.2725000,1.4225000,1.4225000,1.6525000,-24.655811,-25.341707,-25.55353,-25.965218,-25.325928
1,0.4625000,0.8125000,0.8125000,0.9425000,0.9425000,1.2125000,1.2125000,1.4825000,1.4825000,1.7925000,-24.156361,-25.08975,-23.715939,-26.328451,-21.647295
1,0.3625000,0.5725000,0.5725000,1.0425000,1.0425000,1.2125000,1.2125000,1.6325000,1.6325000,1.7325000,-24.169523,-23.300323,-27.493149,-24.003407,-26.900318
1,1.0225000,1.4125000,1.4125000,1.5225000,1.5225000,1.8425000,1.8425000,1.9525000,1.9525000,2.2025000,-23.741337,-25.644865,-25.130898,-27.872381,-25.491173
1,0.6825000,0.9325000,0.9325000,1.3325000,1.3325000,1.5025000,1.5025000,1.8925000,1.8925000,2.0125000,-24.78874,-23.545389,-26.202507,-25.287291,-27.227335
1,0.5625000,0.9325000,0.9325000,1.0625000,1.0625000,1.3925000,1.3925000,1.5625000,1.5625000,1.7525000,-22.935339,-25.463558,-24.692835,-26.0462,-23.03071
1,0.6525000,0.8825000,0.8825000,1.2325000,1.2325000,1.4325000,1.4325000,1.8225000,1.8225000,1.9725000,-27.216002,-23.038847,-26.896667,-24.874481,-29.796419
1,0.5825000,0.9325000,0.9325000,1.0525000,1.0525000,1.3425000,1.3425000,1.5025000,1.5025000,1.7725000,-23.060024,-24.401031,-26.909895,-25.937805,-26.341408
1,0.3825000,0.6225000,0.6225000,0.8725000,0.8725000,1.1225000,1.1225000,1.4225000,1.4225000,1.6125000,-24.047043,-23.560165,-26.820635,-24.437672,-25.425716
1,0.4425000,0.7525000,0.7525000,0.9125000,0.9125000,1.1925000,1.1925000,1.3925000,1.3925000,1.5625000,-23.300182,-25.137642,-22.995396,-25.142908,-23.840002
1,0.5025000,0.8125000,0.8125000,1.0025000,1.0025000,1.2725000,1.2725000,1.4825000,1.4825000,1.7825000,-25.865345,-23.616333,-24.517424,-25.938919,-23.0219
1,0.6625000,1.0425000,1.0425000,1.1825000,1.1825000,1.4725000,1.4725000,1.6825000,1.6825000,1.8125000,-23.453436,-25.303293,-25.752836,-26.885637,-24.792255
1,0.4525000,0.8225000,0.8225000,0.9725000,0.9725000,1.2825000,1.2825000,1.4625000,1.4625000,1.6425000,-23.139994,-24.943905,-25.315304,-28.837851,-25.7162
1,0.7425000,0.9925000,0.9925000,1.1125000,1.1125000,1.3525000,1.3525000,1.5525000,1.5525000,1.7325000,-24.717163,-25.365561,-28.305227,-26.06333,-22.508476
1,0.3925000,0.7625000,0.7625000,0.9025000,0.9025000,1.2125000,1.2125000,1.4025000,1.4025000,1.6425000,-22.727211,-25.58782,-23.54932,-26.368807,-23.199259
1,0.5625000,0.9125000,0.9125000,1.0525000,1.0525000,1.3025000,1.3025000,1.5025000,1.5025000,1.6925000,-23.36891,-25.499294,-23.256689,-26.410254,-22.279926
1,0.5525000,0.8025000,0.8025000,0.9525000,0.9525000,1.2225000,1.2225000,1.4225000,1.4225000,1.6625000,-25.276489,-24.571875,-22.863651,-25.410717,-22.481781
1,0.5225000,0.9125000,0.9125000,1.0325000,1.0325000,1.2525000,1.2525000,1.4425000,1.4425000,1.7325000,-24.747223,-25.299368,-28.390503,-25.832096,-22.194817
1,0.6625000,1.0025000,1.0025000,1.1325000,1.1325000,1.4125000,1.4125000,1.6125000,1.6125000,1.8125000,-22.312687,-24.020311,-28.119978,-26.625427,-27.373072
1,0.7025000,0.9325000,0.9325000,1.0425000,1.0425000,1.2425000,1.2425000,1.3725000,1.3725000,1.6125000,-23.809401,-25.51366,-26.438013,-26.572924,-25.117279
1,0.4625000,0.7525000,0.7525000,0.8825000,0.8825000,1.1325000,1.1325000,1.3025000,1.3025000,1.4625000,-23.249008,-25.592342,-24.365103,-25.224007,-25.29834
1,0.6725000,0.8425000,0.8425000,0.9825000,0.9825000,1.1925000,1.1925000,1.2925000,1.2925000,1.5225000,-28.007446,-24.047136,-26.325102,-26.852564,-27.104153
1,0.7825000,1.0925000,1.0925000,1.2325000,1.2325000,1.4625000,1.4625000,1.6625000,1.6625000,1.9625000,-22.369799,-26.531931,-25.65126,-25.975927,-22.295826
1,0.6225000,0.9025000,0.9025000,1.0725000,1.0725000,1.2725000,1.2725000,1.4725000,1.4725000,1.7225000,-29.38209,-23.953154,-24.751734,-25.496571,-23.798096
1,0.3825000,0.7825000,0.7825000,0.9525000,0.9525000,1.3525000,1.3525000,1.5725000,1.5725000,1.8625000,-21.970304,-25.388622,-22.60108,-26.67041,-21.049585
1,0.9025000,1.2225000,1.2225000,1.4725000,1.4725000,1.7325000,1.7325000,2.0025000,2.0025000,2.2025000,-26.652004,-24.003847,-25.466797,-26.26359,-26.940283
1,0.7025000,1.0325000,1.0325000,1.1625000,1.1625000,1.4725000,1.4725000,1.6725000,1.6725000,1.9425000,-26.122133,-24.834604,-23.451471,-25.169958,-24.882668
1,0.8725000,1.1825000,1.1825000,1.3825000,1.3825000,1.6425000,1.6425000,1.8625000,1.8625000,2.0425000,-23.453932,-26.050451,-23.660748,-25.406183,-23.156303
1,0.7025000,1.0625000,1.0625000,1.1825000,1.1825000,1.5025000,1.5025000,1.6425000,1.6425000,1.8925000,-22.733677,-25.49408,-23.454605,-27.844761,-23.272812
1,0.6025000,0.8125000,0.8125000,0.9525000,0.9525000,1.1525000,1.1525000,1.3025000,1.3025000,1.6625000,-26.49757,-25.37949,-26.459667,-24.427214,-22.555977
1,0.5225000,0.7725000,0.7725000,0.9025000,0.9025000,1.1325000,1.1325000,1.3025000,1.3025000,1.4625000,-24.195906,-25.741295,-23.552687,-25.091223,-24.134628
1,0.6225000,0.8425000,0.8425000,0.9525000,0.9525000,1.1425000,1.1425000,1.2825000,1.2825000,1.5025000,-27.217091,-24.572865,-28.871119,-26.827288,-27.251997
1,0.7525000,0.9425000,0.9425000,1.0825000,1.0825000,1.3325000,1.3325000,1.4525000,1.4525000,1.6625000,-25.018517,-24.994995,-27.526123,-26.894918,-26.786434
1,0.5925000,0.9525000,0.9525000,1.0725000,1.0725000,1.3925000,1.3925000,1.5325000,1.5325000,1.7325000,-23.308876,-26.404724,-22.451218,-26.38623,-23.079321
1,0.5225000,0.8925000,0.8925000,1.0225000,1.0225000,1.4025000,1.4025000,1.5625000,1.5625000,1.7525000,-20.86232,-25.166128,-22.564163,-26.513474,-25.252905
1,0.7425000,1.1625000,1.1625000,1.2825000,1.2825000,1.5925000,1.5925000,1.7725000,1.7725000,1.9625000,-23.675497,-25.367676,-23.73135,-26.778591,-25.668598
1,0.6025000,1.0125000,1.0125000,1.1425000,1.1425000,1.4025000,1.4025000,1.5625000,1.5625000,1.7925000,-22.581886,-26.862455,-25.250507,-26.992798,-25.317383
1,0.5525000,0.7825000,0.7825000,0.9725000,0.9725000,1.2225000,1.2225000,1.4425000,1.4425000,1.5925000,-26.231121,-22.794819,-24.689394,-26.014259,-24.206738
1,0.5925000,0.9225000,0.9225000,1.0525000,1.0525000,1.3125000,1.3125000,1.5025000,1.5025000,1.7125000,-23.293623,-25.172392,-23.681583,-26.67005,-23.365002
1,0.5225000,0.8225000,0.8225000,1.2225000,1.2225000,1.4225000,1.4225000,1.6325000,1.6325000,1.8025000,-25.670866,-22.591711,-28.979395,-26.09304,-23.829819
1,0.5525000,0.8925000,0.8925000,1.0325000,1.0325000,1.3125000,1.3125000,1.4925000,1.4925000,1.7325000,-22.747307,-25.401821,-23.497402,-26.606825,-24.776276
1,0.5425000,0.8725000,0.8725000,0.9725000,0.9725000,1.2825000,1.2825000,1.4625000,1.4625000,1.6925000,-25.370831,-24.711451,-24.752552,-27.365519,-25.490892
1,0.0425000,0.1025000,0.1025000,0.3325000,0.3325000,0.4025000,0.4025000,0.5725000,0.5725000,0.6825000,-27.932312,-26.699133,-30.745205,-26.108505,-25.092962
1,0.0425000,0.0925000,0.0925000,0.1925000,0.1925000,0.2525000,0.2525000,0.4825000,0.4825000,0.5925000,-30.099911,-27.448908,-29.401978,-25.390068,-26.712358
1,0.0425000,0.0725000,0.0725000,0.1425000,0.1425000,0.2125000,0.2125000,0.4125000,0.4125000,0.4725000,-32.377838,-28.07271,-30.062521,-28.227962,-27.362427
1,0.0425000,0.1225000,0.1225000,0.3725000,0.3725000,0.4725000,0.4725000,0.7725000,0.7725000,0.8825000,-27.934406,-25.314146,-27.822638,-26.098421,-27.195955
1,0.0425000,0.1025000,0.1025000,0.1925000,0.1925000,0.2925000,0.2925000,0.4525000,0.4525000,0.6225000,-29.216381,-27.966814,-26.967793,-25.850079,-28.034847
1,0.0425000,0.0725000,0.0725000,0.1325000,0.1325000,0.1725000,0.1725000,0.3625000,0.3625000,0.4825000,-36.89296,-28.904594,-28.803009,-27.632494,-26.304413
1,0.0425000,0.1425000,0.1425000,0.2125000,0.2125000,0.2725000,0.2725000,0.4925000,0.4925000,0.6225000,-29.674805,-27.686367,-29.299154,-25.588959,-24.193453
1,0.0425000,0.1425000,0.1425000,0.3325000,0.3325000,0.3825000,0.3825000,0.5725000,0.5725000,0.6925000,-27.048197,-26.487669,-29.498474,-26.217073,-25.624502
1,0.0425000,0.0925000,0.0925000,0.2225000,0.2225000,0.3125000,0.3125000,0.5325000,0.5325000,0.6325000,-27.954365,-28.361437,-29.927464,-25.97267,-26.998377
1,0.0425000,0.0725000,0.0725000,0.1625000,0.1625000,0.2425000,0.2425000,0.4525000,0.4525000,0.6125000,-39.813717,-28.2882,-28.813847,-26.228403,-26.514458
1,0.0625000,0.0925000,0.0925000,0.1525000,0.1525000,0.2225000,0.2225000,0.4425000,0.4425000,0.5825000,-27.008041,-28.50234,-27.302446,-26.222029,-25.749712
1,0.0425000,0.0825000,0.0825000,0.2025000,0.2025000,0.2725000,0.2725000,0.6125000,0.6125000,0.6625000,-29.548725,-27.89599,-28.45969,-25.382317,-24.828735
1,0.0525000,0.0925000,0.0925000,0.2125000,0.2125000,0.2725000,0.2725000,0.5025000,0.5025000,0.6425000,-29.444521,-26.96364,-27.021616,-26.191122,-25.681248
1,0.0525000,0.0825000,0.0825000,0.1425000,0.1425000,0.2025000,0.2025000,0.4025000,0.4025000,0.5525000,-28.775747,-27.792406,-26.295172,-26.082199,-25.652962
1,0.0925000,0.1625000,0.1625000,0.2625000,0.2625000,0.3325000,0.3325000,0.4625000,0.4625000,0.6425000,-27.140566,-27.836224,-26.978315,-25.335135,-25.23955
1,0.0425000,0.1525000,0.1525000,0.4325000,0.4325000,0.5125000,0.5125000,0.7025000,0.7025000,0.8625000,-26.692871,-25.971964,-26.773132,-25.597618,-24.330139
1,0.0425000,0.0925000,0.0925000,0.1925000,0.1925000,0.3025000,0.3025000,0.4025000,0.4025000,0.4325000,-29.413319,-28.071667,-25.909651,-26.791681,-28.142294
1,0.0425000,0.1025000,0.1025000,0.2225000,0.2225000,0.3025000,0.3025000,0.4525000,0.4525000,0.6025000,-27.519201,-30.107384,-27.101761,-26.183842,-25.635303
1,0.0425000,0.1725000,0.1725000,0.2625000,0.2625000,0.3425000,0.3425000,0.5025000,0.5025000,0.6525000,-24.895882,-27.118767,-24.820709,-24.970959,-23.436573
1,0.0425000,0.1325000,0.1325000,0.2725000,0.2725000,0.3225000,0.3225000,0.4625000,0.4625000,0.5025000,-27.36718,-27.762533,-27.825195,-26.67256,-27.696655
1,0.0525000,0.1625000,0.1625000,0.2025000,0.2025000,0.3225000,0.3225000,0.4425000,0.4425000,0.6025000,-29.289707,-28.046974,-27.022364,-25.270025,-24.853851
1,0.0425000,0.1325000,0.1325000,0.1725000,0.1725000,0.2625000,0.2625000,0.4325000,0.4325000,0.5325000,-26.798311,-30.078842,-27.208849,-24.510921,-22.342798
1,1.0625000,1.1025000,1.1025000,1.2125000,1.2125000,1.2425000,1.2425000,1.4425000,1.4425000,1.7925000,-30.159241,-28.459429,-27.907715,-26.329712,-27.458399
1,0.9825000,1.0225000,1.0225000,1.1225000,1.1225000,1.1925000,1.1925000,1.3625000,1.3625000,1.4825000,-31.153625,-27.150293,-30.035156,-26.923384,-27.747458
1,0.5025000,0.5625000,0.5625000,0.6625000,0.6625000,0.7025000,0.7025000,0.9025000,0.9025000,1.0325000,-29.263083,-28.818298,-28.612518,-27.029718,-26.966515
1,0.7425000,0.8025000,0.8025000,0.8925000,0.8925000,0.9525000,0.9525000,1.1425000,1.1425000,1.2525000,-29.345499,-29.321194,-30.018393,-26.864759,-28.879639
1,0.5125000,0.5625000,0.5625000,0.6525000,0.6525000,0.7025000,0.7025000,0.8925000,0.8925000,1.0425000,-30.325048,-28.771416,-30.059521,-27.264481,-28.867188
1,0.7025000,0.7825000,0.7825000,0.8525000,0.8525000,0.9125000,0.9125000,1.1125000,1.1125000,1.2225000,-30.291489,-27.787685,-29.030396,-26.06748,-29.20652
1,0.8825000,0.9725000,0.9725000,1.0525000,1.0525000,1.1825000,1.1825000,1.3125000,1.3125000,1.3725000,-30.120253,-27.898438,-27.830379,-27.558556,-27.162802
1,0.9625000,1.0225000,1.0225000,1.1225000,1.1225000,1.1925000,1.1925000,1.3725000,1.3725000,1.6125000,-31.434204,-28.462086,-28.158308,-26.267225,-27.370718
1,0.0425000,0.0725000,0.0725000,0.1425000,0.1425000,0.2125000,0.2125000,0.4225000,0.4225000,0.5925000,-36.069927,-28.71459,-27.809744,-26.761141,-25.814102
1,0.0425000,0.0925000,0.0925000,0.1825000,0.1825000,0.2125000,0.2125000,0.4625000,0.4625000,0.6225000,-28.885365,-28.835814,-29.2306,-26.908501,-26.923279
1,0.0425000,0.0725000,0.0725000,0.1525000,0.1525000,0.2225000,0.2225000,0.4425000,0.4425000,0.6225000,-38.847782,-29.150948,-28.110281,-26.05036,-25.175097
1,0.0425000,0.1225000,0.1225000,0.1925000,0.1925000,0.2325000,0.2325000,0.4725000,0.4725000,0.6125000,-27.593763,-29.650675,-26.46254,-26.638506,-27.329546
1,0.0425000,0.0725000,0.0725000,0.1625000,0.1625000,0.2025000,0.2025000,0.4425000,0.4425000,0.5925000,-40.638508,-28.72389,-30.982704,-25.834551,-26.273006
1,0.0425000,0.1025000,0.1025000,0.2125000,0.2125000,0.2925000,0.2925000,0.4925000,0.4925000,0.6025000,-28.18144,-27.654022,-27.519226,-26.225697,-25.345182
1,0.0425000,0.1025000,0.1025000,0.2325000,0.2325000,0.2925000,0.2925000,0.5225000,0.5225000,0.6825000,-28.503441,-27.211693,-26.287842,-27.006502,-26.072449
1,0.0425000,0.0925000,0.0925000,0.1925000,0.1925000,0.2625000,0.2625000,0.4925000,0.4925000,0.6825000,-29.137806,-27.017754,-26.093079,-26.324741,-26.553307
1,0.0425000,0.1925000,0.1925000,0.3125000,0.3125000,0.4925000,0.4925000,0.6725000,0.6725000,0.7125000,-27.639929,-27.499458,-27.915035,-26.506096,-23.098816
1,0.0425000,0.1225000,0.1225000,0.2525000,0.2525000,0.3525000,0.3525000,0.5025000,0.5025000,0.6225000,-24.95192,-28.463747,-28.159882,-26.577303,-24.305521
1,0.0425000,0.1225000,0.1225000,0.2225000,0.2225000,0.3225000,0.3225000,0.5125000,0.5125000,0.6225000,-27.585152,-25.273243,-27.709503,-25.071354,-23.760597
1,0.0425000,0.1725000,0.1725000,0.3525000,0.3525000,0.4925000,0.4925000,0.7325000,0.7325000,0.8625000,-23.262264,-24.968149,-24.509195,-25.9988,-24.01248
1,0.0425000,0.1325000,0.1325000,0.2725000,0.2725000,0.3825000,0.3825000,0.5425000,0.5425000,0.6625000,-27.047415,-26.163954,-28.511568,-25.394096,-24.034811
1,0.0425000,0.1525000,0.1525000,0.3125000,0.3125000,0.4225000,0.4225000,0.6525000,0.6525000,0.7825000,-24.978195,-24.764669,-27.612627,-25.32225,-23.788414
1,0.0425000,0.1925000,0.1925000,0.3625000,0.3625000,0.4925000,0.4925000,0.7125000,0.7125000,0.8925000,-24.267622,-25.783669,-26.403217,-27.085882,-24.641134
1,0.0425000,0.1925000,0.1925000,0.3325000,0.3325000,0.4925000,0.4925000,0.7025000,0.7025000,0.8325000,-24.586121,-25.887037,-24.515034,-27.223139,-26.535439
1,0.0425000,0.1825000,0.1825000,0.3125000,0.3125000,0.4425000,0.4425000,0.6625000,0.6625000,0.8025000,-26.237415,-25.718271,-25.557405,-26.465544,-27.379726
1,0.0425000,0.2225000,0.2225000,0.3925000,0.3925000,0.5525000,0.5525000,0.7825000,0.7825000,0.9425000,-25.712002,-25.285278,-26.700638,-25.692621,-26.172981
1,0.0425000,0.1925000,0.1925000,0.3725000,0.3725000,0.4025000,0.4025000,0.6825000,0.6825000,0.7625000,-25.765348,-26.369967,-28.86558,-24.696163,-25.409912
1,0.0425000,0.2025000,0.2025000,0.3325000,0.3325000,0.4725000,0.4725000,0.7025000,0.7025000,0.8625000,-24.571823,-25.084442,-24.467529,-27.31233,-24.626617
1,0.0525000,0.1525000,0.1525000,0.2725000,0.2725000,0.3525000,0.3525000,0.5525000,0.5525000,0.6825000,-25.767868,-25.990229,-30.786766,-25.987625,-24.519117
1,0.0425000,0.2325000,0.2325000,0.3825000,0.3825000,0.5425000,0.5425000,0.7625000,0.7625000,0.9325000,-22.34112,-27.513758,-25.402634,-25.267067,-24.214371
1,0.0425000,0.1025000,0.1025000,0.2225000,0.2225000,0.3225000,0.3225000,0.5025000,0.5025000,0.6425000,-26.149004,-25.597824,-29.594049,-26.406155,-24.312639
1,0.0425000,0.1125000,0.1125000,0.2625000,0.2625000,0.3525000,0.3525000,0.5525000,0.5525000,0.7025000,-27.510532,-24.859257,-28.721083,-25.155527,-23.43685
1,0.0425000,0.2525000,0.2525000,0.4325000,0.4325000,0.6025000,0.6025000,0.8225000,0.8225000,1.0025000,-22.909365,-27.803049,-23.770235,-26.162476,-23.358887
1,0.0425000,0.1625000,0.1625000,0.2525000,0.2525000,0.2825000,0.2825000,0.4725000,0.4725000,0.5825000,-27.429995,-28.509085,-29.696289,-25.905737,-24.417681
1,0.0725000,0.1825000,0.1825000,0.3525000,0.3525000,0.4725000,0.4725000,0.7025000,0.7025000,0.8425000,-25.855013,-25.053829,-26.445221,-26.629745,-25.03248
1,0.0425000,0.1525000,0.1525000,0.2925000,0.2925000,0.4325000,0.4325000,0.6325000,0.6325000,0.7925000,-25.046238,-26.859344,-25.932652,-25.004009,-23.227295
1,0.0725000,0.1625000,0.1625000,0.3325000,0.3325000,0.4425000,0.4425000,0.6525000,0.6525000,0.8025000,-24.201004,-27.763783,-26.714916,-25.646112,-23.974308
1,0.0425000,0.0825000,0.0825000,0.2325000,0.2325000,0.3925000,0.3925000,0.5725000,0.5725000,0.7025000,-27.240749,-26.884026,-24.419903,-27.535278,-24.338078
1,0.0425000,0.1325000,0.1325000,0.2725000,0.2725000,0.3925000,0.3925000,0.6125000,0.6125000,0.7625000,-25.655449,-26.907764,-25.709112,-25.656464,-24.60158
1,0.0425000,0.1625000,0.1625000,0.3425000,0.3425000,0.4325000,0.4325000,0.6725000,0.6725000,0.8325000,-25.584318,-28.202734,-30.47526,-27.055979,-24.284966
1,0.0425000,0.1525000,0.1525000,0.3125000,0.3125000,0.5325000,0.5325000,0.7825000,0.7825000,0.9225000,-23.848017,-24.302137,-24.732336,-28.284185,-26.22385
1,0.0425000,0.1225000,0.1225000,0.2125000,0.2125000,0.3225000,0.3225000,0.5025000,0.5025000,0.6325000,-27.488598,-27.21933,-23.914873,-27.192068,-24.911293
1,0.0425000,0.2025000,0.2025000,0.3625000,0.3625000,0.4525000,0.4525000,0.6525000,0.6525000,0.7925000,-24.773823,-26.585884,-25.23447,-26.951031,-25.528372
1,0.0425000,0.1725000,0.1725000,0.3125000,0.3125000,0.4325000,0.4325000,0.6525000,0.6525000,0.7625000,-25.126547,-24.424789,-25.058786,-25.039867,-24.052025
1,0.0525000,0.1825000,0.1825000,0.3525000,0.3525000,0.4925000,0.4925000,0.6925000,0.6925000,0.8225000,-26.157852,-27.111536,-27.018415,-25.003265,-22.810848
1,0.0425000,0.2925000,0.2925000,0.4525000,0.4525000,0.6825000,0.6825000,0.9925000,0.9925000,1.1325000,-24.797186,-25.405254,-25.150784,-27.275724,-25.773142
1,0.0625000,0.1725000,0.1725000,0.3525000,0.3525000,0.4725000,0.4725000,0.7325000,0.7325000,0.8625000,-25.862471,-24.261162,-28.044968,-26.308083,-25.338491
1,0.0425000,0.1225000,0.1225000,0.2625000,0.2625000,0.3925000,0.3925000,0.5925000,0.5925000,0.7325000,-26.59621,-24.857273,-29.562824,-25.263233,-23.343699
1,0.0425000,0.1825000,0.1825000,0.3925000,0.3925000,0.6025000,0.6025000,0.8025000,0.8025000,0.9525000,-25.445217,-28.754093,-25.636602,-27.59812,-23.365755
1,0.0425000,0.1425000,0.1425000,0.3125000,0.3125000,0.4325000,0.4325000,0.6225000,0.6225000,0.7525000,-24.999495,-24.457891,-29.422281,-26.907536,-24.228535
1,0.6625000,0.7425000,0.7425000,0.8725000,0.8725000,0.9625000,0.9625000,1.1325000,1.1325000,1.2725000,-28.315903,-27.297804,-26.607449,-26.786636,-29.018904
1,0.8625000,0.9425000,0.9425000,1.0725000,1.0725000,1.1325000,1.1325000,1.3325000,1.3325000,1.4825000,-29.345734,-27.500292,-26.851114,-27.4062,-27.303581
1,0.7625000,0.8525000,0.8525000,0.9925000,0.9925000,1.0525000,1.0525000,1.2525000,1.2525000,1.3725000,-27.076254,-27.027744,-26.966105,-25.825916,-27.78717
1,0.7225000,0.8125000,0.8125000,0.9325000,0.9325000,1.0625000,1.0625000,1.2325000,1.2325000,1.3725000,-27.824638,-27.447886,-28.01202,-26.616613,-27.17667
1,0.7725000,0.8725000,0.8725000,1.0025000,1.0025000,1.0925000,1.0925000,1.3025000,1.3025000,1.4525000,-28.843006,-26.439331,-26.852837,-26.975552,-27.755842
1,0.7525000,0.8525000,0.8525000,0.9725000,0.9725000,1.0525000,1.0525000,1.2325000,1.2325000,1.3725000,-26.510242,-27.237558,-29.199249,-27.117323,-25.984707
1,0.8825000,1.0125000,1.0125000,1.1725000,1.1725000,1.2525000,1.2525000,1.4725000,1.4725000,1.5825000,-27.510302,-26.18924,-26.92981,-27.25647,-27.978937
1,0.9125000,1.0225000,1.0225000,1.1625000,1.1625000,1.2625000,1.2625000,1.4825000,1.4825000,1.6325000,-28.355803,-26.597219,-27.383081,-27.629694,-28.195004
1,0.9225000,1.0025000,1.0025000,1.3025000,1.3025000,1.3925000,1.3925000,1.6325000,1.6325000,1.7825000,-28.551697,-25.387745,-25.990208,-27.098734,-29.064909
1,0.7525000,0.8525000,0.8525000,0.9925000,0.9925000,1.0625000,1.0625000,1.2825000,1.2825000,1.4025000,-28.58601,-27.16625,-27.840298,-26.392412,-28.580505
