0,-390.4856,1.1775941,49.068882,22.984098,-32.519745,29.09059,-18.865347,20.804037,-7.234347,5.801806,7.17717,-4.4001865,-4.561193,-0.13690819,-0.31780353,-0.18098481,-0.2914134,-0.27859968,-0.15025568,0.102990925,-0.07308313,0.15376064,0.17564881,0.040415883,0.25711522,0.032126267,-0.13771482,-0.010878815,0.017359463,-0.017344603,0.008044559,0.036446635,0.022170478,0.017644973,-0.004635542,0.027324654,-0.032777227,0.014806165,-0.005267145,-25.994762666666666,1.040625,0.0,0.0,0.0,0.0,0.0,657.091228488368,0.0,2405.4927672781855,1097.113443645922,2913.717827602218,1047.5527727625617,2630.257484810315,0.0525000,0.0925000,0.0925000,0.3225000,0.3225000,0.4125000,0.4125000,0.6425000,0.6425000,0.7425000,0.7425000,0.8725000,-26.559017,-22.583118,-28.567104,-26.410786,-26.717749,-25.130802
0,-331.29068,-24.132761,46.35487,20.099089,-17.149118,26.32883,-17.746742,13.489827,-9.1472025,4.136613,5.2762847,-2.2773755,-3.849484,-2.4535441,0.30503893,-0.112187386,-0.6073321,0.55519587,0.08129191,-0.14136015,0.12121387,-0.006285958,0.13762596,-0.1440924,0.2602569,0.10808203,0.03623144,0.10485869,0.051489446,0.0064893793,-0.005043712,0.009477897,0.00747975,-0.008112298,0.012733233,0.014266979,-0.006595168,0.029275702,0.034653176,-25.518507333333332,0.93225,0.0,0.0,0.0,2832.2705292837445,0.0,2109.923350180608,0.0,0.0,1051.6960398701203,2358.2306634330935,0.0,1396.3783233805848,0.0425000,0.0725000,0.0725000,0.2225000,0.2225000,0.2925000,0.2925000,0.4825000,0.4825000,0.5825000,0.5825000,0.7625000,-27.446585,-23.837761,-26.319519,-24.882921,-26.329004,-24.295254
0,-347.2825,-33.040154,50.767326,52.136562,-16.698689,16.829994,-18.145304,21.121344,-15.939433,1.8132846,5.036297,-8.291809,-0.5439654,-2.8590982,-0.2703392,0.3016225,-0.73489994,0.57659435,0.2693114,0.23039205,0.04161653,0.0018425504,0.28074026,-0.15582478,0.12081686,0.14303578,-0.28663456,0.00737588,-0.008440276,-0.028956639,0.073711835,-0.0020249134,-0.020733643,0.013617357,0.0811982,-0.0013170054,-0.01612252,0.012107561,-0.007012703,-27.133218833333334,0.7364375,554.4579622521717,2781.625073101292,0.0,0.0,0.0,0.0,0.0,0.0,1075.3396925426955,2286.9002493964463,863.2280601349838,2513.5335704029694,0.0425000,0.0725000,0.0725000,0.3525000,0.3525000,0.4425000,0.4425000,0.6425000,0.6425000,0.6725000,0.6725000,0.7025000,-27.525377,-22.725512,-29.85066,-24.931568,-30.346802,-27.419394
0,-358.44965,-25.981226,52.473095,22.741623,-11.262751,16.979773,-15.144518,17.149282,-9.312083,2.7220285,0.99995744,-0.5581578,-7.8887267,-2.0967927,0.127401,-0.17923295,-0.48749876,0.3735609,0.21504728,0.05549148,0.13900569,0.00937923,0.16246678,-0.21298341,0.1876706,-0.0015196349,-0.0152123235,0.0048259376,0.0134743415,-0.0043785824,0.05767347,0.0043391883,0.0033301201,-0.050093926,0.024005795,0.00362694,0.0022024123,0.028742192,0.0026558791,-25.95173966666667,1.1100625,0.0,0.0,0.0,0.0,0.0,0.0,0.0,2169.33489116018,0.0,1139.2242296777254,1102.2130654509608,2697.0150235968044,0.0425000,0.0725000,0.0725000,0.2625000,0.2625000,0.3625000,0.3625000,0.5925000,0.5925000,0.7225000,0.7225000,0.8825000,-27.876028,-25.445789,-27.987835,-23.396118,-25.811026,-25.193642
0,-518.4886,-4.929137,36.173466,14.277373,-18.961504,12.274034,-24.705828,12.188533,-11.650664,7.398308,-2.9635153,-0.37204283,1.2773337,-0.26020193,-0.25776783,-0.17565449,-0.28143167,0.0855647,-0.09366661,0.11501921,0.052254554,0.055170063,0.24041797,-0.028225726,0.0934853,0.07264967,-0.16983421,0.03571344,0.058685053,-0.0203389,0.12080178,0.022956595,-0.023275496,0.013787218,-0.008543172,-0.057924453,0.0111714015,-0.011911353,-0.051367193,-24.464618666666667,1.5713125,575.6002118435699,2859.033237628387,508.9547658377231,2693.2712263389144,0.0,1774.198945814042,0.0,1193.9801804154106,932.2822513709906,2796.1879501231465,0.0,1622.0418709293472,0.0425000,0.0825000,0.0825000,0.3325000,0.3325000,0.5725000,0.5725000,0.8525000,0.8525000,1.1125000,1.1125000,1.3125000,-27.846317,-24.103779,-25.04846,-22.429508,-23.384098,-23.97555
0,-499.7556,-3.9468546,41.06787,6.77902,-15.798133,15.071316,-21.196943,15.281567,-11.780134,4.855497,-1.212804,-5.0736275,3.6938324,0.026605967,-0.11177947,-0.18886381,-0.19012693,0.015922712,-0.08983918,0.115332596,-0.018699173,0.059354138,0.058153376,0.07474757,0.067655444,0.21981443,0.035577103,-0.06880479,0.02752635,-0.041276764,0.013482708,-0.044191815,-0.001338049,-0.016711839,-0.021464251,-0.01113389,-0.042785104,0.0012169015,-0.007872775,-24.230031166666667,1.6905,448.30505154798124,2711.5233633742782,0.0,0.0,429.1419799809189,2849.2396716512844,1025.059175997457,2089.7990444226243,1010.202401530142,1972.544887749116,684.460644400506,2435.670745563188,0.0425000,0.0925000,0.0925000,0.3725000,0.3725000,0.6425000,0.6425000,0.8725000,0.8725000,1.1125000,1.1125000,1.3425000,-26.559273,-23.531689,-25.074354,-23.796057,-22.533539,-23.885275
0,-555.8374,116.74636,6.576251,45.782524,17.755766,-1.0919654,-7.9288745,15.535522,-5.7903605,-16.66066,4.1779475,-8.596568,-2.927463,-0.80499834,-0.8854985,-0.15344469,-0.40795064,-0.28337684,-0.13775139,0.05873929,0.008588158,0.4484959,0.4607137,-0.0027651757,-0.011130179,0.2974145,-0.1373334,-0.03550668,0.12950923,0.012329765,-0.019320013,-0.0030951407,0.0864631,0.034672786,-0.04627491,0.041089106,0.10862822,0.0021496979,-0.03553747,-27.531348666666666,0.8218125,0.0,533.4244775889588,259.5456859144378,2328.659302076853,294.97750786986757,1819.6920500885544,0.0,489.476455270542,419.9989109471827,2396.2548251008675,509.8979695090861,2494.4034415024353,0.0425000,0.0925000,0.0925000,0.2325000,0.2325000,0.3325000,0.3325000,0.5625000,0.5625000,0.5925000,0.5925000,0.6225000,-29.23679,-23.166878,-29.714808,-24.701532,-32.398357,-25.969727
0,-464.55283,105.257996,-14.864497,45.577175,-5.7723627,5.0448756,-2.2391548,10.174058,2.0100436,-0.94007295,5.0018272,-4.36117,-2.9612937,-4.4122763,-0.8239516,0.6893529,-0.6147602,-0.21323411,-0.16482611,0.27477112,0.21778628,0.31738937,0.16066867,-0.04248775,0.2012811,0.415253,-0.26381883,0.19311203,-0.06815673,-0.077857465,0.035124175,0.072932884,0.041760985,0.028444795,-0.0010868186,-0.005290578,-0.013909786,-0.01947876,-0.05048915,-24.693124,0.70575,381.5879094425839,2207.8039701443804,431.46427251871415,2115.368263289465,391.92047507486194,2215.5276768944886,0.0,0.0,851.5228194194176,1615.6554022554753,0.0,1844.0747738572136,0.0425000,0.0725000,0.0725000,0.1625000,0.1625000,0.2525000,0.2525000,0.3525000,0.3525000,0.4525000,0.4525000,0.5925000,-27.088747,-20.898825,-26.151608,-24.735432,-24.27951,-25.004622
0,-518.1767,105.01695,-11.832474,47.179207,-1.1026434,5.3514476,-7.1129313,0.05795211,-1.0414401,-14.96725,3.7036388,-14.148618,-5.5125523,2.1245022,0.015969649,-0.9712549,-0.8827485,-0.9834802,-0.0066946503,0.26500297,0.25657895,0.25524634,0.42982116,0.40878725,-0.16465522,0.048441518,-1.0943996,-0.060126595,0.32622287,-0.06656546,0.052086387,0.072198465,0.097634636,0.081752926,-0.067509264,0.04012928,0.08757719,-0.022794746,-0.057618823,-26.016052166666668,0.7601875,0.0,1512.1810858106503,0.0,0.0,253.69901779194265,2474.624803329423,355.6179005950946,2372.3354469151204,0.0,1545.2571562503178,824.3304724305615,1425.4475901955207,0.0425000,0.0725000,0.0725000,0.2425000,0.2425000,0.3225000,0.3225000,0.4725000,0.4725000,0.6025000,0.6025000,0.7225000,-29.554815,-22.217875,-25.95929,-27.323339,-26.96767,-24.073324
0,-480.12802,106.06635,-18.92192,57.12774,-3.9121504,14.751104,-6.730146,7.0084786,7.939776,-10.025491,8.020938,-9.494151,-5.3005896,-3.3002126,-0.49727446,0.8368394,-0.5009116,0.32111686,-0.03142193,0.43108523,0.24149586,0.0321619,0.4275613,0.1531557,0.26151675,0.17720261,0.038040884,0.16527466,0.029744055,0.11297923,-0.00965721,0.04705361,-0.031860754,-0.004851675,-0.021124762,-0.064064406,0.006753676,-0.012820891,0.026257908,-24.735902833333334,0.9520625,0.0,0.0,0.0,1575.925461432655,243.1661466274867,1898.749106158458,0.0,0.0,584.6718648793142,1556.8008343189686,0.0,1236.9956104734595,0.0425000,0.0725000,0.0725000,0.2825000,0.2825000,0.3325000,0.3325000,0.5325000,0.5325000,0.6825000,0.6825000,0.8525000,-28.482283,-21.1098,-26.85697,-22.611502,-25.782869,-23.571993
0,-484.6611,110.31538,-15.562733,49.739132,-4.896392,5.787303,-7.2141595,15.057584,4.7294283,-6.67291,7.6087956,-4.826754,0.008998731,-0.4932499,-0.5926216,-0.11526228,-0.394971,-0.45643607,-0.11309683,0.33145756,0.19917879,0.33142042,0.41581804,0.06284891,-0.054441087,0.38640848,-0.5065088,-0.10119866,0.19359012,0.04090686,0.007232238,0.05673644,0.13293695,-0.018351352,0.030199818,0.04252508,0.101544276,-0.007791195,-0.013985639,-24.75192566666667,0.7940625,263.7320836932311,1947.1026959066226,394.9461412897409,2180.6205086888494,431.0741166037741,2195.16961674304,0.0,0.0,839.0908688640717,1520.6349920205641,0.0,0.0,0.0425000,0.0925000,0.0925000,0.2125000,0.2125000,0.2725000,0.2725000,0.4125000,0.4125000,0.4925000,0.4925000,0.6425000,-27.904182,-21.620712,-26.528732,-23.854319,-24.59211,-24.011499
0,-501.294,109.6933,-20.111065,52.069733,-3.061041,2.8609397,-7.437559,2.2856152,1.7183974,-10.831401,6.025107,-9.104574,-8.678237,2.5383909,0.039429832,-1.4242535,-0.68480146,-0.99734634,-0.26680794,-0.08381313,0.13025586,0.58365417,0.56580335,0.22214763,-0.21912982,0.017850388,-1.3343474,-0.24395917,0.4482138,-0.14827324,0.07960302,-0.13569303,0.19518614,0.12642016,-0.10052598,0.012683051,0.013306375,0.0036601636,0.014506462,-26.7252655,0.7485,0.0,1325.4192243294115,424.35179788142693,2216.22562848372,0.0,0.0,0.0,0.0,0.0,0.0,868.8055333944683,1503.1099379956509,0.0425000,0.1025000,0.1025000,0.2725000,0.2725000,0.3025000,0.3025000,0.4425000,0.4425000,0.5925000,0.5925000,0.7125000,-27.992804,-22.434263,-31.091818,-29.044443,-24.812517,-24.975748
0,-540.3804,111.89658,-2.859039,34.284805,0.8702048,7.9368167,-10.1763315,6.567468,2.799295,-10.373445,10.313026,-9.562917,-10.17287,-0.8228044,-0.62727606,0.1506897,-0.37371728,-0.37368265,0.09446631,0.38483334,0.12109147,0.16835323,0.3652002,0.102849506,0.11898667,0.27312574,-0.5936754,0.09301379,0.24607065,-0.10641134,0.08469236,0.12177373,0.16200636,0.04485511,-0.009048498,0.09708708,-0.0040451256,-0.026604518,0.030893523,-26.208609833333334,0.804375,0.0,1572.4418967253482,0.0,342.65537660481874,328.29713760078613,2122.8712620726155,489.5435091079992,1746.5140729032921,0.0,0.0,0.0,0.0,0.0425000,0.0725000,0.0725000,0.1825000,0.1825000,0.2725000,0.2725000,0.4325000,0.4325000,0.4625000,0.4625000,0.6425000,-28.942276,-25.19001,-29.045898,-23.627396,-27.392822,-23.053257
0,-540.7243,115.31583,-4.337847,29.601738,10.8950205,10.178846,-6.1684837,11.275594,-1.8459487,-1.905108,7.721331,-6.4014516,-1.1698588,-4.0745835,-0.6845043,0.77454233,-0.85592836,0.017262127,0.34492558,0.36284348,0.1003568,0.106535584,0.58387506,0.17848255,0.16224548,0.06897804,-0.24909227,0.15705685,0.06252228,0.061494023,0.076382495,0.007856376,-0.023207845,0.0058341557,0.052689053,0.029329296,-0.03664784,-0.09287876,-0.049330663,-27.603995333333334,0.706875,0.0,0.0,283.77118781608306,2205.8590130628436,143.85026098119351,2085.0024373749297,0.0,1519.394175810805,1047.9509296381038,1190.9961366683187,0.0,1664.119709024089,0.0425000,0.0725000,0.0725000,0.1125000,0.1125000,0.2025000,0.2025000,0.3225000,0.3225000,0.4225000,0.4225000,0.5425000,-30.016356,-28.079903,-27.883745,-24.905462,-30.140789,-24.597717
0,-478.4477,121.04354,-12.286828,45.456253,-1.0761651,11.684973,-14.116568,8.8060875,3.1919737,-11.373375,1.067381,-9.487254,-4.454229,-3.8679533,-0.8670343,0.44770166,-1.0303277,-0.5268073,0.045782104,0.6447311,-0.114035726,-0.09472762,0.34647375,0.2761987,0.069738895,0.031598385,-0.77519125,0.13828988,0.048783503,-0.10192109,0.18065135,-0.06063209,-0.05564571,0.090307765,-0.065935954,0.026385214,0.011271527,0.04080948,0.015017236,-27.843591166666666,0.580125,0.0,0.0,438.7418022905842,2284.898161334267,0.0,306.00481305457924,173.4008455673504,1842.9839841509784,846.6748627412675,1478.7961462057867,0.0,1259.169714961888,0.0425000,0.0725000,0.0725000,0.1525000,0.1525000,0.2425000,0.2425000,0.3525000,0.3525000,0.3825000,0.3825000,0.4925000,-31.170343,-26.085073,-26.837704,-25.982328,-30.420126,-26.565973
0,-527.2682,119.795685,-0.37429303,43.284794,2.1552548,17.778887,-4.4802327,6.760591,1.4250628,-11.639525,3.0225117,-7.367608,-5.2239227,0.0026401265,-0.45433235,-0.08597068,-0.027668834,-0.35341376,-0.32626253,-0.008847323,0.08724755,0.33701938,0.3267874,-0.10194411,-0.014157277,0.16939604,-0.32349148,-0.23889787,0.1498035,0.104928225,-0.019443393,-0.06575873,0.005453718,0.051394533,0.1369117,0.113712855,0.0023523727,-0.057420228,0.121241115,-27.212780333333335,0.8146875,0.0,853.9893991427849,179.15837565010938,2397.9808299351344,307.7114988497387,2204.4911392402037,0.0,0.0,556.8379422139914,1357.5427429044717,0.0,1473.7556032749667,0.0425000,0.1025000,0.1025000,0.2325000,0.2325000,0.3125000,0.3125000,0.4825000,0.4825000,0.5225000,0.5225000,0.6725000,-28.21883,-26.176014,-27.929565,-24.791365,-30.917328,-25.24358
0,-503.93015,113.735794,-11.897043,39.216877,0.5817588,13.207318,-9.243106,7.5331383,4.448599,-5.2393904,8.046703,-10.95817,-1.4955516,-2.0885024,-0.70858175,0.47036186,-0.28284886,-0.33141896,-0.16729385,0.5224334,0.2602544,0.54788756,0.32128018,0.074479625,0.18318796,0.33576313,-0.79808426,0.11416179,0.2733317,-0.05922444,0.13052863,0.08873376,0.2225056,0.057218082,-0.07210302,-0.05269568,0.1426298,0.008828472,-0.083235145,-26.346964,0.69325,0.0,0.0,350.6004605616775,2212.918245146292,0.0,0.0,0.0,0.0,1012.7101090732674,1703.3944683718298,0.0,0.0,0.0425000,0.0725000,0.0725000,0.1825000,0.1825000,0.2325000,0.2325000,0.3225000,0.3225000,0.4225000,0.4225000,0.5525000,-30.366287,-23.720837,-26.820593,-25.477051,-26.639277,-25.057739
0,-519.0111,109.96634,-8.400711,33.930607,4.6187186,11.375218,-10.387651,7.7065873,4.9730883,-1.1084263,5.290264,-7.3596363,-6.905094,-0.97611064,-0.8980191,-0.06471183,-0.14025077,-0.3042002,-0.1507723,0.08387181,0.14947426,0.36552054,0.32778794,-0.034215324,0.07597114,0.31315395,-0.7124134,-0.043680184,0.27617306,0.08073562,0.05858637,0.07535893,0.11428056,0.01577688,-0.087156884,0.06325732,0.10154517,-0.014602583,-0.05444681,-25.676819833333333,0.7528125,77.44673915041017,1994.604516398906,385.09144881315865,2110.0234240349982,304.0924837960964,1871.474087368814,0.0,1568.4054134816176,1030.7822342196814,1627.8487516314901,0.0,0.0,0.0425000,0.0825000,0.0825000,0.1825000,0.1825000,0.2125000,0.2125000,0.3525000,0.3525000,0.4725000,0.4725000,0.6225000,-27.669304,-21.904156,-28.022064,-24.782095,-26.596003,-25.087297
0,-542.6731,93.22249,16.22033,26.414799,4.3762455,14.082905,-7.224618,9.511121,-0.15870227,3.373748,5.0697227,-9.670155,3.530368,-3.0253475,-1.0058997,0.4723267,-0.5087916,-0.35680616,0.29577154,0.60722286,0.040687807,0.13744098,0.45588785,0.19653738,0.28716773,0.24576364,-0.5966733,0.0935002,-0.03099359,-0.010278326,0.098435074,0.13267897,0.045324065,-0.02703618,0.023494422,0.029933203,0.03305437,0.023272343,-0.085068256,-26.3430655,0.7281875,0.0,356.1273397335069,0.0,0.0,0.0,0.0,0.0,1815.012772872698,0.0,1090.967752334848,0.0,0.0,0.0425000,0.0725000,0.0725000,0.1825000,0.1825000,0.2525000,0.2525000,0.3525000,0.3525000,0.4625000,0.4625000,0.5825000,-31.43783,-24.084019,-27.386723,-25.449371,-23.909761,-25.790689
0,-541.16174,89.23975,23.431345,26.329952,2.144283,18.582523,-6.8064723,9.741548,0.020871023,5.0920496,6.910982,-7.0990095,1.7936474,-5.0188565,-0.65111387,1.056339,-0.43973538,-0.0011070686,0.22574821,0.30673128,0.05837911,-0.105560586,0.47524598,0.10127429,-0.090091154,0.16791779,-0.28026676,0.0904342,-0.042726815,-0.0069419905,0.078205,0.11693612,0.007633017,-0.0089774765,0.070888676,0.0185863,0.011784535,-0.017314803,0.027321007,-27.073343833333332,0.726875,479.71923591592713,2087.1705575685824,0.0,1940.00892524845,0.0,1434.3539094029934,0.0,1454.5930472998834,847.95413859267,1392.2718268868603,0.0,0.0,0.0425000,0.0725000,0.0725000,0.1425000,0.1425000,0.2225000,0.2225000,0.3225000,0.3225000,0.4625000,0.4625000,0.5825000,-31.739878,-26.466658,-28.305035,-25.77594,-26.795475,-23.357077
0,-394.01843,16.546185,41.139347,-7.9661117,5.877251,14.0038,-15.258788,10.469031,-7.4924054,-0.7730666,4.740871,-7.9383993,-13.412213,-2.6793878,-0.37835768,-0.008023534,-0.79057115,-0.05162868,0.61962813,0.4220051,-0.05610015,0.057305057,0.36213863,0.24455439,-0.1901248,0.11448749,-0.7270092,0.08484959,0.0033406953,0.17343716,0.025527583,0.1315977,-0.10089069,0.04000096,-0.028325988,-0.026039097,0.00023806682,0.034886014,0.070114255,-27.767518,0.7878125,270.6929137494683,2338.2249769850678,251.01460870446854,2357.8620254672196,0.0,1469.8521721430482,0.0,0.0,952.8826821463554,2008.546116478286,1150.566942366628,1975.546491632604,0.0425000,0.0725000,0.0725000,0.1925000,0.1925000,0.2525000,0.2525000,0.4725000,0.4725000,0.5225000,0.5225000,0.7025000,-31.474325,-27.076199,-28.816183,-25.356506,-30.620312,-23.261583
0,-424.50925,13.540291,44.375755,3.6602917,7.371581,16.241198,-15.649661,12.106386,-6.7759476,4.597827,2.7281475,-6.4131174,-10.513687,-4.4619155,0.9757952,-0.103402,-0.7485652,0.045160152,0.8449338,0.32507074,0.11980001,0.2962756,0.9359957,-0.5483977,0.21288666,0.6672136,0.70618004,-0.032175533,-0.09253303,-0.064505495,-0.09951796,0.0375071,-0.009546005,-0.054959137,0.057346225,0.07398133,0.045166686,-0.06047368,-0.07009514,-27.39430133333333,0.66025,0.0,0.0,0.0,0.0,0.0,0.0,0.0,0.0,1051.3519459662664,2377.2421687307105,915.9403352124054,2476.197846907864,0.0425000,0.0925000,0.0925000,0.1625000,0.1625000,0.1925000,0.1925000,0.2425000,0.2425000,0.4025000,0.4025000,0.5225000,-30.322433,-27.671936,-28.238434,-26.493824,-27.150646,-24.488535
0,-522.6808,122.30833,-20.183794,43.729893,-0.6531947,14.940351,-8.807716,10.043414,5.745548,-9.368305,-0.23498544,-16.78236,-3.7135992,0.39709663,-0.37956366,-0.6242974,-0.53487206,-0.46160966,0.027625611,0.05781637,-0.0073032863,0.094605654,0.19633894,0.18089516,0.028155316,-0.030720549,-0.34019768,-0.15361816,0.15772241,-0.013534532,-0.058694348,-0.011373475,0.09498997,0.04021917,-0.047957562,-0.016817905,0.050207384,0.05449725,0.0292949,-25.484157166666666,0.96025,0.0,0.0,0.0,0.0,0.0,0.0,306.1958007380911,1653.4669124745478,672.2485581978298,1354.9536307077008,843.7928154183843,1669.750966853441,0.0425000,0.1025000,0.1025000,0.2625000,0.2625000,0.3725000,0.3725000,0.5725000,0.5725000,0.6225000,0.6225000,0.7325000,-26.73567,-23.307114,-28.265137,-23.126713,-27.427418,-24.042891
0,-466.6444,128.16118,-5.3315544,21.317953,0.9816428,16.297363,-11.409592,12.892575,11.104753,5.799209,12.323538,-3.0692935,2.379847,-1.8085809,-0.51427674,0.38912207,-0.18428561,-0.3741992,-0.29955983,0.71801615,0.16389886,0.19447139,0.10995921,0.111816056,0.103714384,0.16126683,-0.3952618,0.037069507,0.14731812,0.06920656,0.06181671,0.024856145,-0.010944168,0.009528496,0.006688433,0.089352876,-0.017693097,-0.061130803,0.040015314,-26.3815095,0.85625,398.5648515539005,1968.5769593151638,294.5430731194106,2075.0659293619806,733.9359925787958,1468.1862202709372,0.0,0.0,0.0,817.6361934628319,0.0,1126.904435280122,0.0425000,0.0725000,0.0725000,0.2425000,0.2425000,0.3825000,0.3825000,0.4725000,0.4725000,0.5925000,0.5925000,0.7425000,-31.062897,-24.020737,-26.316114,-26.584038,-26.208567,-24.096704
0,-426.6514,24.20163,36.75602,3.6089377,-3.6561754,17.30133,-17.70654,14.140366,-8.552884,0.22258762,4.841642,-7.3474026,-12.566358,0.25352567,0.26460227,-0.44868642,-1.4391443,-0.5470035,0.06414194,0.5335156,0.1885517,-0.059410363,0.46275765,0.4664895,-0.17365175,0.08393599,-1.9319099,0.08501362,0.15012926,-0.069662176,0.2070848,0.26711932,0.043707695,0.092076056,-0.09892141,0.07481474,0.022947663,-0.005881028,-0.0028999406,-29.078362833333333,0.7015,0.0,0.0,0.0,0.0,0.0,1386.5775029629524,1039.2316073427933,2902.4916631724236,965.9786216707786,2197.0262900304892,950.9558906869834,2165.821978268863,0.0425000,0.0725000,0.0725000,0.1925000,0.1925000,0.2825000,0.2825000,0.3825000,0.3825000,0.4125000,0.4125000,0.4425000,-31.578085,-28.119228,-28.990181,-27.083302,-30.654663,-28.044718
0,-501.76123,123.08582,-13.728579,27.453512,-6.818765,19.838703,0.36621514,6.121346,-2.376566,-16.525589,8.146403,-7.8630433,-12.680573,-0.7486617,-0.6810176,-0.207029,-0.2769295,-0.42904407,-0.25120834,0.19875407,0.1948082,0.19892213,0.24762031,0.12146523,0.16921143,0.30522472,-0.6432697,0.02343876,0.22722271,-0.05135679,0.07144572,0.06709532,0.11686745,0.021794261,-0.087727085,0.06374825,-0.0020449052,0.0033853648,0.0071937507,-27.002066,0.9480625,0.0,1491.004171021167,0.0,0.0,0.0,317.73976602039346,0.0,837.6354420774663,946.8635895259372,1515.3813661214951,0.0,1233.3724261537154,0.0425000,0.0825000,0.0825000,0.2425000,0.2425000,0.3425000,0.3425000,0.5625000,0.5625000,0.5925000,0.5925000,0.8025000,-28.783897,-24.318375,-27.01861,-24.646645,-33.284832,-23.960037
0,-476.22156,117.019104,-12.943907,27.44093,2.3646019,8.217357,-7.2247734,10.211721,10.904446,-0.2121171,4.7725496,-6.920048,0.5415464,-0.7298002,-0.5238678,0.30532306,0.050972074,-0.31389725,-0.22316562,0.21196388,0.1992927,0.28727183,0.23220684,-0.05414094,-0.00442594,0.13359557,-0.5841654,-0.08919943,0.116509326,-0.13160701,0.10282809,0.13426912,0.0459032,0.025087865,-0.06852851,0.06135293,0.031182114,-0.00065479666,0.06539062,-26.218468,0.874,0.0,0.0,357.7537943263705,2193.99983731444,701.2850042675631,1631.892489586042,0.0,0.0,704.1176794840019,1579.6994315761995,0.0,1370.9771116369127,0.0425000,0.0725000,0.0725000,0.2625000,0.2625000,0.4125000,0.4125000,0.5125000,0.5125000,0.6225000,0.6225000,0.7725000,-30.814428,-23.509283,-26.48505,-25.306446,-26.779341,-24.41626
0,-335.92325,28.175549,29.17084,2.3399603,-2.5019298,13.4079485,-15.73411,4.235073,-9.894546,-5.502323,6.2894125,-13.373273,-16.745962,-1.6636314,-0.3362587,-0.15186343,-1.5836339,-0.082955375,0.6399852,0.75128955,0.12379177,-0.0030294918,0.4838402,0.23119126,-0.31664506,-0.0066408557,-2.0252542,-0.064902544,0.19977961,0.07786341,0.25051776,0.061106417,0.02661368,0.025556797,0.02951348,0.06131526,-0.005548273,0.08485075,-0.016822781,-28.07598433333333,0.6860625,0.0,2406.4012048597006,624.1157167698715,2444.9222135355276,0.0,0.0,0.0,0.0,929.0449550027107,1735.4108252189935,1129.5993458451815,2229.449591535054,0.0425000,0.0725000,0.0725000,0.1925000,0.1925000,0.2625000,0.2625000,0.4325000,0.4325000,0.4825000,0.4825000,0.6425000,-30.880011,-25.694933,-27.509756,-26.944429,-32.079395,-25.347382
0,-497.0229,124.625435,-25.32108,44.042957,-3.1532109,8.131368,-9.951608,3.5176024,7.574144,-16.55454,8.00773,-12.172668,-9.624297,-1.0560063,-0.6447248,-0.08413292,-0.81814295,-0.31812412,0.07369064,0.30967578,0.20088561,0.04405774,0.20551415,0.21277799,0.23496366,0.22828262,-0.77288693,-0.0039481055,0.24297892,-0.0702613,0.14417522,0.001868767,0.06350921,0.035721276,-0.07205109,0.03771287,-0.012247468,0.064513475,0.032014772,-26.297045333333333,0.9798125,0.0,0.0,586.1609568032919,2285.355394885866,0.0,0.0,0.0,0.0,737.7958364314708,1499.2895198017648,0.0,1202.2113643137525,0.0425000,0.0725000,0.0725000,0.2425000,0.2425000,0.3425000,0.3425000,0.5925000,0.5925000,0.6425000,0.6425000,0.8525000,-30.967585,-23.562113,-28.931213,-22.54141,-27.477978,-24.301973
0,-499.8939,110.723946,-17.843996,40.693527,12.0586195,7.738149,-9.300874,10.481856,6.9938955,-1.8790208,7.3522696,-9.472487,-0.5547391,-3.3802996,-0.5826421,0.42605415,-0.16909581,-0.5052013,-0.08242877,0.5243817,0.08802694,0.016320776,0.44033566,0.12162247,0.23518501,0.24253878,0.07217329,0.2033297,0.06861905,-0.05015985,0.046064068,0.057112023,0.016632793,0.023628864,-0.055640988,0.042776998,-0.03647726,-0.003541583,-0.02445746,-26.93247016666667,0.8235625,175.1573613164983,1682.9449301190252,277.2061378712821,1871.4158725945415,0.0,2071.6211528549875,548.1305034153086,1699.282547425124,819.0754202372168,1509.3661406385395,0.0,1328.550034720179,0.1125000,0.2425000,0.2425000,0.3925000,0.3925000,0.4225000,0.4225000,0.4525000,0.4525000,0.5425000,0.5425000,0.6925000,-25.807953,-22.203743,-32.277058,-29.932413,-26.548653,-24.825001
0,-356.80502,24.149961,29.52127,11.533585,8.184367,9.876827,-19.792723,11.329107,-2.8451185,-3.4702725,7.436355,-7.099802,-14.099793,-4.497674,-0.22379051,0.2272465,-0.78899634,0.22873719,0.6324481,0.11424736,0.14943278,-0.20559695,0.5889471,0.21874571,0.17378661,0.4362505,-0.41789696,0.081975706,0.14675955,0.15582155,0.18552206,0.06910411,-0.023759974,-0.042970926,-0.052474122,-0.060354363,0.008987524,0.08367472,0.098802626,-27.755821666666666,0.769,0.0,0.0,757.08957348281,2335.064998458019,0.0,0.0,0.0,0.0,981.5883549963381,1994.620841418323,1070.8804469701793,1766.089566044901,0.0425000,0.0725000,0.0725000,0.1625000,0.1625000,0.2525000,0.2525000,0.4225000,0.4225000,0.5125000,0.5125000,0.6825000,-32.585861,-26.441582,-27.864738,-26.53791,-28.945854,-24.158985
0,-518.25653,127.66105,-15.285985,36.798565,-5.5534897,14.565474,-3.3478727,11.783279,3.4652133,-13.477649,16.726164,-8.072878,-10.159292,-1.9570926,-0.6504483,0.27669173,-0.414431,-0.10747796,-0.0012324718,0.33743715,0.069262154,-0.066158436,0.2983977,0.07847445,0.2101156,0.2308717,-0.62058645,0.13835075,0.09910811,0.0070720855,0.11276055,0.061414376,-0.0022312093,-0.03145931,-0.04384221,0.028464034,-0.018270768,0.007698089,0.0007813967,-27.278902333333335,1.023,0.0,0.0,457.93566869254204,2051.5357630146527,217.56977653054554,1764.5887925200334,0.0,752.3923531978221,945.7792801894811,1077.1006375075078,0.0,1486.880400602758,0.0425000,0.0725000,0.0725000,0.2625000,0.2625000,0.3625000,0.3625000,0.6225000,0.6225000,0.6525000,0.6525000,0.8525000,-29.903738,-23.210453,-27.910267,-24.770765,-32.24931,-25.628881
0,-544.1919,80.526825,9.907529,86.644035,16.949448,11.33957,-16.437622,24.175642,-15.728581,-20.492006,4.090263,-18.001856,-2.3803325,-4.025225,-0.13828042,0.12996142,-0.9859801,0.058603544,-0.01565483,0.30112624,-0.049138978,0.24995989,0.7091814,-0.24372159,0.16607317,0.3896649,-1.0740324,-0.10915009,0.082869805,-0.18362841,-0.03883347,0.018014211,0.17973979,-0.05119774,0.19369774,0.040050026,0.14790305,0.08658105,-0.04166265,-26.396545500000002,0.6668125,0.0,0.0,184.58359313156078,2321.4623529941064,311.10854513767623,2316.364305294657,315.4732989477003,2258.0542497580996,0.0,0.0,0.0,0.0,0.0425000,0.0725000,0.0725000,0.1825000,0.1825000,0.2625000,0.2625000,0.3925000,0.3925000,0.4425000,0.4425000,0.4725000,-29.573631,-24.350243,-28.08939,-23.123892,-27.293346,-25.948771
0,-549.21674,96.24738,-9.365059,32.391655,-1.0555607,14.650461,-13.87836,7.22923,-4.579674,-8.385438,15.812712,-10.203644,-5.785721,2.1485014,0.38669345,-0.9777529,-0.645641,-0.8277195,-0.30258366,-0.2713128,0.12231717,0.18260103,0.51317483,0.011707748,-0.070891604,-0.13186407,-1.1673765,-0.2581513,0.46178705,-0.044569876,0.04893014,0.07016055,0.2916908,0.037599336,-0.060618117,-0.045677584,0.12791193,0.06251249,0.12676956,-26.533653666666666,0.805,302.1958628200364,1845.2165220674754,387.7100649326742,2070.9162706384627,0.0,0.0,0.0,382.0280630217689,0.0,1483.3964091113949,919.7788074417372,1492.0682836389008,0.0425000,0.1025000,0.1025000,0.2425000,0.2425000,0.3025000,0.3025000,0.4625000,0.4625000,0.6025000,0.6025000,0.7725000,-26.973104,-22.006241,-30.075674,-26.639313,-27.254107,-26.253483
0,-498.79593,107.930244,-10.427016,43.12529,-5.403159,11.363324,-7.7452855,15.504883,3.6465218,-5.0420046,5.942632,-11.153049,-7.047363,-2.0066035,-0.56878555,0.5128382,-0.6047129,-0.4110135,-0.19602968,0.34288433,0.5111724,0.263574,0.42365342,0.031200528,0.03369857,0.2788857,-0.40697023,0.18036252,0.09511146,-0.06844044,0.09578698,0.09447625,0.035741977,0.023118557,-0.02295137,0.072664455,0.030469408,0.021965314,0.0017284176,-25.662484499999998,1.0085,0.0,1933.661196943586,496.99517739431104,2374.1516172934193,313.4325447433644,2018.8191970280504,0.0,717.7218956459561,529.1163782999406,1657.596979708558,0.0,1259.6363545551537,0.0425000,0.0725000,0.0725000,0.2925000,0.2925000,0.3225000,0.3225000,0.5225000,0.5225000,0.6725000,0.6725000,0.9025000,-31.001715,-21.694349,-27.108664,-24.878332,-25.430811,-23.861036
0,-531.6418,113.609566,6.718931,38.16455,4.014513,25.407259,-8.123179,8.705107,0.4910249,-4.48698,3.8856385,-12.498948,-1.9034287,0.9427122,-0.0839201,-1.1878017,-1.0840647,-0.3066855,0.18676332,0.092730656,0.12904646,0.12420259,-0.029759023,0.046935212,-0.059495013,0.02622505,-0.6077576,-0.4270446,0.40043965,0.33007228,-0.11085047,-0.10584431,0.06807321,-0.1270905,-0.06077292,0.0730534,0.008602234,-0.012077994,-0.053115085,-27.64457833333333,0.68,0.0,1194.1303717418143,334.2530781946781,2092.004425257073,331.9283139073258,2295.584572526658,0.0,0.0,909.8727105028843,1510.8461809761884,0.0,1040.781634776633,0.0425000,0.0825000,0.0825000,0.2125000,0.2125000,0.2725000,0.2725000,0.4025000,0.4025000,0.5125000,0.5125000,0.5625000,-29.069504,-26.755947,-26.740927,-25.664043,-28.360218,-29.276831
0,-489.95972,95.985466,-11.371094,37.44452,-0.38767096,13.235753,-6.7357726,10.792924,-0.18864174,0.0280748,4.781543,-5.7324657,-4.7322164,-3.5226521,-0.41488475,0.486527,-0.97933304,0.101735406,0.18231364,0.38045675,-0.114457965,-0.0034413026,0.5297735,0.48512003,0.077231824,0.16920684,-0.88694465,0.014549428,0.21203576,0.08873275,0.22409147,0.038631566,0.07304565,0.025494738,0.03086258,-0.022974042,0.017675648,0.046231143,0.051081866,-25.382886833333334,0.772125,0.0,1189.9844938650335,270.62084156695903,2168.786541383066,0.0,1383.7969901005638,358.176158144487,2260.784198612522,0.0,1817.9681213035826,858.6096267545087,1497.1863458233488,0.0425000,0.0725000,0.0725000,0.1625000,0.1625000,0.2625000,0.2625000,0.3625000,0.3625000,0.5225000,0.5225000,0.7325000,-26.507095,-22.237574,-27.704075,-25.726948,-26.921474,-23.200155
0,-551.4572,105.64633,1.1223458,39.694702,3.0258138,15.750632,-4.3221016,14.565674,0.72499514,1.0666391,3.3978844,-7.2173033,-0.5353898,-1.8310171,-0.36559936,0.37131396,-0.5764988,0.069219366,0.021479666,0.23451017,0.07725042,-0.08301228,0.23740469,-0.005400504,0.22305591,0.34022418,-0.36625597,0.06888139,0.073807426,0.023280673,0.09413806,0.06008337,0.029858068,-0.023307197,-0.025889795,0.042900186,0.002733491,0.012095695,-0.0019516741,-25.279587666666664,1.034625,301.64656834722973,2178.7343743819174,297.04178380825726,2182.695099667902,275.9767368955574,1818.994576495857,0.0,1187.262608661066,909.5651812191219,1802.5214234692664,0.0,0.0,0.0425000,0.0725000,0.0725000,0.3025000,0.3025000,0.3625000,0.3625000,0.5125000,0.5125000,0.6725000,0.6725000,0.8325000,-30.691065,-23.381124,-27.775747,-23.67852,-23.576973,-22.574097
0,-557.8261,92.96806,9.549355,53.902817,-5.0043664,-10.157785,-4.851102,13.538693,-2.5879827,-5.912473,0.8118333,3.3706899,-4.416496,-4.901063,-1.1472219,0.1887037,-0.21845947,-0.144192,0.30681768,0.8054698,0.12297213,0.2999621,0.479441,0.4020967,0.26088777,0.19393954,-0.5711172,0.2669882,0.16421843,0.12876675,0.09361425,-0.102177285,0.022008479,-0.03982354,0.06288788,0.09395335,0.056909762,-0.09162691,-0.042092167,-26.487499833333334,0.5575625,506.3382884596454,2114.9166980728514,296.1391690602197,1757.729928185552,423.4139983786803,2241.2186254019693,0.0,0.0,0.0,0.0,0.0,0.0,0.0425000,0.0725000,0.0725000,0.1625000,0.1625000,0.2425000,0.2425000,0.3225000,0.3225000,0.3525000,0.3525000,0.3825000,-26.699888,-20.479641,-27.187634,-22.466507,-31.090719,-31.00061
0,-507.2961,91.42003,-9.239061,36.757046,5.3796973,2.1313977,-10.1376705,7.700369,0.53422374,-11.8573675,1.8921211,-8.971686,-14.338335,-2.2705703,-0.33092076,0.17996846,-1.3408221,-0.43951046,0.2200815,0.7877381,-0.24340044,0.2647139,0.56644714,0.46505103,0.055533536,0.09457234,-0.8980119,-0.24583696,0.101784095,-0.041816797,0.10124638,0.026989121,0.09473213,0.027700594,-0.031833254,-0.04213676,0.02061714,0.17607303,0.042805374,-28.007148333333333,0.8073125,0.0,1610.6653709729999,130.837935778175,2130.72589297409,0.0,1248.3636547054975,349.697774601808,1963.698306114555,539.4132503775868,1998.9586170785392,746.461339716082,1479.8317640299056,0.0425000,0.0725000,0.0725000,0.1925000,0.1925000,0.3025000,0.3025000,0.5225000,0.5225000,0.5825000,0.5825000,0.7625000,-31.681574,-25.388016,-30.241375,-24.584105,-31.516846,-24.630974
0,-487.0817,122.80857,-15.341197,44.83884,-2.7541614,9.969957,-10.766843,5.776297,7.421163,-10.825981,8.769533,-16.241743,2.5431957,1.6813993,0.25105396,-0.71617335,-0.678589,-0.7316919,-0.06373491,0.020547815,0.10874321,0.2640089,0.45893964,0.13775977,-0.03273815,0.07681721,-0.89778143,-0.16634582,0.2840831,-0.14309135,0.080908045,-0.05463162,0.15753257,0.06701111,0.020526651,0.070443705,0.01443729,0.10543861,0.03543391,-24.104391833333334,0.91225,0.0,0.0,552.007248362208,2003.0652538277557,247.3848609708223,2165.1462010753535,0.0,1486.6496391587048,0.0,1298.5287282748295,759.5027184163955,1408.810326825254,0.0425000,0.1025000,0.1025000,0.2925000,0.2925000,0.3925000,0.3925000,0.5525000,0.5525000,0.7125000,0.7125000,0.8725000,-27.135315,-20.857069,-26.33662,-22.985374,-24.833694,-22.478279
0,-545.8413,95.151985,11.004736,49.76333,17.979918,8.046698,-14.076577,11.538128,-11.600976,-14.543027,6.879382,-8.518672,-2.6284075,-6.8558335,-0.5216463,0.6367837,-0.9059778,-0.73960274,1.0835212,1.4062263,1.0924847,0.13182583,0.32269815,0.4306804,0.29614094,0.38572493,0.037959445,0.27202475,0.003329534,0.15501261,0.0915385,-0.09322692,-0.08485369,-0.13159844,0.012262051,0.046590976,0.019970542,-0.06447687,0.009331401,-26.883015333333333,0.471375,307.6183758006674,2162.4449839838267,285.31205637890224,2128.8826540291034,0.0,0.0,0.0,375.031250155409,0.0,0.0,0.0,1201.7840100918559,0.0425000,0.0725000,0.0725000,0.1425000,0.1425000,0.2225000,0.2225000,0.2725000,0.2725000,0.3025000,0.3025000,0.3625000,-27.077398,-23.749189,-28.297558,-24.29563,-28.850037,-29.02828
0,-538.5046,99.58402,-7.0274115,35.59187,0.28051913,6.7915254,-4.5018883,5.724273,7.0304813,-7.279403,7.24038,-15.827621,-7.574494,-3.529388,-0.7585129,0.60612226,-0.6353648,0.09779945,-0.13361831,0.5432641,0.07237377,-0.077384986,0.39520591,0.074258976,0.1940672,0.107125305,-0.23701991,0.123646006,0.17853747,0.009233826,0.048855096,0.06633917,-0.021956747,0.039162535,-0.0867625,-0.01532043,-0.039132692,0.048104998,0.037580725,-25.851624666666666,0.8479375,0.0,1579.5897910169483,0.0,0.0,0.0,303.2242550595661,157.70281145467538,2324.006520893887,0.0,0.0,533.6435496834256,1202.6545615213138,0.0425000,0.0725000,0.0725000,0.2425000,0.2425000,0.3225000,0.3225000,0.4225000,0.4225000,0.5925000,0.5925000,0.7625000,-30.730185,-21.976683,-27.572342,-26.116894,-25.03252,-23.681124
0,-524.39087,108.15974,-5.588779,46.924267,0.464473,13.404764,-0.9616408,8.79913,-1.7243443,-4.5544043,7.22963,-8.162175,-9.0739,-0.42778757,-0.53905576,-0.11643832,-0.08828303,-0.17171769,-0.29928195,-0.17476358,0.0063714148,0.22344553,0.34048256,0.12191311,0.21628608,0.18882251,0.08063367,0.02924459,0.0072053946,-0.043060098,-0.03329424,-0.044396557,-0.042035628,0.011153355,0.094103165,0.17360486,-0.036182832,-0.04066665,0.040392317,-26.298806833333334,1.0671875,0.0,1370.379872013582,343.60874239804315,2330.637554642855,0.0,609.9869003362383,0.0,0.0,841.9941475028616,1541.090934169354,0.0,1400.7446601199074,0.0425000,0.1425000,0.1425000,0.3525000,0.3525000,0.4325000,0.4325000,0.5725000,0.5725000,0.7625000,0.7625000,0.9225000,-26.255129,-24.010685,-29.426781,-24.291721,-28.939941,-24.868584
0,-457.69174,120.02242,-21.777367,48.684566,3.1195717,-2.3312557,-10.117247,14.708017,4.9404616,-7.399786,4.907655,-4.5824842,-3.8131347,0.59925836,-0.51578814,-0.49559656,-0.9039699,-0.75212914,0.13837579,0.1920002,0.5288296,0.15728505,0.5873439,0.17339414,-0.4725733,0.17196314,-1.9977225,-0.2904136,0.48535526,-0.12145174,0.185472,0.095523596,0.16708855,0.02439039,-0.051943544,0.07973417,0.016006311,0.09580759,-0.011334266,-26.497423166666668,0.647125,0.0,0.0,0.0,0.0,351.14571807623395,2102.395499408101,374.7714019541708,2042.8270136627464,464.61741204814695,1816.1543201114619,1025.0694142944737,1503.6517705736774,0.0425000,0.0725000,0.0725000,0.1925000,0.1925000,0.2725000,0.2725000,0.3925000,0.3925000,0.4925000,0.4925000,0.6125000,-30.670969,-23.319719,-26.846935,-24.289072,-28.525202,-25.332642
0,-508.91257,96.99106,-10.473739,36.892536,0.22286879,7.2580523,-10.099175,8.183846,2.1189992,-3.085195,-3.0806994,-16.346043,1.7526869,-2.50781,-0.5221735,0.29323274,-0.9147732,-0.31584927,0.08870464,0.32222694,-0.09078211,0.04165427,0.50878847,0.17322165,-0.10886828,0.07503574,-0.96946704,0.096732296,0.32942536,-0.019002378,0.25119355,-0.01540296,-0.01694848,-0.0081042545,-0.093238056,0.023907809,-0.05226348,0.12573142,0.006011626,-25.841588833333333,0.8580625,0.0,1525.3588192703444,188.25598405278987,2098.497639526586,1041.5690593493448,2651.777971578806,222.31889588134743,1091.7690677310475,0.0,1573.2802481378146,850.8475344780154,1494.4871517062984,0.0425000,0.0725000,0.0725000,0.2325000,0.2325000,0.3025000,0.3025000,0.4625000,0.4625000,0.6225000,0.6225000,0.8125000,-29.756712,-22.761292,-28.896685,-25.358307,-24.947083,-23.329454
0,-498.99643,117.81106,-13.844236,46.536118,-0.6999854,9.940484,-5.029868,7.832142,2.167245,-8.561599,7.2838006,-6.3503704,-9.164228,-0.062466573,-0.5338699,-0.15479682,0.013253948,-0.24887358,-0.04908111,0.07472019,0.14255765,0.16008732,0.10483846,-0.009816327,0.14322852,0.23820953,0.090430945,0.020544091,0.032109644,-0.032881558,-0.11817405,-0.005097957,0.10932098,0.080952294,0.048698585,0.058708657,0.012050846,-0.06601622,0.035864033,-24.946371666666668,1.00975,295.8862716209392,1974.1219357046878,500.30903721312853,2183.0675618424107,0.0,365.3620361217929,329.2202216266938,2141.983218344313,702.616300067093,1582.680457798408,775.9300942268538,1222.8398829311286,0.0425000,0.1125000,0.1125000,0.3325000,0.3325000,0.3625000,0.3625000,0.5525000,0.5525000,0.6825000,0.6825000,0.8925000,-26.547764,-22.181814,-27.733704,-24.50383,-24.632587,-24.078531
1,-337.5244,-15.008564,45.91177,34.981945,-15.92791,26.14624,-21.97649,16.437874,-11.816036,7.3634434,7.69936,-12.152717,-1.6258415,0.08512562,0.55725056,-0.3928225,-0.40983593,-0.7089146,0.6110009,0.201599,0.05143886,0.06007897,0.33582807,-0.00021469346,-0.012043591,0.066962,-0.73022246,0.049860876,0.16370209,-0.001644703,0.16217372,0.020822238,-0.0053510233,0.046894368,0.018416988,0.01678884,-0.041921515,0.01136053,0.010594079,-26.17335,0.88725,0.0,0.0,0.0,0.0,1468.9158221888629,3048.8591517425234,0.0,0.0,1938.4387433109152,2794.064842734208,917.6743180430447,2644.3652157342717,0.0425000,0.0725000,0.0725000,0.2825000,0.2825000,0.3725000,0.3725000,0.6225000,0.6225000,0.7525000,0.7525000,0.8525000,-30.583048,-21.631229,-28.798218,-24.844624,-26.971445,-24.211536
1,-367.8765,-16.502895,45.27512,31.844038,-22.855879,28.203678,-16.469145,22.382715,-8.273413,3.3296173,9.772465,-8.16919,-2.518547,-1.7017465,-0.05210183,0.07289253,-0.48364818,0.26437688,0.28308746,0.2436364,0.21205261,-0.09580456,0.16515553,-0.18770261,0.080211475,0.033730626,-0.054240894,0.057583377,-0.031364948,-0.050828394,0.045767576,0.017527955,-0.018677969,0.017239036,0.009061429,-0.035912257,-0.046604663,-0.003512568,-0.021385862,-25.587192333333334,1.2165,0.0,0.0,0.0,0.0,0.0,0.0,1109.402918626677,2587.898613628847,1123.4870117409978,2616.8136545276066,1063.9977166499853,2283.3084595638047,0.0425000,0.0725000,0.0725000,0.3025000,0.3025000,0.3825000,0.3825000,0.6325000,0.6325000,0.7725000,0.7725000,0.9325000,-27.971563,-22.689436,-27.32412,-24.730511,-26.368765,-24.438759
1,-503.82227,-12.983365,38.74262,12.558097,-15.999956,15.955026,-22.665686,12.397087,-7.925439,6.460402,-2.2733922,-0.80468917,-0.31490016,-1.839492,0.09428672,0.016116975,-0.12167125,0.17573662,-0.003468619,-0.048604738,0.013918465,-0.07525392,0.023245405,0.03474049,0.11643283,0.12432271,0.07853072,0.048187025,0.047841493,0.022482486,-0.037614524,0.0181907,0.038148567,0.019439302,0.012076392,0.0040511247,-0.013681661,-0.0046866224,0.011095595,-25.3381185,1.5045,539.6481318734045,2780.7991478672157,362.9950164786842,3202.6284036299935,1425.6582682877736,3306.5615760548653,1229.4408320981743,2830.4549840760565,870.2729690299522,2444.5121134979795,1202.8398833817391,2009.1180126004074,0.5625000,0.5925000,0.5925000,0.7325000,0.7325000,0.7625000,0.7625000,0.8225000,0.8225000,1.0525000,1.0525000,1.2525000,-30.306314,-21.371887,-25.971354,-26.440268,-23.172836,-24.766052
1,-514.5001,-4.527415,40.05242,8.314258,-10.525891,16.342735,-22.111572,15.634414,-12.924608,8.248164,-2.811502,-1.015869,3.6723473,0.33807588,-0.21359095,-0.15330066,-0.18884203,0.115996085,0.02472258,0.13396454,0.069271915,0.08525277,0.11720459,0.00046876978,0.14274094,0.14896774,0.015577994,-0.026283408,0.027111594,-0.043980643,0.061348412,-0.0009818566,0.046571992,-0.012008151,-0.02398827,0.02646392,-0.012080137,-0.007100873,0.0028277135,-24.883311166666665,1.6005,581.6639174083787,2719.0585741429272,634.9888100474334,2802.8427153548228,0.0,1936.7244738522436,726.7189302839395,1778.789337463477,973.5894902574765,2713.261555849631,1203.4384301400296,2646.069998065826,0.0425000,0.0925000,0.0925000,0.3325000,0.3325000,0.6325000,0.6325000,0.8625000,0.8625000,1.1225000,1.1225000,1.3025000,-28.166834,-23.777905,-26.207479,-24.820934,-23.287504,-23.039211
1,-542.81903,110.36511,10.147314,36.0827,4.5756936,8.185473,-8.497479,14.7950735,-5.575606,2.1042397,-1.1452174,-7.003469,0.19761267,-0.9696267,-0.646189,0.23050977,-0.35275158,-0.3597969,-0.1359728,0.20309605,0.11484813,0.12551606,0.34433615,0.092111245,0.038727082,0.17729674,-0.6828363,0.08118424,0.27174267,-0.04756522,0.11214999,0.16365512,0.054009974,-0.022195663,-0.043665394,0.05883786,0.029016325,-0.010815509,-0.053461604,-26.793395833333335,0.8965,0.0,0.0,0.0,309.10722830566135,0.0,1014.5282153349731,0.0,0.0,0.0,992.7709690255454,0.0,0.0,0.0425000,0.0825000,0.0825000,0.2125000,0.2125000,0.3025000,0.3025000,0.4625000,0.4625000,0.6025000,0.6025000,0.6625000,-29.473637,-24.722427,-29.1101,-25.75177,-24.334927,-27.367514
1,-500.1975,111.040535,-4.9260035,40.307533,-3.0591118,4.8683414,-16.812412,11.299585,-4.6061263,-3.339275,4.0359893,-13.454116,2.4957423,-1.3996449,-0.40220958,0.05794472,-1.1936456,-0.39936355,0.29568136,0.47626194,0.10354532,0.061864182,0.6788159,0.23622051,-0.09169891,-0.04717814,-1.4072673,-0.28978485,0.2057227,0.13300534,0.28149962,0.14859703,0.005968125,-0.044168137,0.044131607,0.05735834,0.02186557,0.10275922,0.022169253,-27.5724865,0.6825,0.0,0.0,388.80502879218795,2271.9604267980053,0.0,0.0,0.0,0.0,685.8196702862938,1670.1159249367852,0.0,1062.082220391249,0.0425000,0.0725000,0.0725000,0.1725000,0.1725000,0.2625000,0.2625000,0.3825000,0.3825000,0.4725000,0.4725000,0.5925000,-30.462799,-24.696999,-29.224161,-26.237823,-28.339403,-26.473734
1,-499.99567,107.41543,-11.925273,41.89772,2.9728959,10.413517,-9.623426,7.912333,5.593589,-8.266882,8.588887,-10.129537,-2.55334,-4.2500906,-0.58869344,0.76946884,-0.7075464,0.334052,0.12794463,0.39680076,0.09189365,-0.27162722,0.34200084,0.0016223385,0.09449742,0.32699165,-0.19330342,0.12765227,-0.022221575,-0.06497966,0.013721987,0.09064626,-0.020025564,0.015598492,0.021170942,0.02852263,0.01864923,-0.019231414,-0.013505334,-26.000700333333334,0.871625,0.0,0.0,407.5837610880118,2149.6427274449543,0.0,0.0,0.0,1208.5095871022122,688.2063714595035,1539.9329497113072,1029.3940223358077,1414.6579291633518,0.0425000,0.0725000,0.0725000,0.2025000,0.2025000,0.3025000,0.3025000,0.4725000,0.4725000,0.6125000,0.6125000,0.7625000,-31.204615,-24.36417,-27.322662,-24.296696,-25.114065,-23.701994
1,-482.591,116.30036,-11.502889,50.86905,2.612063,13.532468,-10.897337,11.604185,10.284838,-9.760602,6.581261,-9.751591,0.36085248,-2.1303666,-1.1485717,0.19863747,-0.37934044,-0.51710117,-0.009450305,0.33754918,4.651268e-05,0.28160796,0.64301825,0.04996313,0.07511123,0.28231132,-0.397476,-0.25866774,0.2916367,0.11853845,0.17388415,0.14853658,-0.015010589,-0.062272735,-0.041499764,-0.056346796,0.11554302,0.060367778,0.004689867,-25.995676500000002,0.715,0.0,0.0,0.0,0.0,0.0,0.0,0.0,0.0,570.7063502766476,1626.6143495814192,808.9971536874241,1544.2525059901925,0.0425000,0.0825000,0.0825000,0.1925000,0.1925000,0.2525000,0.2525000,0.3725000,0.3725000,0.4725000,0.4725000,0.6425000,-27.096935,-24.541065,-28.120371,-24.295874,-27.138514,-24.7813
1,-536.70966,104.608635,-1.5194956,41.821884,5.204591,11.258672,-7.0148,9.085403,-2.8119252,-0.61520547,7.726143,-6.3179846,0.79396087,-2.9194536,-0.8367149,0.59656274,-0.58347857,-0.3542934,0.08930144,0.21127044,0.05145865,0.3407958,0.5374321,0.0983183,-0.053617716,0.14386657,-0.23971134,0.20928894,0.14922155,0.047850903,0.08018338,0.05231942,0.073871695,0.033890523,-0.07034888,-0.044405896,-0.035225485,-0.019144423,-0.01831908,-27.1337765,0.6815,0.0,0.0,257.83253888245946,2258.191459321282,311.33934453856244,1866.127555055214,962.0848520231679,2697.728273802294,0.0,1047.255912334637,0.0,0.0,0.0425000,0.0725000,0.0725000,0.1525000,0.1525000,0.2125000,0.2125000,0.3125000,0.3125000,0.4225000,0.4225000,0.4725000,-26.052475,-25.842373,-28.536215,-26.189087,-28.426796,-27.755713
1,-551.74426,100.39986,-0.5830448,36.897118,5.2413692,16.02764,-10.48949,11.709116,-0.31868806,-1.3788028,7.8762913,-4.461023,-3.3168225,-4.0062265,-0.49503046,0.4841534,-0.40842825,-0.09632909,0.09916757,0.5349999,-0.10255681,0.3701274,0.27233848,0.24795584,-0.071315676,0.14919773,-0.25431445,0.07892567,0.0731608,0.01599175,0.039224803,-0.0043860343,-0.01634842,0.036201242,0.04350423,0.066505596,0.03340973,-0.062579975,-0.07400468,-27.440733333333334,0.6863125,343.70522952683496,2078.101079633049,274.5552082068785,2249.4392361172095,0.0,1102.1067787197335,0.0,0.0,0.0,1082.6720348083477,0.0,0.0,0.0425000,0.0725000,0.0725000,0.1325000,0.1325000,0.2025000,0.2025000,0.3225000,0.3225000,0.4325000,0.4325000,0.5125000,-25.773279,-25.865229,-30.065531,-28.499304,-26.672075,-27.768982
1,-497.68655,119.97358,-14.810525,33.160244,7.5008607,9.00193,-9.779474,14.207036,3.3110769,-2.2366002,5.9199214,-11.139393,1.7114158,-4.1008,-1.2265344,0.7290826,-0.0144800125,-0.2574059,0.1779524,0.46718723,-0.34779534,0.18149565,0.5547643,0.31170252,0.37000427,0.11529315,0.16090332,0.19088025,0.102247275,-0.019674398,0.046664737,0.004061381,-0.12504973,0.06408821,-0.018416934,-0.04517896,-0.029876148,0.06008896,-0.032415587,-26.1115645,0.6725,0.0,0.0,0.0,0.0,0.0,1412.2263660404221,0.0,1744.1647101188717,588.1554377678447,1601.4205188370572,908.9167095191675,1426.0341938776014,0.0425000,0.0725000,0.0725000,0.1325000,0.1325000,0.2125000,0.2125000,0.3225000,0.3225000,0.4125000,0.4125000,0.5925000,-28.041803,-25.382143,-28.316959,-24.393366,-26.169189,-24.365927
1,-508.2319,96.940605,-6.3785386,45.739693,5.556768,7.6255107,-10.362061,9.135086,2.3832161,-5.674844,0.2321746,-10.405587,-7.2638407,-2.1589155,-0.87989366,0.4813634,-0.26588187,-0.26101717,-0.035670616,0.30977222,-0.075677946,0.21849354,0.43998107,-0.02972167,0.048759136,0.2939444,-0.47230452,0.09817682,0.32347655,-0.04418859,0.103485115,0.042483676,0.060646117,0.06054535,-0.13601628,0.01028587,0.0918637,-0.0039737998,0.074804075,-26.306347166666665,0.7365,0.0,0.0,0.0,0.0,241.46043829045007,2182.615089196607,0.0,0.0,654.7817399997593,1594.6141110740707,837.2693606297524,1440.7704916988066,0.0425000,0.0725000,0.0725000,0.1825000,0.1825000,0.2725000,0.2725000,0.3825000,0.3825000,0.4825000,0.4825000,0.6525000,-29.861399,-23.732481,-28.184923,-24.028858,-27.818243,-24.212179
1,-512.3428,88.663574,-7.1803803,41.595776,-3.4174614,9.254672,-13.311854,11.015138,-2.8038085,-1.2202742,3.364124,-6.5630713,-4.5621676,-2.864481,-0.42475644,0.57508224,-0.5406072,-0.1413617,0.18708767,0.4952632,0.21459524,0.14084767,0.40715018,0.20992197,0.0939428,0.12854333,-0.8693802,0.26275313,0.15133183,0.026451033,0.14654256,0.03166752,0.025436902,0.056450233,0.016503476,0.05356529,0.014803193,0.0018623923,0.014482635,-27.6821425,0.6345,0.0,0.0,240.55056010521164,2377.627393072558,387.6111098306338,2303.1502329129817,0.0,0.0,847.7266090494616,1624.680781002632,0.0,0.0,0.0425000,0.0725000,0.0725000,0.1325000,0.1325000,0.2125000,0.2125000,0.2825000,0.2825000,0.3825000,0.3825000,0.5025000,-31.729097,-27.026064,-28.480442,-26.487949,-26.622925,-25.746378
1,-468.59454,118.433525,-13.309662,33.356773,7.22918,15.158933,-13.205416,15.683964,-1.765512,-5.4295654,5.4855337,-10.114431,0.98273414,0.28111356,-0.907558,-0.83011115,-1.4057595,-0.4058571,0.4465114,0.10180789,0.5820518,0.1661038,0.80199915,0.31050214,-0.5564549,0.03980423,-2.5754895,-0.009228523,0.32724553,0.1670727,0.29099062,0.046762638,0.15893532,0.019239822,0.046292033,0.1374121,0.068541504,0.09451714,-0.014830859,-26.53928283333333,0.515625,0.0,949.9247069752165,0.0,0.0,0.0,1529.7971732929138,0.0,1295.1415383283463,553.5610390474832,1820.1046919605612,1136.0477169934136,1667.7768992227968,0.0425000,0.0725000,0.0725000,0.1325000,0.1325000,0.1925000,0.1925000,0.2625000,0.2625000,0.3525000,0.3525000,0.4825000,-28.843039,-25.708391,-27.412842,-24.966665,-27.270317,-25.034443
1,-521.5196,97.13066,-6.1489444,39.843296,2.4219298,4.284743,-11.842152,11.731354,-0.77301794,1.5825973,-1.9577532,-9.30448,-4.374813,-3.4791129,-0.39560232,0.5998903,-0.31900373,0.06386969,-0.09142182,0.22184998,-0.10903498,0.16200009,0.30935955,0.15018313,0.23379427,0.2735367,-0.23093596,0.25362134,0.12969351,-0.11143594,0.09609988,0.07091481,-0.050526913,0.040754907,-0.055368643,0.04622628,0.009641965,0.026257291,0.03834533,-26.402485666666667,0.7365,328.39736743722807,2088.943282713917,339.1437420839599,2120.661270013569,0.0,0.0,0.0,0.0,761.3171601218136,1662.2582532614347,0.0,1453.3416349907538,0.0425000,0.0725000,0.0725000,0.1725000,0.1725000,0.2425000,0.2425000,0.3825000,0.3825000,0.5125000,0.5125000,0.6325000,-31.158785,-23.979137,-27.367191,-23.994629,-26.254934,-25.660238
1,-525.8275,102.0644,-3.3845108,31.71805,3.2398503,10.780445,-14.57613,16.065199,-3.6554167,7.9296484,5.13669,-6.8137536,-1.7275956,-3.9034827,-0.74755025,0.7763181,-0.26656893,-0.07466842,0.20159237,0.4653704,-0.01862811,0.3967203,0.38887605,0.14386295,0.21911399,0.029294973,-0.45842198,0.11260793,0.15348028,0.010818142,0.1917261,0.07081692,-0.05454931,0.09501788,-0.027266435,-0.050899625,-0.07051033,-0.035713695,0.03579906,-28.1346795,0.6405,0.0,0.0,276.3955657731151,2392.483317134421,0.0,0.0,0.0,0.0,1159.7745510776485,2251.1455135314827,0.0,1147.5507656837353,0.0425000,0.0725000,0.0725000,0.1425000,0.1425000,0.2125000,0.2125000,0.3125000,0.3125000,0.4125000,0.4125000,0.4625000,-28.911341,-24.212168,-29.990866,-28.343573,-27.024445,-30.325684
1,-496.16992,109.32319,-18.653717,45.05277,-0.8613264,10.596471,-13.741756,7.0838323,4.207589,-13.896912,5.994435,-12.893212,-9.0173025,-1.276519,-0.7691438,0.13163002,-0.36432654,-0.21553558,-0.1399261,0.25606862,0.12216557,0.030012105,0.1644592,0.011209739,0.23643291,0.3330874,-0.5276742,0.1553368,0.14094545,-0.17859064,0.121123984,0.06077614,0.033175092,-0.004336372,-0.09544155,0.06374479,-0.009430277,0.021891898,-0.012311265,-25.689874166666666,0.908875,0.0,1558.6150533184523,0.0,1747.0014317347243,0.0,1105.3938674964588,0.0,0.0,731.2814241112003,1586.183615511678,0.0,1350.487522881018,0.0425000,0.0725000,0.0725000,0.2325000,0.2325000,0.3125000,0.3125000,0.5025000,0.5025000,0.6225000,0.6225000,0.7925000,-29.680109,-22.074251,-28.705376,-22.857014,-26.748606,-24.073889
1,-502.63007,108.23306,-7.0143485,44.433807,7.141139,13.555817,-11.046396,15.778025,3.5695028,-5.0754027,2.317718,-5.7936544,1.396464,0.1270368,0.1441565,0.058148496,-0.6367103,-0.4178136,-0.209612,-0.070163086,-0.08831068,0.16320951,0.34719312,0.061786167,-0.059267156,0.2123681,-0.4552587,0.2381604,0.261145,-0.18222739,0.050433885,-0.009216128,0.019372003,0.0052331677,0.052087355,0.07079326,-0.02135972,-0.09813332,-0.026452452,-26.5207685,0.8295,0.0,1798.1519202819034,229.70117857946954,2163.20359961731,0.0,0.0,0.0,0.0,859.2873385960488,1565.8976720337475,0.0,1404.4009182487896,0.0425000,0.0725000,0.0725000,0.2125000,0.2125000,0.2825000,0.2825000,0.4025000,0.4025000,0.5425000,0.5425000,0.6825000,-29.602463,-23.684259,-27.393141,-24.52862,-28.472595,-25.443533
1,-423.2684,26.972872,33.81638,5.3758254,0.43597415,11.85382,-17.1517,9.917031,-7.7798915,3.0679424,1.6626037,-4.611922,-9.619257,-2.8257885,-0.48421314,0.1364895,-0.54881215,-0.07077042,0.47487745,0.3264484,0.07503345,0.07252175,0.4742242,0.28553504,0.16231893,0.32554185,-0.38586465,0.19846275,-0.06021003,-0.06111251,0.07263767,0.12642194,-0.047140263,0.039287787,-0.05012812,-0.053033903,-0.032257844,-0.024739165,-0.039013166,-26.743572166666667,0.7949375,0.0,0.0,0.0,0.0,0.0,0.0,520.5157360739101,1965.5009645140099,926.0665172055159,1994.961550074926,1073.536476521244,2593.635378086911,0.0425000,0.0725000,0.0725000,0.1925000,0.1925000,0.2625000,0.2625000,0.3925000,0.3925000,0.5525000,0.5525000,0.6925000,-29.940353,-26.322111,-28.594509,-25.973116,-25.300934,-24.33041
1,-503.33774,103.85908,-20.187202,41.040142,-0.9252144,2.0982168,-13.676629,2.3947778,4.7289047,-18.279814,7.5706773,-15.422373,-9.781716,-1.9190642,-0.50333977,0.10737154,-0.71845675,-0.18119337,-0.024679223,0.42007896,0.040271744,0.04589112,0.42687306,0.18683265,0.104577206,0.10917809,-1.0809557,-0.1648945,0.28366947,0.050856393,0.22121312,0.024221083,0.08797335,-0.034481585,-0.0738933,-0.036250986,-0.08719548,0.10676638,0.09824648,-26.001394666666666,0.916,0.0,0.0,0.0,622.0521817124617,0.0,0.0,0.0,1141.4515601006822,841.1301826739032,2350.2231711617055,820.9168594505412,1485.7793402667214,0.0425000,0.0725000,0.0725000,0.2525000,0.2525000,0.3525000,0.3525000,0.5125000,0.5125000,0.6625000,0.6625000,0.8525000,-31.182215,-22.51708,-28.457409,-23.335228,-26.665413,-23.851023
1,-511.17075,96.84129,1.2919753,33.4149,8.139536,5.4869585,-11.154411,13.073755,-0.4674059,0.20555915,5.7737284,-6.9571915,-2.885892,-3.0589428,0.051618863,0.49847913,-0.31708336,0.08345313,0.24375117,0.44508225,0.13102923,0.03206293,0.46723574,-0.02469079,0.055285808,0.20223907,-0.55903935,0.021450616,0.009209757,-0.015071531,0.092982404,0.09085092,0.050616857,0.07934747,0.07582482,0.06355025,-0.035194337,-0.022463795,0.034563478,-26.594370833333333,0.801,430.42260459572265,2298.120540444908,295.423560924024,2108.5645049914847,303.00091379225967,1979.969482903199,0.0,0.0,984.5157990639685,1874.4770029928495,0.0,1290.6512001953943,0.0425000,0.0725000,0.0725000,0.1625000,0.1625000,0.2525000,0.2525000,0.3825000,0.3825000,0.5025000,0.5025000,0.6225000,-31.891495,-24.210436,-29.108904,-23.873487,-26.279306,-24.202597
1,-400.724,24.228403,38.84282,6.1081867,1.4368192,15.710542,-20.115763,14.529629,-13.177574,3.480185,1.1656413,-2.7073517,-7.750442,-1.8635056,-0.41916937,-0.20559818,-0.28230822,0.046653256,0.2952353,0.13517903,-0.029221699,0.08557237,0.06991252,0.10833914,0.22167945,0.04469018,-0.23551168,0.19092904,-0.06928909,-0.15009284,0.025493987,0.1393324,0.0042310213,0.10889587,-0.053082693,-0.035132434,0.052789196,-0.040055543,-0.011906208,-26.464987333333333,0.7965625,60.056112439345874,2657.4790281952346,0.0,2318.579496532576,0.0,0.0,0.0,0.0,739.9988273536936,2044.2058045140998,1089.1034049779437,2391.1413063949612,0.0425000,0.0725000,0.0725000,0.1825000,0.1825000,0.2625000,0.2625000,0.4025000,0.4025000,0.5625000,0.5625000,0.6925000,-29.288649,-27.588715,-28.352581,-24.715271,-24.069336,-24.775372
1,-481.58237,120.41703,-12.394494,29.412996,-1.0298154,10.678841,-6.977246,7.812056,2.4595134,-6.4021716,9.418798,-9.604135,-6.780842,-1.378622,-0.8386995,0.10906188,-0.34629875,-0.27535197,-0.15886751,0.27175954,0.17153059,0.4126288,0.36917192,0.007678963,0.28668106,0.28038797,-0.44841242,-0.23079863,0.28291494,0.23111902,0.07788349,0.089571215,0.19829857,0.095025964,-0.21236259,-0.17795618,0.0033400091,0.13679612,0.07679473,-25.565183333333334,0.943625,326.9337956924222,1761.8005615414902,585.299952130334,2157.60373496344,1255.7409888982768,1738.3190541211188,0.0,498.15083209236104,534.2827239689412,1629.2599506313186,802.2668085317268,1467.2132300994435,0.0425000,0.0925000,0.0925000,0.2725000,0.2725000,0.3725000,0.3725000,0.5525000,0.5525000,0.6825000,0.6825000,0.8725000,-27.796055,-22.895267,-27.488958,-25.895922,-25.567486,-23.747412
1,-535.1172,98.02034,1.1385399,23.254927,5.6742287,3.2795813,-12.626217,13.600506,-8.161677,1.9160597,3.2127712,-8.106753,-3.9403903,-4.2292633,-0.5133086,0.20641185,-0.39818388,-0.2941558,0.38460755,0.72525835,0.22628401,0.46803397,0.2860837,0.18972336,0.07887648,0.1985201,-0.509091,0.06790308,0.072322056,0.09187989,0.08830446,0.0005092837,0.044678267,0.031087216,0.031164834,0.020000057,-0.042558845,-0.041537512,-0.033755317,-27.427857,0.696875,423.3373170499339,2283.0557047559005,255.29889354866262,2137.374763263346,0.0,810.4018756924297,797.3600409442496,2658.1029037841104,0.0,1054.8306307841533,0.0,1297.761357861174,0.0425000,0.0725000,0.0725000,0.1325000,0.1325000,0.2225000,0.2225000,0.3125000,0.3125000,0.4025000,0.4025000,0.5025000,-29.106333,-25.559837,-30.051151,-27.459724,-27.081076,-25.309021
1,-385.28403,16.521624,40.003365,10.526125,-2.0718834,20.198027,-21.683964,13.716679,-6.275288,-0.70483845,6.275577,-6.1220956,-13.694886,-0.24457362,-0.43235683,-0.13102584,0.10092293,-0.04781597,-0.20854837,-0.1618358,-0.049961764,-0.045717336,-0.10644104,-0.03006841,0.26065168,0.078400135,0.6834831,-0.03789563,-0.091874786,0.028700177,-0.10675613,-0.10216702,-0.018404663,-0.029352099,0.06298244,-0.11604192,-0.034939166,-0.019517755,0.03585953,-26.961796333333332,0.867125,0.0,0.0,361.8838324142261,2273.9793076325022,0.0,0.0,477.0306345672817,1725.898547507798,973.1445515316873,2046.8711743755302,1218.7865774131226,2755.13531084299,0.0825000,0.1325000,0.1325000,0.2725000,0.2725000,0.3325000,0.3325000,0.4725000,0.4725000,0.6325000,0.6325000,0.7725000,-29.664616,-27.838453,-27.586273,-25.853689,-26.816002,-24.011745
1,-491.05292,123.08935,-21.535645,50.63178,-4.511813,14.204882,-11.078857,13.769982,2.3561354,-12.775508,7.319285,-8.788897,-5.8651695,1.2073543,0.22940385,-0.9090378,-0.5023302,-0.2897945,0.08489333,-0.030989185,0.0081033725,0.12023278,0.208962,0.09677854,-0.070709504,-0.18792084,-0.29449773,-0.16917962,-0.053817034,-0.0018912863,0.031510994,-0.018705552,-0.012333584,-0.0005243974,0.11389224,0.02297208,-0.008961081,0.011274412,0.023284715,-24.7118395,1.047375,0.0,0.0,238.64147378044484,1977.942960439663,0.0,0.0,260.7146220419084,2024.3011860042886,832.9475338859564,2402.0630661479354,951.1467335877588,1688.0823842223965,0.0825000,0.1525000,0.1525000,0.3425000,0.3425000,0.4325000,0.4325000,0.6225000,0.6225000,0.7525000,0.7525000,1.0125000,-28.130686,-22.658136,-28.446568,-22.911423,-24.20735,-21.916874
1,-436.22073,98.830284,-12.718707,42.073807,6.753539,10.400993,-11.657024,14.648936,1.2151341,-6.2825017,0.34786534,-9.15864,-3.1288126,-2.5768428,0.17900941,-0.31861547,-1.5807467,-0.20090823,0.59320927,0.5047287,0.3421191,-0.08952877,0.7719202,0.114633545,-0.5044267,-0.031418532,-1.9788852,0.027624121,0.21906532,0.042205725,0.12979208,0.082905516,0.17751515,-0.083653584,0.09831224,0.059586827,0.013624754,0.22577061,-0.057544928,-26.539370833333333,0.567,0.0,1716.3960927530054,0.0,1802.1533326359672,0.0,1581.3647432647358,0.0,1732.7541221366964,0.0,0.0,887.0204171539089,1512.828643239537,0.0525000,0.0825000,0.0825000,0.1625000,0.1625000,0.2325000,0.2325000,0.3225000,0.3225000,0.4125000,0.4125000,0.5325000,-28.089632,-25.165018,-28.909115,-24.272326,-27.1301,-25.670034
1,-525.082,107.23915,-6.094069,44.024704,-2.6567287,13.360509,-5.0439906,8.2904215,2.8610766,-5.0812755,10.729834,-10.190122,-2.0821779,-2.879636,-0.6948958,0.6944922,-0.593796,0.13004175,0.2665992,0.2757712,0.2839971,0.05155316,0.4303661,0.3368987,-0.01778251,0.32499304,-0.47585818,-0.0083165355,0.23766458,0.14395255,0.16403282,0.015196158,-0.005622799,0.060094167,-0.04585451,-0.024989516,-0.03960047,0.080446966,0.10439306,-25.804600999999998,0.8026875,0.0,1820.0354522583332,265.06379855699333,2204.0485862137716,0.0,1200.9205111439614,129.9359332160005,2452.0818124475113,679.4212658096802,1664.4757504709594,842.6169879814572,1240.9076230503558,0.0425000,0.0725000,0.0725000,0.1625000,0.1625000,0.2625000,0.2625000,0.3825000,0.3825000,0.5325000,0.5325000,0.6925000,-28.261927,-22.573503,-28.640762,-28.092646,-23.311495,-23.947273
1,-504.7257,106.11382,-18.46743,53.0002,0.26943725,7.759073,-9.626239,6.8717804,7.211542,-12.928955,5.3737655,-8.937642,-7.9021325,-3.41328,-0.58441055,0.69944656,-0.45985505,0.1296227,0.11914598,0.40306252,0.21806026,-0.14022787,0.38383788,0.06396486,0.2548409,0.26279113,-0.06082245,0.1709541,-0.00624403,-0.0088271415,0.05134925,0.08712165,0.012337285,-0.041160837,-0.046157375,0.0029390869,-0.046359785,0.014706269,-0.036518253,-25.160528833333334,0.942625,0.0,1981.4377145370668,461.45205815155816,2218.755494380957,0.0,1414.3975977912842,102.86620525910524,1775.2735303480547,578.8043082799641,1635.5503298904162,455.853925154118,1353.1240385818521,0.0425000,0.0725000,0.0725000,0.2525000,0.2525000,0.3425000,0.3425000,0.5325000,0.5325000,0.6725000,0.6725000,0.8425000,-29.571722,-21.551754,-27.369663,-23.36108,-26.108494,-23.00046
1,-458.4134,104.85908,-6.348561,37.053795,6.9530506,4.654837,-18.904625,12.706167,-1.9239777,-5.178697,0.97605866,-5.3551693,-1.6148328,4.8616233,-0.5364932,-1.6387581,-1.3696953,-0.57138836,-0.12828471,-0.18499118,0.42928404,-0.027821125,0.2924347,-0.0032837696,-0.308521,-0.1416899,-1.4068493,-0.29866272,0.1454511,0.013057084,-0.05136301,0.014666739,0.19324322,0.0517127,0.031688094,0.16060998,0.15020029,0.008543785,-0.008958108,-26.641852,0.6084375,0.0,0.0,228.4145304512622,2109.6485467231314,0.0,1496.4610261743537,0.0,237.92799143277057,533.4867787752529,1832.269449202603,1051.5478522256653,1973.1884756270115,0.0525000,0.1025000,0.1025000,0.2225000,0.2225000,0.2925000,0.2925000,0.3825000,0.3825000,0.4725000,0.4725000,0.5725000,-28.26034,-23.650986,-28.760881,-26.430168,-27.118477,-25.63026
1,-480.91187,99.40717,-17.933187,47.91581,-3.364266,7.987121,-6.82457,6.649062,7.615147,-9.973571,12.496543,-17.884077,-4.0465746,1.2058393,-0.26841348,-0.5493936,-1.262668,-0.8598071,0.34976634,0.10862348,0.18404147,0.12755996,0.6404468,0.39714223,-0.3625807,0.064716615,-1.3000098,0.07707486,0.3666044,-0.18507093,0.23910177,0.17458647,0.17681946,0.0071361107,-0.05836907,0.024481228,0.0076457625,0.05884082,-0.050662752,-26.297991833333334,0.823625,0.0,0.0,0.0,1671.437005521083,0.0,1309.7592794987893,350.4039442999322,2210.9178521250988,0.0,0.0,881.1753199651681,1575.3079859786317,0.0425000,0.0725000,0.0725000,0.2225000,0.2225000,0.3125000,0.3125000,0.4725000,0.4725000,0.5925000,0.5925000,0.7825000,-30.795729,-22.01502,-29.456394,-26.178104,-26.039083,-23.303621
1,-523.1841,98.611084,-10.590918,44.343315,1.4621891,9.040911,-7.8627954,14.192766,4.2488995,-8.748311,5.646431,-5.308945,-6.756959,-1.3708782,-0.8146347,0.29277197,-0.430385,-0.13853398,0.093984276,0.16286321,0.11640252,-0.21058992,0.3475872,0.015343981,0.2701115,0.33083096,-0.42606112,0.16436833,0.112753816,-0.018334663,0.14929758,0.07557001,0.072854586,0.026932715,0.0054422356,0.049179237,-0.03652653,0.036252994,-0.0020343207,-25.173411833333333,1.016375,0.0,1316.6361545006864,497.9823163995082,2107.9844390446788,0.0,1220.9074492792138,0.0,0.0,534.789345419341,1584.980031726872,882.7003592183299,1206.029217378096,0.0425000,0.0725000,0.0725000,0.2825000,0.2825000,0.3625000,0.3625000,0.5525000,0.5525000,0.6825000,0.6825000,0.9225000,-31.021179,-21.841375,-27.820442,-23.531519,-24.460966,-22.36499
1,-532.2904,88.974525,3.6982203,55.22085,-7.0633545,14.868502,-0.9474541,7.874986,3.5140932,-4.0631886,10.970035,-4.7933383,-3.8223553,-1.5388088,-0.8545765,0.5951722,-1.099503,-0.11086721,-0.13446335,0.21002255,0.07724902,0.12177589,0.47205946,0.37838554,-0.027258165,0.26275665,-0.88429797,0.2582383,0.17712045,-0.15466002,0.20737858,0.13277534,0.08747,0.038055602,-0.018970406,0.005339029,-0.0071436726,-0.005729913,-0.077440724,-28.74522783333333,0.7105,311.260505841532,2218.3720403496436,256.58586918046115,2268.6293642648616,357.46933989063825,2477.5284659872173,0.0,0.0,0.0,1101.8639580127767,0.0,0.0,0.0425000,0.0725000,0.0725000,0.1825000,0.1825000,0.2325000,0.2325000,0.3225000,0.3225000,0.4325000,0.4325000,0.5325000,-32.258286,-25.450764,-32.832558,-27.742941,-25.321877,-28.864941
1,-501.76416,96.858765,-21.114561,39.506077,-12.991644,7.19585,-15.925906,4.904633,4.063981,-17.041435,8.003171,-16.34638,-2.2608013,-3.0938578,-0.19749525,0.3916349,-1.7870771,-0.45040742,0.25444135,0.91092813,-0.048706017,-0.08642403,0.36389223,0.018743323,0.07206737,-0.013372053,-0.26593283,-0.0015494028,0.24956363,-0.04981229,0.0058408934,0.02906539,0.11879897,0.02144777,-0.03779133,-0.026514268,-0.15018274,0.15148619,-0.05422472,-26.432931166666666,0.7365,81.86294211024615,2098.3543842836757,261.9795639770694,2181.8688697283824,0.0,1260.8843851296356,378.03531961954235,2203.9053802861304,0.0,0.0,1026.9935971949092,1463.6079428290855,0.0425000,0.0725000,0.0725000,0.1625000,0.1625000,0.2425000,0.2425000,0.3725000,0.3725000,0.5025000,0.5025000,0.6925000,-28.923864,-24.072323,-28.983269,-25.481159,-25.673542,-25.46343
1,-508.55527,96.29588,-5.7701664,55.381947,-1.6653117,12.410268,-7.616516,12.017434,2.911465,-3.761849,6.323579,-8.598437,-0.49473336,-3.6901653,-0.29725504,0.9832873,-0.5790528,0.102279626,0.18196373,0.05329608,0.13500941,-0.003761693,0.4437134,0.07993251,0.017288374,0.13482384,-0.2982602,0.14690566,0.071912825,0.023764417,0.16597338,0.034434997,-0.04268704,0.032960977,-0.010058615,0.04644076,-0.018250538,-0.0016135048,-0.030350612,-26.786350333333335,0.7045,0.0,0.0,228.15028966106354,2309.8963272852666,280.3803913694257,2391.634650396863,0.0,0.0,1038.6097284359264,2051.659539914702,0.0,0.0,0.0425000,0.0725000,0.0725000,0.1325000,0.1325000,0.2425000,0.2425000,0.3425000,0.3425000,0.4525000,0.4525000,0.5725000,-30.124624,-25.453356,-27.940907,-26.305548,-26.100719,-24.792948
1,-542.0557,108.32375,-0.053439714,32.115807,-0.05737617,6.991876,0.5560293,2.1145554,-3.2081091,-10.173084,7.235606,-10.487873,-8.478521,0.7357156,-0.3840031,-0.38317627,-0.44770867,-0.65742177,0.28467828,0.22739615,-0.065749265,0.1589072,-0.022154577,-0.021786164,0.20930816,0.11660249,-0.10964688,-0.12265594,-0.0034756411,-0.13939315,-0.16163598,0.03975628,0.100656435,0.082007736,-0.023530567,0.063337974,0.01129162,0.046270583,0.073852316,-26.7413525,0.835,0.0,1012.249878696938,81.75327820169342,2313.4564267855103,0.0,0.0,354.0973673089757,2312.030632002823,596.4878041679483,1679.005618132824,935.3680813747226,1877.5295428765182,0.0625000,0.1025000,0.1025000,0.2325000,0.2325000,0.3225000,0.3225000,0.4825000,0.4825000,0.6125000,0.6125000,0.7625000,-26.952175,-24.252165,-31.595011,-25.813934,-26.132193,-25.702637
1,-494.32913,110.874214,-10.954339,42.355965,6.810978,10.736519,-9.767039,10.858381,6.334445,-4.3747487,3.4358153,-6.398124,-4.8060093,-3.1338203,-0.8097594,0.8074355,-0.5847973,-0.04143817,0.16097495,0.060700815,-0.0070436634,-0.064138494,0.39601555,0.27547327,0.040646736,0.27476886,-0.17135884,0.2760069,0.010927315,-0.13028039,0.058479197,0.017264644,-0.03384131,0.06737752,0.033467907,0.053924646,0.021415,-0.07768901,-0.03744259,-26.311118333333333,0.73575,0.0,1891.2906520721683,0.0,2134.413619874534,0.0,1022.4678497635729,0.0,1335.4212826757275,703.2780157812911,1575.941556153856,0.0,1259.919187851073,0.0425000,0.0725000,0.0725000,0.1525000,0.1525000,0.2325000,0.2325000,0.3625000,0.3625000,0.4625000,0.4625000,0.6325000,-30.326159,-25.116999,-27.996853,-23.192322,-27.707745,-23.526632
1,-543.6518,109.46601,-14.458005,43.047546,-2.8087137,7.4962745,-10.815793,6.282892,1.2552243,-14.407641,6.004843,-15.56085,-7.540027,-1.3759062,-0.8412891,0.009428045,-0.72526705,-0.5594914,0.07107103,0.21825494,0.24889731,0.24749248,0.4928089,0.41644514,-0.01446833,0.061685223,-1.2431954,-0.25834987,0.47100225,0.04211146,0.22323307,-0.04717085,0.14989072,-0.010669305,-0.12931009,-0.01591365,-0.051656533,0.063485906,0.0029144092,-25.531639166666668,0.8219375,0.0,0.0,0.0,0.0,0.0,0.0,0.0,381.8841721595725,0.0,1071.080539972651,803.2743338856511,1452.8386218254195,0.0425000,0.0725000,0.0725000,0.2125000,0.2125000,0.3025000,0.3025000,0.4325000,0.4325000,0.6125000,0.6125000,0.7725000,-29.290747,-22.362495,-27.830742,-25.635714,-25.121773,-22.948364
