0,-557.2072,1.2159225,52.71836,14.183687,-5.3207207,20.462074,-16.57702,17.502392,-7.621833,10.699967,-1.7367016,5.0927877,8.1265955,-1.6071634,0.11229786,-0.07631022,0.07687618,-0.111239545,-0.12320009,0.027532779,-0.0029805065,0.016028106,-0.16391112,-0.0068066465,-0.021831878,0.07249876,-0.033048768,-0.04930803,-0.060374644,-0.04863087,-0.02822034,0.002235146,0.006866941,-0.0017739283,0.017886983,0.058729656,0.02852482,-0.024154752,0.018772073,-26.526644833333332,1.740375
0,-534.84644,13.895138,49.09929,2.4400237,-2.3635557,19.20254,-16.36506,22.70126,-9.225748,15.547912,-1.7848253,5.2987647,5.8373303,-1.9833807,-0.13924642,-0.17981325,0.10930324,-0.0624985,-0.05191783,0.07550739,-0.035771124,-0.01685981,-0.08252471,0.015867298,0.054297537,0.05179253,-0.03699656,-0.042018995,-0.02160852,-0.024956789,0.011479505,0.01897337,0.009385934,-0.019249717,0.0011127429,-0.0037221434,0.023318455,-0.011289028,0.0031085496,-26.56115283333333,1.761625
0,-511.21494,-18.884739,56.332275,14.726927,-4.944252,6.9646106,-14.196273,17.840767,-7.9757075,-5.8389688,1.4716429,10.153539,-9.008775,-1.5410646,0.7314923,0.1052683,0.2202458,-0.038356647,0.09724284,-0.01041184,-0.12756301,0.18898185,0.029296733,-0.14587206,-0.025866339,0.091680154,-0.21277976,0.028649678,0.029392699,0.056597933,0.019783845,0.014926149,0.0046005296,-0.004184744,0.002636356,-0.028932303,0.0033697984,0.015095048,-0.010622614,-26.139656,1.386625
0,-579.83984,-10.712682,61.035873,17.791908,1.6160547,13.974886,-13.256042,18.961847,-7.818209,2.7476459,-1.7183164,9.823031,-7.303261,-1.1230646,0.23052602,-0.14127856,-0.25168744,-0.09135326,0.077938706,0.23548454,-0.05274985,0.053710245,0.16235127,0.07546433,-0.013998493,0.025651345,-0.05547863,-0.027187914,0.0042185537,-0.031750906,-0.011845202,0.0034088525,0.02068639,-0.003221329,-0.04030051,0.027893668,0.0056912843,0.0032353573,0.023100715,-26.16721533333333,1.5209375
0,-491.85297,99.00447,22.266823,22.020435,-3.4309745,20.84725,-6.658468,5.6075554,-2.6801953,-11.132424,4.2523427,-3.9249558,-1.0645345,1.2877218,0.14444083,-0.15311563,1.6380364,0.17110412,-0.848239,-0.33408526,-0.19645452,0.40153253,-0.7230531,0.12801495,-0.440556,-0.058130637,-0.56766987,0.1267588,0.07744584,-0.052445028,-0.07824472,-0.036122527,-0.046509705,-0.03187865,0.020305848,-0.024777275,0.04293378,0.003189302,-0.01643107,-26.569094833333335,0.640375
0,-558.8875,99.728485,12.545468,53.68476,2.2134387,24.076513,-4.599484,7.970621,0.3429145,-4.467187,1.012923,-1.7096171,7.0010676,-2.3412893,0.058113348,0.5399771,-0.026382577,-0.13066752,-0.17156895,0.38561487,0.2377652,-0.18521471,-0.053167537,0.0071183876,0.08057689,-0.10305767,-0.27888602,0.23564143,-0.027031021,-0.28006762,-0.16214333,-0.102971815,0.108421296,0.04876102,0.01213168,-0.01972614,0.07384646,0.11014555,0.10849348,-27.0780215,0.883125
0,-459.0901,93.542854,15.477395,27.053457,-9.787494,16.96118,-2.9814856,-2.1416538,-0.951161,-11.178874,5.9014583,-6.848639,0.79518294,2.1862912,-0.009351175,-0.07002833,1.1497196,0.32907724,-0.6191505,-0.22397582,-0.56135243,0.1237028,-0.027234687,0.31107193,-0.1520031,-0.71687543,-0.5593171,0.254398,-0.036920145,-0.20420875,0.0071433657,0.039682917,-0.03816983,-0.03777754,0.017621899,-0.029768977,0.015039606,-0.035095014,-0.038641088,-28.114746,0.62175
0,-549.5283,136.91057,20.141275,37.83533,-8.465318,15.42099,3.207721,-1.0922905,-6.012972,-0.94558674,-2.0592453,-10.670062,-1.7756604,0.13324767,1.2557381,0.35218582,1.369767,0.25273782,-1.03692,0.11591089,0.018929645,-0.20318191,-0.17783615,-0.60222006,0.20199269,-0.37347674,-0.12273665,0.12455356,-0.14102702,-0.22083104,-0.18704095,-0.14142463,-0.01721047,-3.066967e-06,0.094152726,0.09811625,0.11464658,0.20208313,0.09875693,-30.095396666666666,0.6335
0,-492.30807,102.07265,12.68259,29.234169,-11.666451,18.705853,-5.5464344,9.746885,-7.1138434,-8.191091,7.5798497,-3.204434,4.169311,-3.4608867,-0.7015716,0.5911313,0.8241256,0.44471818,0.032578565,0.22795877,-0.26693952,0.5634133,0.25541106,0.21196097,0.08035704,-0.03332366,-0.22445789,0.034651488,-0.1619865,-0.15857153,-0.0901519,0.04414326,-0.0017343482,0.14194591,0.03751853,-0.011584675,-0.09930077,-0.007831999,0.010246008,-28.389804333333334,0.780625
0,-508.44543,93.66152,23.897272,33.220997,-5.8749533,21.750996,-10.5556,12.722925,-12.531153,-9.44072,7.7526417,-5.830646,1.1128675,-1.7169068,-0.14388934,0.5170993,0.6434142,0.34014246,-0.08455341,0.40110394,-0.1157037,0.11736646,-0.011427971,-0.14243278,0.0037460965,-0.05610475,-0.31108156,0.23907432,0.15505874,0.117583506,0.044237353,-0.01872012,0.025360916,0.015833573,-0.106080174,-0.04064041,0.01219415,-0.006599161,-0.0040320237,-27.046259499999998,0.89
0,-495.4701,104.31516,8.124624,38.01447,-10.381563,15.213875,-8.901325,7.587137,-9.892109,-8.717073,8.193306,0.77323794,8.853731,-4.231929,-0.9920263,1.0598432,0.87331456,-0.008575215,0.09390347,0.30980137,-0.01192845,0.31352565,0.10575102,0.018644545,0.32451302,-0.19565761,-0.28012004,-0.1609258,0.10243118,-0.27172652,-0.12603547,0.19785143,-0.016792864,0.0863003,0.07672005,-0.08059701,-0.061393645,-0.0075945216,-0.0927266,-28.680049666666665,0.7515625
0,-551.60144,96.38573,24.534716,31.380188,5.1101823,29.98108,-10.491248,9.978198,-3.8667035,-4.190819,6.8646107,-9.144573,4.6495905,-2.618553,-0.2789595,0.10205312,0.40108204,0.6788354,-0.12724586,-0.11022984,0.036269587,0.43150437,0.27521092,0.040379964,0.05153546,-0.08083618,-0.28873774,0.19043799,0.014678341,-0.079389386,-0.1561971,-0.054207146,-0.003745145,0.076531716,0.03906005,-0.036521304,0.03632193,0.039352495,0.017832264,-26.772168833333332,0.8788125
0,-504.10294,80.7475,-1.3642663,41.81384,-2.535872,12.161219,-11.134148,6.661567,4.3632765,-15.011215,10.042988,-9.982036,3.4881709,-1.123992,0.908029,0.67137694,0.19640355,-0.40845528,-0.86683965,0.18623209,-0.25258714,0.28223127,-0.043358803,-0.22188424,-0.10529267,-0.43457025,-0.7410676,0.34522977,0.08081732,-0.22416775,-0.27136672,-0.20689344,0.05962788,-0.110729374,0.010038863,-0.088717,0.058992844,0.07829934,0.0067634475,-28.555832666666667,0.7455
0,-478.94022,75.769035,17.57753,34.731762,-9.884635,29.181934,-15.725195,7.8086414,-5.0555005,-6.1061873,7.767829,-6.399327,6.588006,-1.9747834,-1.4633931,0.33548436,1.0160735,0.4819799,0.12656067,-0.49864453,0.07971277,0.30081174,0.10222067,-0.046043236,0.07197789,0.031004086,-0.2511314,-0.24286595,-0.14748338,-0.04938359,-0.00378723,0.1274495,0.050552044,0.029521216,0.06142484,0.010208135,-0.017371273,0.016206091,0.036624134,-27.703952166666667,0.8361875
0,-492.05234,77.472855,13.601069,43.21887,3.537065,24.411295,-11.070305,6.1567726,0.08633709,-8.951095,4.03803,-7.7058067,0.9096132,-2.2822733,-0.26297432,0.3347119,0.13259575,-0.17312264,0.6811745,0.11771907,-0.35267448,-0.2025539,0.13411632,0.23482719,0.070022896,-0.29278073,-0.26190302,0.1946918,-0.20396523,-0.16691399,-0.0958123,-0.088529795,0.114292175,0.06438448,-0.055760086,-0.05749258,0.07013878,-0.0050714626,0.08189274,-27.146542500000002,0.8986875
0,-499.37042,72.30102,14.626563,36.96383,8.300895,19.419554,-9.662573,12.38124,-1.3913866,-3.5745242,0.5833835,-4.0988135,1.2186364,-3.1776874,0.39082554,0.27138138,-2.7563136e-05,-0.1380442,0.16490193,0.5696113,-0.20670432,-0.02596257,0.25107497,0.16097574,-0.047884684,-0.097665526,-0.19032498,0.14452034,-0.010479095,-0.11998882,-0.0386218,-0.06338886,0.019425303,0.03515579,0.007877941,-0.04708953,0.002651792,0.057247773,0.045741946,-26.496342833333333,0.9613125
0,-493.71585,73.92654,14.329269,28.525034,5.2157125,15.596992,-10.926979,6.1696258,-9.199149,-8.765044,-3.794736,-9.42495,-6.913861,-1.4756563,0.13290964,0.8295437,0.86596245,0.19903511,-0.7832413,0.043824878,0.13849102,-0.06548425,-0.18887487,-0.22510992,0.2143953,-0.1380065,-1.3400338,0.11172119,-0.021033106,-0.07127973,-0.0040451833,0.072439715,-0.0076801307,-0.034665614,-0.012203485,-0.029852113,0.022076162,-0.032488897,0.031248923,-26.367004666666666,0.856625
0,-525.26465,87.860466,3.4374707,42.793594,-10.117551,15.889026,-10.82643,-9.114603,-8.924832,-8.608617,-3.7106497,-9.684657,-7.6222043,-2.7776318,-0.84623027,0.35130775,0.02275495,0.16160415,-0.037461422,0.039947703,0.17176802,0.19298704,0.26199934,-0.034146257,0.20709118,0.27548686,-0.23185119,-0.32262155,-0.043123662,-0.29300484,0.0141353775,0.34594104,-0.048792113,-0.10507367,0.009074387,0.121601634,0.04796683,0.0727664,0.11416036,-27.8357155,0.8591875
0,-519.3594,99.2023,8.167863,41.10327,4.25613,10.037032,-11.57111,8.855818,-5.604874,-14.230305,4.854225,-9.85852,-3.068912,-3.1973162,-0.593065,-0.15585977,-0.07454062,0.4097057,0.10912019,0.3025881,-0.19990602,0.12755376,0.21381085,0.25234708,0.28336534,0.013410891,0.10242214,-0.13162577,-0.19192924,-0.24465092,0.010972968,0.22149748,0.10010453,-0.10476627,0.020353578,0.14474474,-0.026807254,-0.031823818,0.070634805,-26.894060833333334,0.9164375
0,-421.62747,21.558825,46.23038,-7.565039,6.781585,7.8244357,-10.794581,13.143266,-14.349375,4.4661746,-3.7215464,8.074305,-11.85076,-2.8873656,-0.062829174,0.06499413,0.24959774,0.08800093,-0.051891107,0.22171263,-0.20190679,0.39628175,-0.019139536,0.096334204,-0.04081251,-0.025182609,-0.4989992,-0.07819914,-0.055014215,-0.006480477,-0.028642483,-0.03129767,0.023496741,-0.0096109295,-0.00012562673,-0.047855344,0.040179703,0.058006257,-0.00096770783,-27.122782,1.08775
0,-534.725,108.05279,-1.747617,36.868652,1.7678034,13.054339,-13.416197,0.47915018,-4.848145,-8.145208,1.1619529,-6.6176176,0.53834,-1.6388075,-0.43806073,0.44851634,0.4244217,0.4340561,-0.022524338,-0.05937925,-0.05784519,0.073596954,0.30611423,0.023818528,0.05102273,-0.26167372,-0.4912565,0.18230897,-0.03954148,-0.012218468,-0.058958065,-0.06376641,0.054162964,0.034693025,0.049091164,-0.082248114,-0.019254198,-0.02026622,-0.0040870216,-27.481403166666666,1.032375
0,-556.7284,82.97246,25.101358,29.869167,2.0808613,17.122847,-14.377817,7.562466,-3.2552485,-6.476475,0.6191409,-10.069652,-5.0109124,-1.9460135,-0.58011264,-0.2490815,0.057500415,0.120241985,0.08591219,-0.2719751,0.28001451,0.44553202,-0.01296651,0.03345924,0.014377731,-0.05345856,-0.26263317,0.21052107,0.075251,-0.084472865,-0.1248734,-0.19229752,0.08132449,-0.022809608,-0.05749197,-0.061658584,0.03737239,0.043911092,0.014116032,-26.788149666666666,0.9279375
0,-552.5637,75.59945,26.941177,30.386822,2.975738,21.38926,-11.594306,10.615262,-4.261552,-7.214352,-2.2596693,-11.856494,-1.7906173,-2.3054209,-0.34165922,0.3725365,0.37890017,-0.0053081117,-0.23169874,0.34010157,0.01243244,-0.05023903,0.15973637,0.08059018,0.12622127,-0.04545306,-0.15617885,0.029825063,-0.03431762,-0.15207043,-0.14351718,-0.06529877,0.10467804,-0.028204652,0.008511666,0.06993078,0.06553853,0.053169966,0.014326704,-27.8923835,1.03225
0,-512.14954,86.30611,22.173069,26.5808,6.4254904,17.755215,-9.87924,7.2467546,-10.613489,-6.790034,-2.456203,-10.002614,-2.865245,-3.2897146,-0.3240821,0.53797746,0.67752033,0.06611352,-0.42154318,0.06566138,0.15260871,0.2230447,-0.11608294,-0.045052595,0.030205313,0.17103098,-0.46175545,-0.06835101,-0.05559213,-0.23203187,-0.044394474,0.040994376,-0.006016536,0.008311863,0.053070866,0.117532484,-0.013452927,0.03742246,0.03660611,-26.163767166666666,0.920375
0,-524.03094,60.177254,13.625902,43.72007,-2.358893,28.572386,-11.439492,3.2512379,-7.044632,-7.0700374,-3.4258158,-9.713715,6.197489,-2.9813564,-0.4234561,0.40605795,0.18972892,0.2609928,-0.09653732,0.21944624,0.23491873,0.2279407,0.31255934,0.054338355,0.027545001,-0.043081723,-0.21169846,0.13161284,-0.13175249,-0.23768769,-0.019858751,0.10711397,0.023537485,-0.11198628,0.0048578,0.052861128,-0.005934845,-0.063215055,-0.0438958,-25.6556875,0.9399375
0,-514.1106,68.48866,29.263344,26.506138,-6.4273767,25.832245,-9.808576,6.2721386,-17.400991,-3.3543723,-2.0758455,0.62570363,-4.3368354,-3.0239484,0.62313205,0.5010586,0.3586562,0.11970324,-0.19986118,0.19444437,-0.14975463,0.10752911,-0.032733776,0.09140585,0.015422446,0.02284837,0.010518033,0.35824037,-0.009473702,-0.16832645,-0.1635055,-0.1484565,0.018323658,-0.04482274,-0.07709861,-0.028105456,-0.00316634,0.012522651,0.0061356933,-27.719524,0.946875
0,-505.99478,114.36516,3.8066883,42.798485,-2.602326,12.7724285,-9.661803,-0.42006874,-5.7817545,-17.667068,3.0021555,-11.811035,-4.0921006,-1.9750898,-0.3246118,0.68476367,0.32268295,0.41775718,-0.29784316,-0.17269044,0.279304,-0.17690462,-0.027556118,0.20850845,0.20535621,-0.0164985,-0.6576312,-0.11712693,-0.13646309,-0.25513095,-0.024989868,0.16342096,-0.015819184,-0.08101509,-0.013299802,0.027399277,0.09548679,0.03532766,-0.0462354,-27.519213833333332,0.8778125
0,-523.82245,93.48937,2.2589083,45.728962,-8.631635,18.488974,-5.953859,0.6922763,-4.441114,-7.514006,-3.5279613,-9.582985,-4.7977424,-2.2333324,-0.39597398,0.853872,0.318355,0.20631182,-0.33934063,0.13319229,0.3157488,-0.17840791,0.106403455,-0.029008454,-0.029372297,-0.14260189,-0.73676705,0.049716942,0.10943656,-0.27489707,-0.1195218,0.13620804,0.011325331,-0.088127375,-0.05623249,-0.0038247262,0.044449776,0.004217207,0.041682646,-27.557564,0.933125
0,-653.4874,109.58009,37.651413,17.772501,14.827944,37.71525,6.3863406,10.858733,-14.113813,-3.8172278,1.1987433,0.43913078,-9.175018,-2.0533361,0.21763152,0.24368052,-0.48291355,-0.7184621,-1.1059924,0.23145954,0.43856642,0.77204883,0.49764228,0.1806186,0.36910313,0.0024984435,0.11082239,0.03467302,-0.06070265,0.04657909,-0.003590526,0.050596315,0.04867322,-0.028967364,0.0036909773,0.11182268,0.0084655015,0.020493677,0.048288487,-28.302156,0.65275
0,-607.3912,85.10065,8.141714,35.563206,3.3626518,17.353178,-2.4691007,10.202835,-5.644139,-5.7484493,2.676846,0.37192702,2.8981442,-1.720306,-0.55431396,0.612578,0.55261236,0.20568803,-0.32836097,0.17506969,0.18704283,0.11043082,0.26832885,-0.17955606,0.15131326,-0.017580254,-0.49186936,0.01273399,0.02775921,0.06267044,0.016023943,-0.010233711,0.025979292,0.016338127,-0.03957974,0.019351048,-0.04220198,0.007917445,-0.03470884,-26.070848666666667,1.0390625
0,-396.45078,32.118225,28.86796,5.7847743,7.1146007,7.1447635,-12.640565,9.500758,-9.568576,6.8424973,-4.86239,4.8473964,-6.4799905,-2.530465,-1.2041968,0.18159395,-0.021534998,0.2467179,0.2128115,-0.23086312,-0.032859895,0.053448785,0.31259504,0.008267033,0.18725,-0.052102745,-1.0010045,0.11477246,0.05930526,-0.092388585,0.061020214,0.060208708,0.11603676,0.0064451466,-0.0592951,0.0029673337,0.0668451,-0.0015946986,0.030312082,-26.544527333333335,1.015125
0,-544.45294,84.371086,23.799076,25.926947,-0.77652115,18.270885,0.9086375,13.970822,-1.9425536,4.0133977,7.348273,2.5087767,7.784606,-3.8102288,-0.83778226,-0.28388575,0.05716698,0.81137735,0.05513935,-0.26407376,0.030146135,0.3301797,0.6370052,0.2719546,-0.2834212,0.01997436,-0.20814803,0.13621286,0.1198674,0.068363614,0.08151204,-0.0340912,-0.008681688,-0.009827685,0.011280476,0.055345383,0.08896407,0.0018096018,-0.020081831,-28.980934833333333,0.8005
0,-482.844,97.02765,5.390024,19.862116,8.736854,10.614975,-14.9396715,10.449783,-6.631713,-7.789172,-3.0304658,-1.0260975,-2.8519874,-2.8725607,-0.52994084,0.6505759,0.5668298,0.22522402,-0.57897747,-0.13169456,0.08946422,-0.11630492,-0.04331862,-0.047472794,0.087219834,0.048411723,-0.74396265,0.03874594,0.016060254,-0.107231386,-0.047439456,0.1184207,0.022623679,-0.14856513,-0.07704893,0.05980862,0.0140013145,-0.0573379,-0.005128937,-26.1730645,0.725
0,-414.21432,59.5919,36.87739,7.600918,9.664104,6.574345,-18.908205,11.147217,-11.566142,-0.46390438,-2.3690445,5.3325696,-0.25030893,-4.773678,-0.5023742,0.42699108,0.14342493,0.28951752,-0.37798005,-0.30307087,-0.24634619,-0.05214006,-0.34071612,-0.19635858,-0.057056494,0.021267045,-0.30377287,-0.024479993,0.07255605,-0.066207,-0.014886393,0.052601535,-0.012521485,0.034306508,-0.003919833,0.0172202,-0.050253347,-0.03398278,0.0087438,-26.865392666666665,0.8965
0,-588.3174,72.24654,31.784819,27.241405,-1.5488654,17.374348,2.0879533,14.68266,3.2682335,4.4734654,4.3155317,4.0264072,6.0433135,-3.6251228,0.5133446,0.30152634,-0.46373054,0.23945768,0.025690844,-0.050753932,0.27008584,0.012088636,-0.32661745,0.0026364787,0.020565156,-0.002254795,-0.1695327,-0.16166715,0.010708857,0.013644331,0.05117677,0.03371858,-0.03912605,0.012611209,-0.025626814,0.025308086,-0.0283923,0.025283048,-0.045729835,-28.764901666666667,0.851375
0,-477.32584,74.97155,10.676648,33.575855,-0.4750645,20.442616,-12.310834,3.7554505,-3.8777428,-4.2902083,-0.70531976,-2.8101168,1.062526,-3.036171,-1.1907653,0.6690407,0.6148265,0.40657896,0.041383024,-0.12784688,0.26850203,-0.067291655,0.44238424,-0.060454085,0.054572903,-0.17128159,-0.339758,-0.09285428,-0.21734443,-0.15743211,-0.116090484,0.12879947,-0.008913102,-0.06507488,0.055450086,0.025605962,-0.00738133,-0.0450485,0.024188736,-26.850982333333334,0.8325625
0,-360.646,55.998837,50.108685,0.43158877,4.664614,10.20271,-13.33599,12.187916,-12.44771,9.367611,-9.719966,10.107795,-8.205613,-5.0176725,-0.8005192,0.7137662,0.10741983,0.4487231,-0.38626355,-0.16399434,0.06417165,-0.23862404,-0.035748906,-0.11486535,0.20115,-0.021564988,-1.1928012,-0.12274962,-0.0020070125,-0.018744776,-0.008078999,0.17923285,0.1646978,-0.04243182,0.16340068,0.015192763,0.04494279,-0.0046804016,-0.025738692,-26.787396333333334,0.8530625
0,-499.29498,79.174644,11.965111,39.730556,11.489331,16.386528,-15.794636,14.172196,-2.7475555,-8.441495,11.271845,-6.141144,7.393747,-1.7487013,0.7994512,0.25250402,0.055576622,0.17928495,-0.12931001,0.2755,-0.11528017,-0.094831325,0.17828347,0.00019718174,-0.030532958,-0.09850233,-0.19128373,0.16091186,0.06508127,0.06983675,0.07036081,-0.050004877,-0.023648717,-0.017528187,0.044975623,0.03252499,-0.029581523,0.00048797656,0.0017203583,-26.260010333333334,1.0341875
0,-468.59454,70.59749,10.602757,30.129768,2.9962926,19.485023,-19.41842,11.496991,-8.929708,-5.9090705,-6.1515584,-3.740288,2.785577,-2.5903578,-1.0437765,0.37628067,0.37687293,0.38480026,-0.24068312,-0.21476018,0.07350299,0.27773154,0.2146066,-0.25595078,0.21094303,0.041760527,-0.16241476,-0.1580707,-0.23590447,-0.14779748,-0.068266615,0.09822148,-0.055794433,-0.055255447,0.03731938,0.021702018,0.012718846,0.017118985,0.054953944,-28.001971666666666,0.8005
0,-527.83496,83.40653,2.9743724,46.146343,-20.677427,15.570762,-5.4870725,6.1982656,-2.904915,-20.049881,15.66244,-1.8423456,10.75316,-5.9840355,0.22571658,0.5654133,1.0127137,0.55270624,-0.52871853,-0.28881463,-0.21550119,0.1314471,0.16329907,-0.053533208,0.09002212,-0.00046061265,-1.4444735,0.11161388,0.07132026,-0.40047038,-0.09582276,0.07925362,0.08337706,-0.024463387,0.09798258,0.058958296,-0.07480075,0.053945508,0.006926166,-27.752727,0.6085
0,-495.55194,96.18648,21.164751,40.995663,0.6646271,16.769808,-14.853334,8.988752,-3.3062537,-5.9452186,9.160341,-5.31068,8.991857,-3.4434557,-0.5750141,0.054621708,-0.24757895,0.1277121,0.35325783,0.37826535,0.11436358,0.07384128,0.44218463,0.030579166,0.08037857,-0.043710258,-0.34875453,0.19113316,0.24811788,0.09942999,-0.026631335,-0.09218871,0.103736795,0.07792476,-0.09366018,-0.020723397,-0.023440586,0.0058692517,0.018871132,-25.65079216666667,0.8645
0,-476.9945,113.88659,4.4450264,27.564205,-1.315627,8.2692375,-9.629243,8.82008,-3.1895103,-4.6958423,-0.9715051,1.3004292,-4.0846877,-1.9415443,0.5208235,0.71090794,0.13432573,-0.18706323,-0.5532093,0.323006,-0.15544224,-0.031470895,-0.041352555,-0.4864943,0.0041667493,-0.1666182,-0.14184433,0.17527048,0.091236494,0.0048181275,-0.18422101,-0.061480187,0.018980164,-0.07955283,-0.079421364,-0.18725307,-0.029688763,-0.05454325,-0.059784543,-27.416800833333333,0.74375
0,-535.60065,90.993355,13.887679,35.30433,-18.66428,14.031846,-7.438723,3.0353966,-6.530526,-11.298257,7.3298955,2.5512867,11.119766,-0.4323621,0.31194258,0.82591605,0.30714357,0.22535236,-0.20344427,0.6983694,-0.30410838,0.142135,-0.13679534,-0.25616926,-0.0814562,-0.050655466,-0.34824523,0.28018957,0.053433966,-0.071643725,-0.14612551,-0.23101072,-0.014663537,-0.031044256,-0.061298005,-0.11564877,0.060534474,-0.074068055,-0.044816144,-27.752202666666665,0.690625
0,-612.4909,109.158035,33.99302,26.653086,-7.6538463,25.511555,7.66765,2.9947402,-6.5626235,-1.9881004,5.7766037,-4.229697,-2.2505496,-2.7980673,-0.18003543,0.518898,0.9822403,0.61472464,-0.34017974,0.13548611,-0.1516774,0.30156577,-0.057718027,0.25736818,-0.10016332,-0.29904595,-0.62993544,0.1586366,0.14720577,0.04111361,-0.05295542,-0.009931879,0.017448848,0.01389315,-0.052325096,-0.005307006,-0.04488076,0.04185894,0.07048957,-29.2814175,0.769875
0,-526.9147,85.864365,3.2262077,40.97278,-15.172505,16.499847,1.875483,1.8193729,3.947971,-9.786232,11.186035,-0.66897345,5.2216253,-0.8921438,-1.3101456,-0.19051047,0.78326726,0.88121694,0.22495055,-0.0720316,-0.18453214,0.4179307,0.1351141,-0.025811002,0.043634966,0.16415201,-1.0399158,0.28703687,0.1517225,-0.012210856,-0.10008991,-0.050898843,0.1128048,-0.0078073656,-0.13489498,-0.0059506358,-0.0024016032,-0.038717825,0.01619694,-30.058149,0.70125
0,-529.6251,96.39375,18.861923,42.337063,-6.9099364,15.0541,-7.433897,6.6053495,-11.4178705,-10.002753,0.79140645,-2.1652734,3.8780487,-3.9500492,-0.48751312,0.8709256,0.74076325,0.7173871,-0.02047724,0.13379626,0.18134572,0.16493069,0.1460467,-0.10015523,0.051904332,-0.11185398,0.014049864,0.020681936,0.15723807,-0.09540228,0.047316443,0.16455615,-0.07446569,0.03510883,0.026504587,0.040955715,-0.11286131,-0.057867795,-0.040708248,-28.499727333333333,0.809
0,-505.74664,122.87362,8.809682,44.73984,-7.4086094,13.532962,-10.705497,8.24585,-4.0704336,-12.401776,5.813906,-4.706106,4.8555737,-2.8340445,-0.9367999,0.28412807,1.2761648,0.9363447,-0.22478895,-0.27476993,-0.4209365,0.45236126,-0.04829982,0.27051157,0.018829918,0.079878695,-0.44274294,-0.3401491,-0.21059947,-0.13776745,-0.0013020455,0.28217474,-0.075689055,8.955067e-05,0.14122374,0.11084761,-0.045831602,-0.11663066,0.05334142,-27.218765833333332,0.6763125
0,-513.52826,98.7663,22.250856,36.832245,4.1889806,14.026565,-11.213266,6.3621974,-10.415386,-3.9703305,-0.54946405,-3.3648477,-1.7192907,-4.1316037,-0.23489659,0.66510916,0.80396986,0.34895003,-0.29108542,0.51287675,0.14027722,0.17820726,-0.09463906,0.09428813,0.3210793,-0.12460027,-0.3443485,-0.031029094,-0.041262873,-0.044049963,-0.06039875,0.18237993,0.06997034,-0.013185997,0.0266753,-0.0005873191,0.03726125,-0.031369682,0.037665576,-27.761482166666667,0.835125
1,-539.6442,16.313757,67.660736,8.088269,5.4029346,19.990112,-12.870632,23.595736,-10.519814,15.886307,-4.486451,9.102683,4.06136,-1.2551847,0.006407921,0.0035231335,-0.017170029,-0.050163873,0.028614175,0.063508146,-0.024151038,0.01747611,0.03290861,0.064602375,-0.014593425,-0.048159983,-0.33488053,-0.065774284,-0.07426196,-0.035350867,-0.025787415,-0.02578531,-0.030225294,-0.020462632,-0.012289375,-0.005459736,-0.006077031,-0.01754913,0.011520961,-26.992767666666666,1.7143125
1,-535.18494,24.17615,55.446148,6.8903937,3.7825558,20.817093,-11.187461,21.372671,-9.844897,15.839066,-1.5191594,6.6828,5.8926115,0.3511015,-0.061067563,-0.11743814,-0.16418427,-0.024954181,-0.045931842,-0.06680228,-0.016393157,-0.017799126,-0.0521656,-0.018592635,0.006674598,-0.011558241,0.12791805,0.009963003,0.035308756,0.05119468,0.030436892,-0.015033908,0.027993325,-0.0072908113,0.0077459984,-0.011546767,0.027084026,0.041735347,0.020814884,-25.874262166666668,1.913
1,-573.2191,-3.2438123,59.810345,9.348574,0.6480101,13.0653515,-13.059897,17.869795,-8.822363,1.5606414,0.31191123,7.662815,-4.5040145,-1.6369137,0.6874618,-0.051077094,0.21772762,0.11150383,0.13604361,0.045542974,-0.10591192,0.07617974,-0.014592338,-0.01063668,0.006896774,-0.11443174,-0.049797855,-0.0062364186,-0.03477874,-0.016673965,-0.012952235,-0.035611372,0.008934947,-0.006907529,0.035950188,-0.01256587,-0.009500753,0.025392171,0.007005336,-25.981943166666667,1.46175
1,-488.62653,2.8649678,60.494816,10.414969,-3.0431113,15.652395,-16.34809,16.714785,-8.080282,-2.529945,3.1658998,6.0116525,-1.2498413,-1.5880576,0.09896829,-0.15114741,-0.3003907,-0.115075916,0.07189605,0.17745909,-0.046857856,0.14669053,0.23527753,0.086196035,0.100957386,0.06842592,-0.03929769,-0.034504477,-0.06289558,-0.050117612,-0.050878588,0.0454558,0.055300437,0.031258076,-0.055444237,0.0568538,-0.04192048,-0.028112452,0.03649093,-26.717398333333335,1.28875
1,-500.18216,105.18196,12.908473,43.58745,-7.0137024,19.628082,-5.358075,0.3043189,2.9426315,-13.119128,5.489679,-2.0366716,7.33008,-2.8084593,-1.0296534,0.29485255,1.038097,0.85523176,-0.33230063,-0.031881317,-0.099776365,0.25137722,-0.03433191,-0.06744473,-0.07409067,-0.11557244,-0.9629663,-0.2764569,-0.068202786,-0.10200193,0.0070170993,0.19277349,0.07277769,-0.115636006,0.049332578,0.075330794,-0.057975598,-0.0465405,-0.03948047,-26.5892045,0.7304375
1,-526.1041,97.93647,19.231422,32.699173,-3.9457042,24.126001,-4.698312,3.079357,-9.474248,-8.052768,1.817014,-5.33549,-4.9366045,-3.713777,0.34743258,0.3117413,0.06074054,-0.13870023,-0.39364308,0.20919743,0.18035422,0.265733,0.05707851,-0.03657456,0.06379705,0.061732873,0.20159855,-0.15560795,-0.116823226,-0.034823816,-0.05450203,0.011707766,-0.039440613,0.061831232,0.05572833,0.015710637,0.07430374,0.06528067,0.08055064,-26.226685666666665,0.8956875
1,-583.2073,98.742035,6.9592896,39.27732,4.1956115,20.672838,-3.9219031,6.3445687,-3.9869168,-11.416071,-0.7674558,0.9285983,-2.6189718,0.11793656,-0.24489628,-0.22045566,-0.24884447,0.29345924,0.38686207,-0.10875854,-0.27475536,-0.046264164,0.12632127,0.02728189,-0.17283766,-0.14514689,-0.37760955,0.037427105,0.1039293,-0.11453338,-0.067097135,-0.20583916,0.01310768,-0.022759201,-0.004607785,-0.050072897,-0.019630238,-0.00060529367,-0.031599563,-26.827354666666665,1.1685
1,-508.89072,98.18925,4.8499312,37.1038,7.050082,18.026276,-10.672062,9.830502,-7.6708784,-7.8843474,0.3955483,-2.0896173,4.6427765,-2.7061977,-1.0822364,0.51135635,0.67923295,-0.014365321,-0.23393825,0.06653097,0.22285146,0.21217598,0.22694428,-0.038876098,0.0061626076,0.112550505,-0.4817862,0.18107262,0.024251265,-0.20846736,-0.26730287,-0.063744746,0.12984875,0.0097930655,-0.019138826,0.05677961,0.05261767,-0.005903298,0.023109544,-26.982896333333333,0.8883125
1,-399.32736,48.6076,47.271408,3.0865946,7.298992,11.123411,-17.313354,15.3077545,-9.537299,3.0843766,-6.29642,6.3085737,-5.4132013,-3.6288316,-0.10016083,0.41712904,0.37102824,0.15108225,-0.22452725,-0.18546371,0.06073802,0.014044442,-0.26568946,0.27806917,0.12594073,0.16291386,-1.0632658,-0.04987673,0.047285527,-0.030264977,0.01849216,0.066381834,0.040250327,0.02433112,-0.0133664785,0.053756177,0.009714825,0.04577507,0.01654235,-25.811057333333334,0.9024375
1,-537.4367,96.99344,16.738781,34.10596,1.4746082,26.06155,-7.1171465,7.3014584,-3.7279856,-8.804077,9.472467,-4.219211,4.18566,-2.4201536,-0.5337803,0.12831905,0.30440384,0.25458992,-0.093343705,0.2692114,-0.13513091,0.063324206,0.15037568,0.0656725,0.1473084,-0.12116678,-0.2519037,0.03331259,-0.065623604,-0.16965638,-0.078914136,-0.16324346,0.13531706,0.13065687,0.06640545,0.028389387,-0.017701803,0.09883483,0.06613167,-27.577407333333333,0.9076875
1,-547.0205,97.54309,14.238435,39.837536,6.8762503,16.398203,-4.206293,9.549,-6.910824,-2.6817346,-3.1026897,-1.3397217,4.5968266,-4.2369637,-0.25188178,0.50285286,0.18461858,0.21820028,-0.5183101,0.23396747,-0.03744402,-0.08159322,0.14369178,-0.1885017,-0.13507235,-0.09263258,-0.29037738,0.07868099,-0.08661706,-0.19970226,-0.12579441,-0.11574569,0.020671926,-0.014802986,-0.0449546,-0.03844665,0.04964831,0.0267004,0.0116198165,-27.374620333333333,0.8153125
1,-391.15448,43.653378,47.024147,6.8615527,9.472995,6.9852486,-13.891842,14.41958,-10.549976,3.4793258,-4.6449,8.72526,-3.7690237,-6.40669,-0.7534646,0.54695076,-0.0106327245,0.12900715,0.0671437,0.024146808,0.17990966,-0.08909957,0.06371424,0.057456817,0.094227105,-0.004802436,-0.46534353,-0.047514908,0.064813204,-0.06946961,-0.026309988,0.15839864,0.09865929,0.089623705,0.033956125,0.13887161,-0.017548982,-0.031209331,0.00034854564,-26.545650166666668,0.878125
1,-525.4533,89.45682,16.225372,49.87476,3.7656913,27.58704,-7.889445,3.24448,0.5310156,-5.9238057,4.3819923,-2.0017357,2.4718118,-2.754148,-0.2626838,0.36001927,0.5127057,0.2910867,-0.34699258,0.2867165,0.109701894,0.11473536,-0.033696186,-0.12387942,0.1220977,-0.027926952,-0.12609594,-0.047603305,-0.10446161,-0.15978315,-0.08140519,0.06080605,0.05261812,0.022345519,0.038470615,-0.025879227,0.014128046,0.013790418,0.023441559,-26.773645166666668,0.9295625
1,-504.67297,99.04932,12.155691,36.321995,5.671996,17.812172,-8.027813,14.810742,-7.022275,-5.7915363,0.31078812,-1.5151095,3.5482614,-3.9286492,-0.2829638,0.27227393,0.5364632,0.20956835,-0.6009574,0.38174582,0.03999081,0.08560372,0.11559265,-0.030583013,0.026721843,-0.04515044,-0.039453723,0.050434563,-0.1743231,-0.16366157,-0.09446767,-0.012589149,-0.060476135,-0.010597442,0.021976685,-0.03191592,0.012213346,0.02304036,0.056579065,-26.654555333333334,0.844875
1,-506.04422,81.64838,19.719233,34.145428,-10.689151,25.967932,-9.040459,13.448438,-4.7217927,-4.417006,9.116708,2.4038818,11.882682,-2.8400435,-0.7571718,0.4507687,1.2495356,0.5109192,-0.26437268,0.22403839,-0.20208019,0.6612535,0.15957282,-0.09347806,-0.14465478,-0.21112241,-0.55288255,0.082171984,0.07468096,0.025374766,0.027031295,-0.05158669,-0.035153165,0.05103971,0.08599755,0.005807167,-0.023435958,0.022445451,-0.015566354,-27.105161666666667,0.7544375
1,-578.6512,65.789604,17.722073,35.21677,5.3934255,11.140892,-12.007233,8.164415,-2.528337,1.0889279,-3.854894,-1.7722273,0.052083105,-1.9532686,0.41668734,1.114143,0.38616213,0.049432646,-0.4320252,0.23397838,-0.07502648,-0.22450303,-0.058973417,0.028146764,-0.08422177,-0.28175604,-0.41746148,0.2645909,0.08794044,-0.09786628,-0.1540962,-0.13941112,0.052902352,-0.068206474,-0.03215828,-0.04020854,0.06151136,0.00803679,-0.055248294,-27.186803,1.0595
1,-491.3284,93.670235,6.5402503,29.099436,3.3094363,14.4907055,-8.719927,6.9010053,-9.640309,-8.826885,0.032458898,0.0922027,1.87664,-2.9564915,-0.5599069,0.9247633,0.7662647,0.5584298,-0.32486472,0.16611701,0.11505704,-0.046637703,0.3101916,-0.07991058,0.37872884,0.15616836,-0.82624185,0.052685607,0.058725957,0.028129827,-0.05980587,0.1471112,0.23688063,0.04025729,0.039126147,0.057460647,0.0016359339,0.04020397,0.015319737,-25.871101833333334,0.7574375
1,-512.1158,81.39529,8.068302,31.826183,-11.187026,18.708527,-11.057422,2.899191,-5.612024,-11.221389,10.54205,-0.8906934,10.681436,-2.8265476,-1.0424967,0.4818093,0.83329743,0.6551786,-0.04059649,0.2809663,-0.035003316,0.48818377,0.4903758,-0.07511539,0.16432948,0.0031370437,-0.91739374,0.025988854,0.14210771,-0.017626842,0.08145438,0.32237715,0.17575058,-0.009071462,0.031149924,0.0024285219,-0.035538465,-0.13977033,0.0151976235,-26.815637833333334,0.6575625
1,-505.22635,93.15116,12.474329,41.07663,2.6310246,19.485634,-12.218071,4.4841447,-6.010312,-3.2217045,6.1624765,-7.363138,4.917459,-2.7578723,-0.8558981,0.42787752,0.37010726,0.9659116,0.11152456,0.078943186,0.10000673,0.49416256,0.02740173,-0.18816108,-0.1690185,-0.0021455218,0.12807325,-0.002594946,-0.044490095,-0.084799774,0.0041782507,-0.10596582,0.008530939,-0.0489654,0.067027755,0.025219446,0.0512281,0.025743278,0.026570925,-27.745102333333335,0.794125
1,-530.29205,88.02289,11.427413,37.53925,8.297547,16.070066,-6.004933,4.74812,-4.925464,0.24548231,-1.6557207,3.2363153,2.999624,-2.5567474,-0.9537702,0.37825015,0.72173274,0.04259934,-0.1788263,0.15573731,0.02415918,0.30835098,0.054151256,-0.06580235,0.21512304,-0.01355786,-0.4727733,-0.066033915,0.19342874,-0.11654068,-0.21719763,0.11076892,0.13846838,-0.09756194,0.066141315,0.065671824,0.038429935,-0.022137467,-0.029253911,-27.071872833333334,0.7115625
1,-489.5928,87.07338,12.273274,40.570942,-14.668893,20.247559,-10.055724,3.6097388,-8.330991,-10.659595,7.048395,1.3951584,13.459975,-6.372811,0.09932449,0.7376047,0.11411283,0.058918007,-0.31132343,0.24432917,-0.5967352,0.2155334,0.25990933,0.20210825,0.2706555,0.059263874,0.004056356,0.043732524,0.09002275,-0.16360421,-0.21653418,0.31117713,0.16550331,-0.08807065,-0.08638608,-0.04241037,-0.0012402298,-0.029003648,0.0020757315,-26.165531166666668,0.6125
1,-482.59412,88.62794,5.966985,41.85746,0.8584715,20.126146,-13.700485,3.076526,-6.1643257,-7.2425804,1.579174,-6.035551,-2.0529609,-3.2268872,-0.34890965,0.23235933,0.107446715,0.05117819,0.2932317,-0.11660097,0.060624752,0.19344233,0.10163357,0.012178862,-0.1609635,-0.09928763,-0.18970151,0.197013,0.040086973,-0.17186016,-0.19687092,-0.20857735,0.03548862,-0.010774456,-0.09808253,-0.097395025,0.050949354,0.04306469,0.009910311,-25.127533166666666,0.947375
1,-456.3681,108.59303,12.565213,36.77874,-9.695542,23.545227,-3.8947837,-3.2427464,-1.8722075,-8.48356,8.104762,-6.2569227,6.4860053,2.2836835,-0.047070332,-0.31744763,1.4059204,0.24107671,-0.84781516,-0.100097075,-0.28459132,0.04717483,-0.97075355,0.16600206,-0.21303609,0.19559665,-0.94681025,-0.077079415,-0.110115804,-0.19500974,0.023177473,0.010312328,-0.008889461,0.017737,0.07035613,0.051288538,-0.00017911082,0.038810294,-0.008342849,-26.395574166666666,0.5878125
1,-521.622,87.528244,18.526722,34.71197,5.3849425,22.414215,-5.3821335,3.8509116,-9.988825,-4.292357,0.07248298,-7.0352297,-3.1580942,-3.37651,0.33657202,0.53771573,0.45075014,-0.13543293,-0.4172972,0.28547302,0.1681896,0.1830616,-0.15317869,0.0094318995,0.1088973,-0.2798749,-0.13915434,0.052401144,-0.1770934,-0.22734913,-0.058965713,-0.03823868,0.018163012,-0.020747518,0.0040537464,0.0032091737,0.061133306,0.018127823,0.070405535,-25.427645666666667,0.923
1,-478.56555,78.00711,1.4632993,27.49176,-11.631901,5.0097013,-14.878699,-0.6215137,1.8280361,-3.957673,1.8890423,0.2910454,10.877758,-6.6385727,-0.44897977,0.18546394,0.27099022,0.5604536,-0.12298343,-0.10121807,0.095352694,0.4284301,0.3614119,0.14074826,0.30489448,0.40000015,-0.53507966,-0.20377165,-0.045124803,-0.100679986,0.032201976,0.2589471,0.24297114,0.09987568,0.004900436,-0.00085661956,-0.0724355,-0.08722453,-0.08466607,-27.987932666666666,0.729875
1,-554.7253,85.62346,10.8605585,48.320896,-4.72481,26.905394,-10.359394,0.86206514,-4.980888,-13.679152,0.89962137,-5.553699,-6.945116,-1.5069907,-0.012504908,0.86558867,0.825914,0.44565174,-0.5021479,-0.10184616,0.2829801,-0.23122807,-0.16399784,-0.25009382,0.18633282,0.17576592,-1.0832518,-0.046719883,-0.026922291,-0.056043487,0.029563494,0.0077478564,0.07495273,-0.021473393,0.07892439,0.04274779,0.095193245,0.028287629,0.08353378,-26.38153133333333,0.876125
1,-494.14136,105.40259,15.649691,44.567566,-9.599469,18.705643,-1.0631088,3.44139,-1.4135796,-14.5797205,9.637868,-2.595584,8.00539,-2.6943662,-1.6009587,0.06386827,0.86398464,0.90248686,-0.063567474,-0.029545516,-0.60705286,0.34420368,0.25278318,0.08688226,0.18940195,-0.15298705,-0.40460318,-0.39759392,-0.06023405,-0.16783437,-0.16449393,0.18018043,0.072207965,-0.06430912,0.02839667,0.19500239,-0.011934884,-0.09826282,-0.01513897,-27.243664,0.7178125
1,-553.8846,92.7884,11.466158,37.8508,-2.605322,16.48259,-11.425589,8.683213,-6.0775,-3.4597244,2.252531,-9.373809,0.77192587,-2.2717516,-0.19810566,0.47791794,0.61728567,0.4982883,-0.3578438,0.040130924,0.11906816,0.14969458,0.10204734,0.08127048,0.08266973,0.026740046,-0.47232386,0.059246488,0.016339159,-0.11717962,-0.038488373,-0.004115695,-0.034100678,-0.060813185,-0.056503974,0.008475772,-0.005095475,-7.827924e-05,-0.01074529,-26.104320333333334,1.046625
