0,0.827125,14006.27685546875,6172.148113250732,1472.5815193653107,1988.31348413229,1252.8572428375483,921.0717846155167,625.8550673723221,1140.2800656557083,725.7883640527725,1495.351331681013,817.0786985754967,565.2310725450516,369.14075553417206,1034.8177081346512,364.5236494243145,333.0207192748785,269.88901501894,203.71778197586536,106.21299450099468,115.86672365665436,105.03532956540585,61.63915982097387,111.48405434191227,74.49428288638592,63.477917313575745,74.29844399541616,307.0243199951947,147.67893685400486,90.87467363104224,78.625882351771,73.34641211293638,42.63924307189882,34.97933617606759,37.08459320664406,25.60673643089831,41.5342518594116,43.06136940885335,28.852058758959174,38.939765746705234,0.0425000,0.1025000,0.1025000,0.2125000,0.2125000,0.2925000,0.2925000,0.4325000,0.4325000,0.5425000,0.5425000,0.6025000,-25.676226,-25.089317,-26.935539,-24.339813,-25.934381,-23.463766
0,0.7524375,16984.343536376953,6467.678016662598,863.6061648130417,1484.4096598625183,968.7638731598854,938.540501832962,803.3177642822266,814.7669899463654,356.38303530216217,736.8704813271761,1833.3860079050064,1157.0396146774292,619.6206796169281,1474.2870416790247,480.22369661927223,436.1270008608699,261.9008210375905,328.1463213637471,127.7072167545557,100.26750829815865,98.32502337917686,78.42675284668803,86.5073326881975,107.54538417607546,92.29693803191185,106.17675890401006,343.12875706516206,150.07750974968076,96.38449309766293,70.00069336313754,87.68697541952133,53.61951885744929,55.748079487122595,42.367769069969654,21.618530742824078,50.570025404915214,37.26066460600123,33.23601435497403,40.08174417540431,0.0425000,0.0725000,0.0725000,0.2225000,0.2225000,0.2525000,0.2525000,0.3825000,0.3825000,0.5425000,0.5425000,0.6825000,-28.547857,-22.506292,-29.873148,-25.439152,-30.361847,-23.76866
0,0.917125,20497.975158691406,7704.196327209473,984.5999934673309,1608.9736825227737,906.8928532004356,2670.7308552265167,802.6674101352692,917.2035347819328,346.86911725997925,1490.0228139162064,1037.2186813950539,744.7466234564781,428.2848074436188,1192.5466359257698,387.1694242656231,291.6609051376581,231.17583878338337,345.40963238477707,118.06517804041505,74.54902739822865,87.51410518307239,42.78666800260544,85.10289649665356,75.0226015932858,119.05535053648055,146.8773833066225,388.1091363430023,168.44271299242973,114.94325821241364,59.697962775826454,82.33059872500598,47.59782202169299,45.890489974059165,51.11002292484045,26.447413317859173,41.22643395513296,38.98094265162945,25.31167092733085,43.619159444235265,0.0425000,0.0725000,0.0725000,0.2725000,0.2725000,0.3525000,0.3525000,0.5225000,0.5225000,0.6125000,0.6125000,0.6425000,-25.616583,-22.316347,-28.050644,-25.593718,-29.926405,-25.63147
0,0.680625,11942.814056396484,5293.562282562256,1330.004424571991,2165.995617866516,874.5512931346893,912.254844546318,549.1565701961517,724.0265939235687,298.30386543273926,643.3735671639442,1541.8640081882477,974.6249570846558,840.3019616603851,1603.5652812719345,485.10122948884964,415.76694859564304,256.59428360685706,267.68753753602505,139.83680579066277,91.76159197092056,95.84456190094352,62.66593121364713,102.15922335535288,105.88977539539337,76.57708892971277,89.48690985143185,398.1807761336677,166.31505916826427,76.1416438901797,85.15076575765852,94.55766839161515,37.844433478079736,59.867119666188955,34.23025510087609,30.83303463459015,43.12521385215223,43.13085801247507,24.68356329202652,38.36406599357724,0.0425000,0.1025000,0.1025000,0.2125000,0.2125000,0.2425000,0.2425000,0.3325000,0.3325000,0.4625000,0.4625000,0.6125000,-27.014135,-23.827654,-30.610107,-25.123997,-29.448383,-24.515202
0,0.7955625,15985.978271484375,7455.171928405762,1357.2340865135193,991.3374217748642,1626.8307799696922,1284.9399812221527,600.1631655097008,854.6695548295975,527.1790119409561,1280.502371430397,1625.341869354248,876.8864755630493,614.4205782413483,1476.1719524115324,279.9987137466669,315.5164950489998,237.92264114320278,265.48116363584995,116.43937583267689,110.35844005644321,106.73021421954036,59.13614811934531,121.57296922057867,82.09185154363513,95.6321110278368,93.0626761764288,356.6793482005596,155.5498257484287,101.78686375916004,55.002933241426945,91.09061292931437,35.75228429026902,50.617237539961934,49.576596887782216,29.57316711358726,46.63483697921038,42.989557307213545,35.37874321267009,40.40663298033178,0.0425000,0.0825000,0.0825000,0.2425000,0.2425000,0.3225000,0.3225000,0.5225000,0.5225000,0.6025000,0.6025000,0.7625000,-28.251648,-23.150791,-27.08136,-23.439508,-30.434341,-24.147263
0,0.579625,20829.877380371094,6840.398785114288,1770.7958190441132,1573.435757279396,1427.763315796852,1168.5667207241058,697.8094227313995,979.9155833721161,380.86800253391266,567.7293050289154,1003.3268200755119,890.985185623169,650.8564546108246,1472.5947635769844,349.1445676982403,291.4950568675995,208.55802763998508,275.3795006275177,172.78543737530708,152.15210455656052,122.46166082471609,76.31962509453297,102.41014805436134,96.27588798105717,76.10510849952698,107.54201199114323,304.14305052161217,182.3608140423894,87.91552236676216,65.91831893473864,75.08349955826998,63.368676957674325,59.85328792221844,41.90028548054397,37.5535698607564,49.60887001082301,44.36012809537351,25.973604653961957,44.05450583063066,0.0425000,0.1125000,0.1125000,0.2425000,0.2425000,0.3225000,0.3225000,0.4025000,0.4025000,0.5125000,0.5125000,0.5425000,-27.051241,-28.566439,-31.525452,-24.702698,-27.819036,-28.039063
0,0.7396875,17320.35968017578,5974.580997467041,1108.0264279842377,1516.7272329330444,1112.2965930700302,592.7071049213409,1159.4326906204224,1239.4764864444733,282.46515119075775,1404.9246444702148,1815.307636499405,965.3307954668999,661.4744572639465,948.412693798542,406.6790848001838,346.9980916827917,206.95873129367828,233.8820431008935,111.02963709831238,118.55580043047667,102.06600640714169,54.953594367951155,113.85833775252104,76.4518872499466,122.35233901441097,99.56792690232396,319.64494939148426,186.04707274585962,82.70977945625782,83.74364748969674,83.24601569958031,44.52078586816788,50.211362533969805,50.14032025448978,27.178563928231597,43.6354852207005,43.25805499404669,27.744337459094822,25.624434700934216,0.0425000,0.0725000,0.0725000,0.1925000,0.1925000,0.2225000,0.2225000,0.3925000,0.3925000,0.5025000,0.5025000,0.6225000,-28.489426,-24.561892,-31.644236,-23.583176,-26.120289,-23.91272
0,0.833125,12106.113159179688,6510.707355499268,1418.759696006775,1848.0701965093613,990.3586213588715,1313.5896379947662,648.6089112758636,789.9015062451363,454.9882689714432,728.2228770256042,1263.1532585024834,1159.750155210495,464.14752089977264,1579.058523952961,477.49551923945546,365.9119083881378,240.02452010661364,316.5577434003353,114.3599419593811,144.63355018943548,140.3500696029514,57.3347195610404,109.15160709619522,81.25639585405588,102.02124617248774,96.23784558847547,343.5920275077224,180.91356328874826,94.0414505796507,80.33177610021085,81.72449475247413,41.987524796277285,52.80732072214596,50.40574172884226,39.652805015444756,50.12000060081482,43.819216191302985,25.679385740309954,47.51120346784592,0.0425000,0.0925000,0.0925000,0.2725000,0.2725000,0.3225000,0.3225000,0.4125000,0.4125000,0.6225000,0.6225000,0.7825000,-28.593876,-23.663275,-29.054443,-26.211819,-27.202463,-24.431084
0,0.86625,14579.738464355469,6181.219707489014,1393.2218858599663,1790.258417725563,1068.1783089637756,690.2826526165009,912.3782176971436,1243.0129218101501,506.23850095272064,1312.7603722214699,1564.4130482673645,896.4067343473434,605.8511840999126,1124.8652450367808,370.6266625225544,337.0064141340554,249.83503452688456,248.03556238114834,134.60130839049816,107.02350590378046,133.79440161585808,66.81685122847557,88.4922769702971,89.93897058069706,66.32537541911006,117.93178474903107,322.71266493201256,179.9498684182763,75.93196019064635,93.25742410495877,69.91776216961443,45.14422653242946,44.31111147813499,46.740513948723674,32.53803179785609,41.77591340430081,41.04722062125802,31.1472373791039,34.32407168671489,0.0425000,0.0925000,0.0925000,0.2525000,0.2525000,0.2825000,0.2825000,0.4225000,0.4225000,0.5625000,0.5625000,0.7225000,-26.412451,-23.591358,-30.576925,-23.05208,-27.952175,-23.918999
0,0.9538125,11089.776885986328,5884.278374671936,1144.5685317516327,1951.660016655922,1557.4281497001648,1088.524069428444,958.2737036943436,1057.124948143959,568.7997682094574,1023.0741513967514,2035.928434252739,1140.2690640687943,637.6837220788002,1676.7736453134567,433.1028312891722,358.09632401168346,218.4420952256769,293.7490802705288,141.92276348173618,143.487433321774,121.82342407479882,51.8015905842185,124.76747902482748,109.72386664152145,93.96844840794802,96.9121935069561,395.75585436820984,172.85563020035625,113.67024798505008,76.4880969915539,94.51459540985525,50.09473864734173,48.11191240698099,43.36039910465479,23.70565702393651,41.03648447804153,44.99901921674609,23.16634019743651,49.335976514965296,0.0425000,0.1225000,0.1225000,0.3425000,0.3425000,0.4025000,0.4025000,0.5725000,0.5725000,0.7625000,0.7625000,0.9025000,-29.749279,-22.268568,-29.298513,-25.299484,-30.529047,-23.279697
0,0.8590625,12786.31137084961,6080.965564727783,1633.0565315485,1932.1696269512177,995.8145099282265,890.6258324384689,970.2444372177124,1281.5947918891907,391.7554457783699,1399.7410863637924,1521.5931721925735,685.669167637825,717.244070649147,1463.427631020546,463.18914270401,374.4121146351099,253.35089070349932,240.2940155863762,135.16550865024328,78.80806899443269,121.6877573095262,59.18373357877135,82.0855896808207,85.407549995929,87.97324752807617,134.18991361930966,335.95393677800894,158.76229958236217,83.03664747998118,64.39364411961287,72.51816314458847,37.85603140667081,45.16507960297167,40.51674051210284,32.966472474858165,44.20773673057556,40.55712904687971,33.65236577950418,35.57810072414577,0.0425000,0.1025000,0.1025000,0.2525000,0.2525000,0.2825000,0.2825000,0.4825000,0.4825000,0.6125000,0.6125000,0.7025000,-26.672293,-22.922081,-30.743082,-23.984833,-27.817739,-24.24802
0,0.840125,13076.834381103516,7581.538707733154,1344.6597242355347,2173.778883576393,1457.5695704221725,940.6819359064102,751.1124377250671,938.9253007173538,367.4307768344879,762.6273263692856,1656.7579926252365,1337.6076644659042,1119.2963453531265,1512.6991327777505,374.36836528778076,326.9774078633636,223.24709562957287,300.2525232434273,135.81989170610905,127.2002885043621,109.0537438429892,74.82141402550042,143.7027896568179,92.85081116482615,141.52990290522575,72.7550558373332,325.62264274805784,164.26784120872617,86.99431819282472,63.667219907045364,91.95473782159388,44.30779431387782,54.63070127367973,37.481876496225595,28.416966699063778,43.401225397363305,37.87645819783211,48.22366288676858,40.85655924677849,0.0425000,0.1025000,0.1025000,0.2725000,0.2725000,0.3125000,0.3125000,0.5025000,0.5025000,0.6225000,0.6225000,0.8025000,-28.560961,-22.605331,-27.560059,-24.064922,-30.420115,-23.261576
0,0.8974375,14458.531860351562,6638.668224334717,1451.2306302189827,2194.2209651470184,1276.648518204689,871.2470767498016,652.290788769722,1182.8448020219803,580.5816018283367,1280.8267055749893,1210.611196398735,955.4909796118736,676.2166484594345,1307.63745957613,414.18479161709547,297.34308511018753,237.74948980659246,234.6039266511798,113.67462512105703,113.28041058033705,132.01493103802204,65.77196758240461,121.53042992576957,69.39113540202379,77.44298394955695,97.14851517230272,298.67101114988327,168.79596896842122,80.80509982258081,73.01009079813957,77.78538964688778,46.55643222481012,42.50278204865754,42.252315333113074,29.22052344493568,38.52020962489769,35.205112259835005,27.63974034972489,33.84409012529068,0.0525000,0.1525000,0.1525000,0.3025000,0.3025000,0.3525000,0.3525000,0.5125000,0.5125000,0.6425000,0.6425000,0.8025000,-26.611595,-25.588339,-29.981861,-24.472404,-27.296265,-23.155464
0,0.85925,17157.808044433594,5130.486845493317,1574.5160020589828,1860.8400480747223,1110.8168145120144,859.8905538320541,1063.8398704528809,1334.9648125171661,1106.0037795305252,1181.13132750988,993.0977431535721,1151.0109071731567,507.72362357378006,1412.4356955513358,378.39743664860725,312.1939758658409,253.62001880258322,232.35647008568048,128.44195165857673,100.33092645183206,111.8266239836812,68.48536434024572,85.97346606850624,72.486816175282,87.05895194411278,124.09736081957817,426.10538885742426,162.73510488122702,64.61649425141513,78.24947318062186,81.37327133119106,38.09567600907758,51.714497255161405,45.157633839175105,26.732742805033922,45.30152927711606,29.33352790493518,32.342520626029,32.302601790986955,0.0425000,0.0925000,0.0925000,0.2225000,0.2225000,0.3025000,0.3025000,0.4025000,0.4025000,0.5425000,0.5425000,0.6825000,-28.943459,-24.210768,-25.97039,-24.375849,-28.843801,-24.5256
0,0.7425625,15244.862762451172,5899.909217834473,1359.025491118431,2150.4452806711197,1396.228478193283,1258.5457342863083,937.3487507104874,823.186350107193,756.6401780843735,1147.6938532590866,1328.9343129396439,1023.5181604623795,562.161326110363,802.5886931419373,264.3393500894308,244.04079049825668,159.9855663329363,233.63736367225647,113.2398860603571,84.03335588797927,138.29532797634602,58.68700775131583,86.84450708702207,88.93952376395464,87.50745148956776,134.45695081353188,243.3259253501892,126.10418602824211,73.70243935286999,48.104624669998884,75.37765195593238,42.76752009242773,47.35559385828674,46.467396304011345,35.79232319444418,41.398281251080334,43.18922321125865,28.702504793182015,38.129770249594,0.0425000,0.0925000,0.0925000,0.1925000,0.1925000,0.2525000,0.2525000,0.3725000,0.3725000,0.4725000,0.4725000,0.6025000,-27.363079,-25.374966,-26.291824,-24.141037,-27.964069,-23.6313
0,0.6535625,15440.427612304688,6359.491291046143,1103.4031232595444,1687.9333758354187,1091.4504400789738,1131.4097409248352,705.7641652822495,784.3484029769897,925.2742059230804,1988.3641059994698,338.51768708229065,757.7137607932091,596.0409092903137,1453.936699271202,413.5605147331953,358.10677722096443,253.44106456637383,273.6333092749119,129.23487052321434,106.57182092964649,148.66282999515533,81.27492285519838,80.46710454300046,79.21179814264178,137.0859880167991,128.99280263483524,421.29435463249683,168.8839221149683,109.1819586455822,61.706989996135235,90.49904480110854,42.19520825892687,42.92717810533941,47.89493269100785,37.45041045919061,50.40943632647395,43.183230677153915,34.0622200043872,42.0492570977658,0.0425000,0.0725000,0.0725000,0.1725000,0.1725000,0.2325000,0.2325000,0.3825000,0.3825000,0.4325000,0.4325000,0.5625000,-26.762079,-22.379354,-27.030518,-24.257454,-28.288574,-23.788038
0,0.65275,18028.997039794922,5747.08695602417,1450.3788619041443,1824.636768579483,1470.5523309707642,1235.2759622335434,738.4957677125931,813.0873680710793,1172.512764453888,1529.3197090029716,348.0540972352028,706.0427609086037,721.4087910652161,1097.390646636486,387.4207412041724,349.1270145326853,273.8940264135599,272.94296012073755,140.33551631122828,89.95730523020029,117.0936481282115,46.029280019924045,80.86636218428612,64.19658399373293,120.89904046058655,112.19418455287814,370.5797900855541,162.37819762527943,99.55562809109688,76.00151715567335,85.29543917626143,58.05599006265402,38.54312463849783,40.515019573271275,29.333041675388813,41.60136400163174,50.68661852180958,40.51486869901419,35.99782853294164,0.0425000,0.0725000,0.0725000,0.1425000,0.1425000,0.2025000,0.2025000,0.3525000,0.3525000,0.4025000,0.4025000,0.5425000,-26.164543,-23.946035,-26.609594,-24.471638,-28.904652,-22.822384
0,0.680625,14128.157836914062,6290.852428436279,1247.2834076881409,1261.9245040416718,1479.579349040985,1138.7795914411545,785.0953404903412,715.8214875459671,523.3201616406441,1119.3200426995754,924.0203617215157,785.4866545796394,452.52160745859146,1622.3503401130438,372.70579958707094,370.40095465630293,305.7996625304222,274.7587894052267,124.72034607082605,99.31918048858643,129.04047247581184,64.51649870723486,106.39104550331831,77.40507842600346,124.80095668882132,84.99755587428808,313.3533732891083,175.9678481668234,97.91297474503517,70.60656227171421,81.23212801897898,41.00497744604945,55.82815849594772,47.14186838082969,24.232065041782334,55.65768212545663,39.03152219206095,36.2133853007108,37.38106658589095,0.0425000,0.0825000,0.0825000,0.1825000,0.1825000,0.2725000,0.2725000,0.4125000,0.4125000,0.4825000,0.4825000,0.6125000,-29.030529,-23.388304,-26.564186,-24.618143,-30.787615,-23.828539
0,0.6246875,21968.16244506836,7065.915672302246,1106.0830911397934,1246.306670665741,1044.696375966072,958.8356018066406,884.5110425949097,826.2039000988007,464.2542062997818,800.68419444561,1288.5343652367592,944.723829627037,380.71968108415604,1620.940838098526,374.96708127111197,381.071361027658,204.0554689615965,293.37692968547344,115.77661047875881,126.54927229881287,83.82706147059798,56.950332060456276,75.669633500278,64.17351151164621,138.92478923499584,127.57308611646295,411.38259975612164,137.29619198478758,90.56693884730339,66.31080182362348,82.40509777516127,40.35089716035873,42.84994161128998,52.8650837354362,31.41215915977955,57.316698495298624,41.16882280819118,40.33006066456437,41.759273666888475,0.0425000,0.0725000,0.0725000,0.1625000,0.1625000,0.2225000,0.2225000,0.3425000,0.3425000,0.4325000,0.4325000,0.5425000,-29.01062,-25.079744,-29.064615,-25.417292,-30.075005,-24.172407
0,0.83025,16067.731811523438,7319.881374359131,1521.4228785037994,1962.4711775779724,1591.5973181724548,733.8690505027771,645.7833539247513,910.7259032726288,1218.8982498645782,1344.9991681575775,1361.3265042304993,897.7799431085587,984.4211000800133,1790.8303045313805,451.8859493136406,484.46145075559616,264.56965251266956,346.537839487195,109.91905019432306,152.4260431677103,148.31619627773762,71.99637652933598,117.49535478651524,83.40936769172549,111.57095046341419,106.74251065775752,448.4979521483183,183.75240868330002,115.40388373658061,67.53575122728944,94.39599431818351,45.92612236365676,48.31609904207289,56.120677867904305,29.045904045924544,55.09440550580621,39.13526662439108,39.36124492622912,39.812613304238766,0.0425000,0.1225000,0.1225000,0.2625000,0.2625000,0.2925000,0.2925000,0.5125000,0.5125000,0.5425000,0.5425000,0.5725000,-29.362703,-22.478632,-26.833069,-23.038359,-26.910196,-24.37435
0,0.8215625,14220.773498535156,5504.352958679199,909.3332444429398,1710.0622962415218,1092.26785582304,945.2927107810974,700.9027020931244,989.3082082867622,910.2766942977905,541.4287012219429,1330.882288634777,1098.4069497585297,435.48546570539474,1286.4243639111519,465.9852009192109,310.7829130589962,262.05351562052965,250.9179860725999,115.58514501899481,116.14783670008183,96.04895285889506,71.06764190271497,100.0337343364954,72.32373035885394,131.48959642648697,144.06675210222602,323.8186163697392,182.84815229475498,88.88020777050406,74.54171339049935,81.11054980009794,44.49899305962026,53.35439346823841,41.36109792813659,27.325135823339224,46.42923436034471,43.35640942491591,35.81625498086214,37.99929423071444,0.0425000,0.0925000,0.0925000,0.2525000,0.2525000,0.2825000,0.2825000,0.4525000,0.4525000,0.5725000,0.5725000,0.7325000,-26.807316,-22.379845,-27.646057,-23.038319,-25.437551,-23.376465
0,0.583875,19756.75015258789,7171.647270202637,2294.4885427951813,2841.1738855838776,1329.685219526291,630.2596204280853,712.6381719112396,1298.8340728282928,556.5974465608597,1122.9725150763988,971.0564497709274,538.5449482798576,660.6268440485001,887.3615897595882,365.60460429638624,266.15191565454006,201.8531868197024,229.08778515458107,129.55280793085694,115.34335997700691,103.21618044376373,49.85734464600682,79.9944381378591,70.60993017628789,80.49700940959156,95.33201571181417,278.26306243240833,158.80997477471828,107.17183043062687,52.05640436895192,76.25336718186736,38.32672372460365,49.97556132823229,44.51564786583185,27.02638779953122,49.838783172890544,39.88439050503075,28.00615330412984,36.33101946674287,0.0425000,0.0725000,0.0725000,0.2125000,0.2125000,0.2925000,0.2925000,0.3925000,0.3925000,0.4225000,0.4225000,0.4525000,-26.681023,-23.121302,-25.832043,-21.640148,-30.399231,-30.575724
0,0.872875,18322.154846191406,7812.3066482543945,1315.788723230362,1791.5724189281464,1318.3375352621078,1035.7565413713455,914.4956979751587,975.3594680428505,836.1375763118267,1034.4700964391232,2719.272988796234,996.8241268992424,430.82664600014687,771.6882036030293,392.7158383280039,277.2620756328106,165.4874024540186,190.0842131972313,131.07716686278582,71.7189088538289,144.75400437042117,36.267639176920056,84.7349778227508,71.91595643758774,63.85137540474534,45.430781468749046,335.03752337396145,152.09410800784826,93.72442791517824,43.55628037080169,83.68866803124547,45.73507846985012,40.16108155250549,43.267520599009,26.86586830019951,36.23844920657575,33.16214308142662,24.8791877431795,29.18835894204676,0.0425000,0.0725000,0.0725000,0.1925000,0.1925000,0.2225000,0.2225000,0.3625000,0.3625000,0.4925000,0.4925000,0.6125000,-26.281088,-24.273409,-28.587088,-25.204058,-27.563316,-21.866425
0,0.98975,11848.876220703125,5811.053916931152,1145.4302778244019,2094.139487862587,1442.9274909496307,822.6508178710938,484.30918741226196,892.7521593570709,555.7735425233841,762.7614365071058,834.9742532968521,975.8509442210197,657.22825050354,639.36957154423,322.23569743335247,268.1958975456655,177.25602738559246,215.25627900660038,130.40368542075157,99.52315798774362,105.27088365517557,83.2276948299259,95.55868382006884,68.95378275960684,71.33911234885454,56.850575022399426,201.2718782108277,123.91702801734209,81.40656526945531,61.95655360072851,83.96418176777661,50.962301216088235,49.106576923280954,46.968986025080085,36.757392009720206,35.37069837935269,35.558421947062016,29.741992358118296,35.085107333026826,0.0425000,0.0825000,0.0825000,0.2825000,0.2825000,0.3525000,0.3525000,0.5325000,0.5325000,0.6525000,0.6525000,0.8225000,-24.95183,-22.284132,-26.162842,-23.412252,-25.577627,-24.762135
0,0.879875,15544.484832763672,5958.630687713623,1362.973443031311,1147.6665723919868,1481.2485632002354,1814.4487812519073,656.1159017086029,1781.985197544098,537.2827106714249,2068.928175061941,757.1223657727242,716.9376241266727,561.9326505959034,783.2446898818016,373.43782306462526,346.3839287236333,244.20581782236695,153.27256210148335,110.57889482565224,77.94561361521482,106.7848900668323,61.87227579951286,86.43182588741183,65.72393012791872,68.48289620503783,124.13194774091244,283.10495307296515,138.4409650824964,88.45266210660338,64.45546582434326,65.24445737525821,44.6180344959721,44.310568787157536,42.89829841256142,25.674765471369028,39.548939883708954,36.349882539361715,30.167258616536856,32.36275102943182,0.0425000,0.0725000,0.0725000,0.2325000,0.2325000,0.3125000,0.3125000,0.4425000,0.4425000,0.5725000,0.5725000,0.7225000,-26.793427,-23.293337,-27.10231,-24.73962,-30.901058,-23.479012
0,0.7950625,17498.391571044922,5735.231413125992,2910.9758780002594,4853.392875671387,1533.9436933994293,963.3909566402435,1142.6677479743958,1227.706755399704,410.29328137636185,453.84297025203705,968.9153579473495,879.8548835813999,375.56445667147636,803.3228728473186,315.5737223178148,307.84024530649185,232.719417527318,193.75643584132195,118.78178297169507,152.88412307202816,114.07591046392918,56.333776008337736,118.32633772492409,87.45283777266741,70.82120802486315,99.74898792803288,308.9573591351509,136.17217965051532,111.66356471925974,45.834289006888866,81.91537096258253,48.068475380539894,57.25240691378713,56.730688367038965,31.88568726181984,41.394620900042355,40.30027851462364,26.273490009829402,36.205597097054124,0.0425000,0.0725000,0.0725000,0.1525000,0.1525000,0.2425000,0.2425000,0.3625000,0.3625000,0.5425000,0.5425000,0.5725000,-28.199167,-22.866585,-26.375282,-25.986313,-26.280212,-28.616007
0,0.921875,19105.386749267578,5507.111448287964,1527.8102534413338,2121.5294460058212,1496.4749265909195,1083.49143242836,1023.8733329772949,1160.005379498005,355.87948006391525,662.5104205608368,1470.1346058249474,889.6098390221596,480.59977328777313,733.4851045832038,429.79149460047483,297.6847365498543,255.73967218399048,184.96727165579796,106.19431385397911,92.63641120493412,110.50229717977345,50.16911665350199,111.66569638438523,50.97683223057538,99.00483881682158,114.98537332005799,245.09228364750743,150.94712644815445,80.71055093035102,71.03847622871399,86.67846164107323,47.33593198377639,48.924972236156464,37.73242642916739,34.09425635728985,35.07861963659525,36.83325523138046,27.898295924067497,38.84182144701481,0.0425000,0.0725000,0.0725000,0.2125000,0.2125000,0.2525000,0.2525000,0.4525000,0.4525000,0.6025000,0.6025000,0.6925000,-25.820108,-22.068579,-30.432999,-23.0275,-26.481632,-23.187038
0,0.8416875,14261.249450683594,6023.64432144165,1088.0193145275116,1404.4254647493362,1162.4107812941074,1686.0135715007782,798.2783493995667,2372.351821899414,304.85035091638565,1658.7268736958504,853.5497363805771,510.279148042202,514.2150456905365,865.2901725769043,395.7582620680332,336.6982467472553,213.62032398348674,220.85125578194857,115.57483680546284,105.99029960483313,104.48149471078068,70.08712409064174,73.07148826867342,67.61276902630925,56.27563039492816,102.0415462628007,289.76317290216684,162.4325094372034,83.27159521915019,61.73811228945851,79.3834756873548,36.291387021541595,40.25261494517326,40.86835413053632,28.118646509945393,33.82408760301769,38.87242307700217,32.178548058494925,35.61290497565642,0.0525000,0.0825000,0.0825000,0.2125000,0.2125000,0.2925000,0.2925000,0.4225000,0.4225000,0.5725000,0.5725000,0.6825000,-27.515051,-21.523254,-27.290646,-25.533592,-29.603271,-24.234442
0,0.7475,13084.916900634766,5748.385773181915,1271.5936770439148,1456.911027610302,1211.169422507286,845.8290441036224,656.6124283075333,1066.1497566103935,581.8982779383659,719.5467680692673,972.9234540462494,1022.0523552894592,438.4186080098152,1665.727218747139,442.4056039452553,403.96754790842533,230.01888021081686,331.9413027241826,133.44624464958906,99.91184738278389,122.08924803882837,58.07905480079353,103.79515978693962,54.92945954203606,119.3000750914216,116.92280542105436,471.1659999191761,143.4525692947209,96.22273571975529,42.53464530594647,112.33951833099127,44.137937128543854,49.90650362148881,37.75336047168821,29.03894701320678,49.9640196710825,37.34303441271186,32.27189594320953,33.89274092391133,0.0425000,0.0825000,0.0825000,0.1725000,0.1725000,0.2525000,0.2525000,0.3525000,0.3525000,0.5125000,0.5125000,0.6525000,-27.284279,-23.249678,-26.498062,-22.614527,-27.783173,-26.914377
0,0.9906875,15903.31982421875,6225.978118896484,1772.330410003662,1926.6241074800491,1050.6815927028656,1603.956250846386,810.8277717828751,1257.2656469345093,361.48071932792664,606.4622634649277,849.161657333374,772.1326153874397,349.63343715667725,1038.1701870933175,351.7213577926159,159.67853857576847,230.81849788874388,300.7192912250757,98.15383855253458,114.1984814107418,117.04394576698542,72.74917969666421,110.33181213587523,93.33068944513798,73.25213178992271,102.88460864312947,326.4148839600384,133.7078460631892,88.59143329411745,96.2164352494292,94.08296751789749,35.210182127542794,38.713054433465004,50.70443113707006,40.243490282446146,45.41103191673756,39.71866715326905,32.5427884561941,35.23848278820515,0.0425000,0.1025000,0.1025000,0.2725000,0.2725000,0.4125000,0.4125000,0.4825000,0.4825000,0.6225000,0.6225000,0.7825000,-29.010525,-23.984629,-24.057783,-28.197126,-26.236389,-23.425064
0,0.696,15183.634674072266,6430.861598968506,1350.6237225532532,1953.7605292797089,1111.965383708477,1915.2105975151062,1171.1204466819763,1588.878691315651,596.4431175589561,1789.684030532837,1308.1915996670723,658.9708986282349,377.9684554338455,932.5082375407219,401.51893547177315,247.3596036992967,189.21953124552965,268.2147154211998,82.20447608828545,107.71320901066065,110.15892907977104,60.105890883132815,117.13600803166628,68.12081477418542,82.0661643370986,80.86712086945772,321.3450571000576,155.0491144042462,98.95373617112637,80.02144395047799,85.60642863437533,43.26441589742899,45.305073315277696,37.41177031467669,30.15198995359242,54.3318100143224,47.9381002150476,31.183089839294553,41.86488280817866,0.0425000,0.1225000,0.1225000,0.2625000,0.2625000,0.2925000,0.2925000,0.3225000,0.3225000,0.3725000,0.3725000,0.5425000,-25.781799,-26.270216,-31.444702,-31.163961,-29.009632,-24.518656
0,0.8653125,18086.80404663086,6557.608215332031,1044.3556192815304,1315.1866688728333,1322.5958738923073,814.4373570680618,700.2258499860764,951.3990467786789,949.0566425323486,638.5865333080292,1391.227811217308,875.136866748333,539.8666890859604,1027.8918729126453,301.49253319203854,266.24115754663944,183.60024313628674,205.49658125638962,127.55838373675942,113.62801181524992,98.45420800149441,61.79844725690782,82.52528521418571,57.52105896919966,82.95752654317766,111.34684868901968,372.39668664336205,155.37051713466644,70.03750090487301,69.37762450240552,79.86986777652055,40.96788510773331,52.925785921514034,42.671329624950886,28.50479941163212,47.90516336262226,35.409960919991136,34.607963528484106,28.790795083157718,0.0425000,0.0725000,0.0725000,0.1725000,0.1725000,0.2625000,0.2625000,0.3925000,0.3925000,0.5225000,0.5225000,0.6825000,-27.669668,-23.283602,-28.247044,-22.062984,-28.438595,-23.839058
0,0.749625,12177.140625,6375.77033996582,1430.4386876821518,1689.6711776256561,1386.2356116771698,1456.6078081130981,1062.6256062984467,1135.0533970594406,719.8865661621094,2212.5001077651978,1135.296822667122,580.429757475853,250.83042693138123,1086.9948089122772,323.27230859780684,318.91840106248856,279.7440601736307,252.53482906520367,105.73007904738188,122.64859311282635,164.81949903443456,65.99707235582173,113.68567990511656,72.21573281940073,69.09792891144753,101.18008418381214,291.9634255170822,171.75417724531144,92.81700973957777,79.69677487015724,78.06235712952912,49.82837161794305,54.45680292323232,49.60248645860702,26.00351889897138,56.34939744696021,43.009051851928234,31.174339316785336,27.003470013849437,0.0425000,0.1325000,0.1325000,0.2825000,0.2825000,0.3125000,0.3125000,0.3425000,0.3425000,0.4125000,0.4125000,0.5625000,-28.637348,-26.667002,-29.080709,-29.272421,-27.913662,-22.673674
0,0.78375,14638.773071289062,7353.90896987915,1040.6160906553268,1543.5900329351425,1307.4447574615479,1157.7259318828583,1003.3643891811371,561.4431557059288,659.3508467674255,664.3828147053719,1247.6088000535965,1018.7261564731598,279.5908087491989,940.6920869648457,322.891142770648,310.7422551214695,192.87555085122585,212.17227405309677,118.3550641387701,137.39606910943985,112.95301175490022,54.118711452931166,100.30722908861935,58.111205622553825,84.25971738994122,66.65696065314114,265.2442897260189,164.63872798904777,99.67895344644785,55.741573265753686,94.73609700147063,39.79428184684366,51.37121410947293,39.71415832825005,26.517729367129505,48.00261553376913,35.54320188239217,38.694981817156076,32.38270501443185,0.0525000,0.0925000,0.0925000,0.1925000,0.1925000,0.2825000,0.2825000,0.4425000,0.4425000,0.4925000,0.4925000,0.6525000,-28.330866,-24.106319,-27.44795,-24.400925,-32.059814,-23.694572
0,0.8634375,24116.47329711914,4328.163547515869,1357.3834390640259,2581.7176164388657,985.0047882795334,1740.7892847061157,800.2090713977814,1028.940083861351,826.2412935495377,2020.2394640743732,1296.6316511631012,1163.0303370952606,509.92341738939285,1533.9161771312356,441.35609935224056,385.74780704826117,221.9640470147133,253.64390529692173,113.8244397751987,117.34714292734861,86.61508601345122,58.18041882477701,98.50320930033922,70.12051984667778,97.70699626207352,114.048249123618,417.0004843696952,197.98411144129932,121.52738671191037,59.48336932249367,86.73979924619198,35.707788032479584,48.84274196624756,40.36321476660669,27.234872799366713,52.65194940008223,42.04033956397325,31.181077521294355,38.87516122683883,0.1325000,0.1625000,0.1625000,0.2625000,0.2625000,0.3425000,0.3425000,0.5625000,0.5625000,0.6225000,0.6225000,0.8225000,-25.981445,-22.30423,-27.094162,-21.385498,-25.510355,-21.016644
0,0.701,16959.000518798828,6801.2173500061035,1190.7106239795685,1384.8185386657715,980.3588662147522,407.54773783683777,950.7615823745728,472.71190214157104,747.3799605369568,576.9735241532326,1601.422187924385,1017.029029071331,505.58436793088913,1407.363130748272,558.2109784185886,411.33399157226086,258.5836727581918,270.2893263846636,145.54470431432128,98.21043494902551,167.56561078503728,66.84005527757108,72.04282695800066,51.472685899585485,119.1022771447897,130.32693293690681,419.4475036635995,178.4392735287547,103.83132181316614,61.103056436404586,89.19520078599453,58.2086051851511,47.27213566377759,44.76142646372318,30.7402881141752,39.55168144032359,33.728274289518595,44.214964845217764,32.72539561614394,0.0425000,0.0825000,0.0825000,0.1625000,0.1625000,0.2525000,0.2525000,0.4225000,0.4225000,0.4525000,0.4525000,0.5225000,-26.556971,-23.835089,-26.400961,-24.306597,-28.360636,-23.67395
1,0.8154375,14348.96923828125,6813.602806091309,1167.6570316553116,2229.6404928565025,1157.0907804369926,1494.1193778514862,611.5295112133026,1161.854010462761,892.8541036844254,1144.910852432251,1864.844460427761,899.8645296692848,478.968288898468,1574.203352510929,384.7735417857766,345.1032437682152,267.53707006573677,277.68909595161676,154.18681060522795,127.47739213705063,119.60373947396874,49.512832161039114,108.87949731200933,93.1217497587204,147.35657957941294,120.01662359386683,375.44882440567017,143.96528786048293,86.78860533237457,60.73811635328457,93.77992236986756,57.19471878930926,59.761538844555616,46.52038523554802,22.88981502316892,45.0971168987453,38.34262650460005,39.47354279179126,45.89772908017039,0.0425000,0.0825000,0.0825000,0.2325000,0.2325000,0.3025000,0.3025000,0.4725000,0.4725000,0.5925000,0.5925000,0.7525000,-27.530056,-21.911819,-26.728725,-22.249279,-28.062204,-23.108574
1,0.85025,8344.050872802734,5195.261985778809,1589.8786053657532,1344.3016728758812,1667.1019755005836,893.0418548583984,648.9605489969254,575.7591214179993,458.45759558677673,735.7363126277924,1838.979801416397,820.1286400556564,444.1950746178627,1366.7755904123187,444.73990216851234,282.72578758746386,271.5492028668523,233.7389513850212,136.7308022454381,78.69046971946955,128.1621456090361,52.12259301356971,113.46780629828572,101.93848772812635,86.56638310104609,86.57816859334707,298.63283966854215,160.37199686467648,100.95434410683811,88.45290070027113,82.99390390515327,41.14371551387012,35.350901590660214,39.05993787047919,24.368187092244625,42.830768059939146,38.06663849391043,27.181133568286896,41.02279264869867,0.0425000,0.0725000,0.0725000,0.2425000,0.2425000,0.3225000,0.3225000,0.4725000,0.4725000,0.6425000,0.6425000,0.8025000,-29.706846,-24.087778,-29.045586,-28.764099,-28.591719,-23.254395
1,0.8645,13927.869842529297,6914.8298988342285,1310.5393280982971,2023.4921443462372,1669.6512867808342,1283.6170263290405,666.7149639129639,912.3437206745148,720.7802970409393,1151.9673156142235,1568.193081498146,817.7282178997993,549.5561603009701,1645.343462139368,384.5703236013651,450.65436913073063,240.10603386163712,294.28411673754454,104.27073051780462,117.5052118524909,114.3854142576456,56.681976076215506,90.12645066529512,79.81984814628959,96.05874330922961,90.44357796758413,390.5525994230993,157.31702060997486,110.26122657954693,67.38152193836868,89.20667379070073,51.04043238610029,54.27764409780502,40.193217653781176,24.528141199611127,49.22286112327129,35.12161929206923,36.30651250015944,46.1192160975188,0.0425000,0.0925000,0.0925000,0.2525000,0.2525000,0.3125000,0.3125000,0.4825000,0.4825000,0.6025000,0.6025000,0.7925000,-26.841009,-22.379799,-26.107016,-22.20649,-29.005198,-20.586206
1,0.7685,11996.810729980469,5492.567615509033,1255.1861515641212,1224.9500555992126,1116.5241148471832,788.9168136119843,506.0212141275406,442.9208972454071,362.07918322086334,610.1994578242302,1354.3593819141388,1196.941143989563,461.96841394901276,1617.2123382911086,296.91069650650024,314.7859710454941,270.8797037303448,235.49207698181272,150.7989417463541,153.52353724837303,97.50291115790606,50.6537695415318,121.5033398643136,90.06294010207057,99.9532451480627,98.91352498717606,350.05808985978365,170.31668216735125,106.0647916905582,88.22553870268166,90.5743458494544,57.40140525996685,38.778998266905546,41.12801297008991,25.058534644078463,50.61490808613598,30.246820809319615,39.92488529533148,33.96243765950203,0.0925000,0.1325000,0.1325000,0.2625000,0.2625000,0.3425000,0.3425000,0.4725000,0.4725000,0.5725000,0.5725000,0.7125000,-28.806007,-23.084805,-27.149239,-25.675997,-29.783178,-25.104553
1,1.0108125,13174.20376586914,5446.3597412109375,1434.5298935770988,1996.0636867284775,1814.182101547718,1129.6016612052917,827.4797682762146,947.7640810012817,587.2793454527855,1037.4821113348007,1217.1402317881584,790.1388108730316,529.6681894361973,925.4488539099693,344.13593973219395,302.27485328167677,175.65070620179176,211.77842193841934,135.06827375665307,87.4325026422739,123.03773620724678,55.9565494786948,106.24552609026432,88.99185554590076,68.94139430858195,61.023366095498204,296.4767839759588,154.12635358422995,86.23224721197039,63.073643296957016,76.56376014743,46.340182688087225,35.07526342384517,50.38363226503134,35.14874485973269,49.49491425789893,45.0442369338125,27.823243437334895,25.655598053708673,0.0525000,0.1025000,0.1025000,0.2825000,0.2825000,0.3525000,0.3525000,0.5325000,0.5325000,0.6525000,0.6525000,0.8825000,-26.335751,-21.313391,-26.60989,-23.202623,-27.799591,-22.226042
1,1.071375,11184.616668701172,4983.316371917725,1793.2995092868805,2485.887519478798,1331.4735156297684,1342.0316815376282,856.552267074585,657.3677788376808,390.2611081302166,670.6531070768833,3139.7125695943832,741.8039181232452,572.8737477660179,1397.8830794990063,464.5105757378042,334.01400611549616,225.02429527789354,266.87647844851017,110.42861705645919,84.75896957889199,155.50406657159328,53.2235917057842,103.62973459810019,107.57107168622315,78.82044997811317,104.70607266202569,359.79607544094324,190.76686207391322,107.19347289204597,70.08112745545805,93.64477048069239,49.29353950917721,52.17633997835219,47.14953827485442,30.966493733227253,50.372827106155455,49.50284483842552,34.04284194950014,40.90639887563884,0.0525000,0.0825000,0.0825000,0.3025000,0.3025000,0.3925000,0.3925000,0.6225000,0.6225000,0.8225000,0.8225000,1.0125000,-28.020437,-23.214315,-27.744114,-23.436043,-26.089472,-23.263748
1,0.5765,19962.28012084961,7346.1456871032715,1436.7597353458405,1181.0269822478294,1266.8494563698769,881.4199278354645,558.8306050300598,928.8037165999413,634.7774826288223,953.9184366464615,1618.9682340621948,814.8672226667404,505.5007317662239,1475.4098825007677,365.42060390114784,324.5270995050669,240.07363767921925,275.85341811180115,97.98527786135674,133.79512145370245,121.50806395336986,55.82332669571042,92.32701521366835,69.20692911744118,95.3124121427536,110.58220770023763,352.44659308344126,183.06243078410625,122.18051782250404,64.37124566733837,100.902631893754,50.300220045261085,37.84697276726365,46.46390423178673,22.38549029454589,46.90551267936826,49.315214985981584,40.6568885371089,35.73059163009748,0.0425000,0.0725000,0.0725000,0.1525000,0.1525000,0.2025000,0.2025000,0.3025000,0.3025000,0.4025000,0.4025000,0.5225000,-26.352364,-23.933111,-29.268841,-25.260321,-28.291376,-23.170877
1,0.7685,14858.282928466797,5600.8841552734375,1406.4497518539429,1488.2562506198883,1119.627023473382,720.3908932209015,1058.0347256660461,1208.1036849021912,367.2146337032318,1358.7127441465855,1107.6227008998394,837.6131194829941,360.6324778199196,1149.0677350759506,295.8984690159559,329.5821630358696,265.57067531347275,306.89254596829414,114.69942332059145,103.49431021511555,116.75993878021836,65.88431868329644,97.12255915626884,75.70568588003516,92.97519837319851,119.64775995910168,294.8909761309624,163.87153443787247,111.13203116878867,64.11550259590149,80.4476963551715,46.57705098763108,44.78366241045296,41.514943638816476,34.70508130406961,37.80491443350911,31.242207036353648,28.632053144276142,34.67805630154908,0.0425000,0.0925000,0.0925000,0.1925000,0.1925000,0.2625000,0.2625000,0.3625000,0.3625000,0.4625000,0.4625000,0.6125000,-27.96217,-24.927652,-28.072927,-24.921917,-29.023615,-23.4788
1,0.825,11491.607116699219,5024.321971893311,1995.0835036039352,1894.6656784415245,1536.8086487054825,1069.0183205604553,1255.9597254991531,856.8981214761734,418.9439906477928,1374.1761682629585,877.9133431315422,1152.0906872153282,332.0444523990154,1242.8261941373348,316.0271229487844,319.3262178003788,205.5047119706869,248.2719900906086,130.0574956201017,118.59681108593941,122.07066649571061,70.92526890709996,98.60885526612401,102.57491255551577,77.11839638650417,117.96689927577972,301.98276598006487,146.85493428632617,78.38515123631805,59.78380175679922,73.74534860998392,59.90006098896265,47.448461055755615,46.044099900871515,36.17179324477911,42.401036583352834,35.63741818256676,32.02839947491884,42.17128982930444,0.0525000,0.1225000,0.1225000,0.2225000,0.2225000,0.3025000,0.3025000,0.4025000,0.4025000,0.5225000,0.5225000,0.6125000,-28.017771,-24.105732,-27.303604,-28.500708,-29.151144,-25.340279
1,0.822375,12826.748046875,6019.549396514893,1357.8525632619858,1617.0777257084846,983.8776614665985,1452.0973980426788,797.0917853116989,499.29623782634735,474.3154634833336,1723.701330602169,1530.5809547901154,757.409565269947,689.6087770462036,1531.518553212285,387.90904538333416,438.00066958367825,262.20087946392596,333.10413133352995,107.46913789212704,115.52586537599564,95.27608942426741,54.69883392006159,78.92216540127993,94.94756730552763,121.27062516473234,88.33170779794455,324.6756345629692,154.84875106811523,84.08456777222455,66.78807180561125,84.06162216234952,34.119271570816636,51.28610337898135,36.715036978945136,25.73997115343809,47.17548278346658,40.894282441586256,32.33911946229637,38.87639119010419,0.0425000,0.0925000,0.0925000,0.2525000,0.2525000,0.3225000,0.3225000,0.4325000,0.4325000,0.5725000,0.5725000,0.7525000,-25.820375,-22.980213,-26.233381,-23.58835,-27.966413,-21.63385
1,0.9545,10038.05679321289,6997.783790588379,1481.6231925487518,1686.7463023662567,1396.8580595850945,749.5366584062576,1017.9834862947464,960.4944213032722,1037.9636002779007,1275.5451264381409,2008.7462558746338,1036.2376729249954,506.9830694794655,913.7115733325481,329.3838055357337,416.5158372670412,150.59253349155188,177.81384544447064,179.77836000919342,129.3305991254747,138.23714313656092,85.45604002475739,97.04389952868223,59.92309683840722,76.46768564730883,69.02271075546741,269.8250209093094,142.34968054667115,81.97507508099079,50.17340961098671,75.4457318080822,54.02311393246055,45.28751714620739,45.84314575046301,37.93394520971924,43.885597769171,37.0352983251214,33.02580066770315,39.02849432872608,0.0425000,0.1525000,0.1525000,0.2825000,0.2825000,0.3625000,0.3625000,0.4925000,0.4925000,0.6325000,0.6325000,0.7825000,-25.801596,-21.388842,-28.732391,-23.726305,-29.831961,-22.920288
1,0.8504375,16772.625518798828,6579.447834014893,1393.4884252548218,1464.2462408542633,1424.0748541355133,676.0076467990875,785.9881547689438,982.4273961782455,649.1467117071152,594.2293194532394,1554.4861843585968,1125.3323805332184,403.7127341032028,807.7428961992264,303.2895747125149,349.967163618654,225.23481473326683,208.5917046070099,136.49206215143204,91.35176336020231,95.12397335842252,71.56011931598186,98.63992452993989,60.160675540566444,73.79290792346,88.24924804270267,285.85379457473755,138.76334309577942,97.13607773184776,56.69072133861482,78.5753387035802,41.07317757606506,44.144314870238304,36.62666076235473,39.22720654401928,44.28922449797392,33.02471518563107,27.402259577065706,39.389507417567074,0.0425000,0.0725000,0.0725000,0.1825000,0.1825000,0.2625000,0.2625000,0.4025000,0.4025000,0.5325000,0.5325000,0.6825000,-26.587585,-23.857529,-28.527267,-24.845377,-25.339352,-23.292864
1,0.812375,18377.30697631836,6632.992691040039,1651.1434123516083,2079.262978553772,1339.653881072998,1089.4764242172241,804.1466648578644,1465.9780056476593,753.110304236412,1743.2836508750916,1523.2067958116531,658.8763611316681,376.11337399482727,912.0989007204771,386.73221408203244,206.97424085717648,167.2841564528644,232.3020452260971,144.815159894526,66.39598172903061,96.98731766268611,62.890635542571545,85.62987921945751,66.27769216056913,70.99219799786806,67.86909191682935,296.06547769904137,150.0456851925701,89.58664961252362,72.103386066854,83.3094801036641,47.95248831063509,27.279268028214574,42.27163317799568,26.68201607465744,36.725525722140446,34.174486339092255,29.019865995272994,19.944455355405807,0.0425000,0.0725000,0.0725000,0.1425000,0.1425000,0.2225000,0.2225000,0.3425000,0.3425000,0.4525000,0.4525000,0.5925000,-27.637398,-22.798782,-26.627987,-23.567236,-27.981712,-23.276384
1,0.8146875,12201.490447998047,6589.436519622803,796.0581243038177,1691.470593571663,1134.1996865421534,576.6816115379333,777.1550940275192,788.0697838068008,491.56033313274384,485.3579740524292,1585.8506662845612,1192.483326435089,511.30170345306396,785.1028210707009,350.175491923932,247.1284404695034,165.42401406168938,228.29410482198,122.58738248050213,112.32742048054934,107.44207952357829,77.87410908192396,74.94568384438753,83.75441071018577,96.6389973461628,65.44823645427823,240.8709053248167,131.7075157687068,73.89685852825642,62.552845248021185,82.36435082554817,44.273764722049236,47.81509241089225,46.93718125112355,24.526502915192395,37.9372247941792,39.311206843238324,30.333400149829686,24.6944192443043,0.0425000,0.0725000,0.0725000,0.1725000,0.1725000,0.2425000,0.2425000,0.3525000,0.3525000,0.4925000,0.4925000,0.6525000,-27.039148,-23.589632,-27.337961,-24.013155,-28.840078,-24.968719
1,0.825,13297.611389160156,7318.231594085693,1108.4690214395523,1676.6897475421429,1515.7385327219963,981.9460833072662,465.6964443922043,978.475753724575,581.9057334661484,698.4496329724789,1245.085637807846,1024.768071115017,394.9956532418728,1515.1457304954529,405.94850897043943,402.27508959174156,226.1139105707407,250.33200170472264,118.61059533245862,102.80539280921221,127.28710568323731,62.71427449584007,86.50749990344048,77.41300680488348,119.88264098763466,94.54955264180899,305.4219345226884,159.66063279658556,78.29725783318281,67.69591815024614,81.74355571623892,45.7210111618042,47.22122635692358,38.11787893809378,30.187752064317465,43.35879020392895,46.53886687196791,36.649851109599695,35.06115755811334,0.0425000,0.1125000,0.1125000,0.2425000,0.2425000,0.2825000,0.2825000,0.4525000,0.4525000,0.5825000,0.5825000,0.7225000,-27.550943,-23.93379,-26.416122,-24.961748,-26.181059,-23.581177
1,0.8831875,16625.592834472656,6905.951824188232,1260.923187971115,1756.7692116498947,1098.315412223339,940.8915331363678,1021.5910048484802,1176.1747522354126,521.8555204868317,2312.807589530945,689.3884506225586,624.8025475144386,350.2398689389229,1304.2887200117111,407.2795837819576,402.87834234535694,342.2410202026367,301.57502188533545,121.1936530098319,103.68397582694888,104.20309491455555,54.63325263187289,119.35358199290931,51.56080809608102,123.1374075897038,141.2426630333066,463.5575134307146,185.10511929821223,106.16121337283403,85.26571131125093,89.07193648908287,51.20051484275609,43.01967482641339,45.34609198011458,28.717239160090685,51.95801604539156,33.99888480082154,34.743518359959126,43.58075587078929,0.0425000,0.0725000,0.0725000,0.2325000,0.2325000,0.3125000,0.3125000,0.4825000,0.4825000,0.5925000,0.5925000,0.7725000,-28.656477,-25.340137,-29.224907,-24.292631,-27.875389,-22.364882
1,0.8146875,9411.742126464844,6089.902717590332,934.8395533561707,1516.3524589538574,1336.8118498921394,755.3992240428925,851.1151839494705,688.3504441976547,802.206335067749,609.8180311918259,1166.084558725357,1129.7093203663826,354.9378253221512,1187.2899705767632,418.7317436635494,476.92538875341415,295.6704364940524,265.77042508870363,137.05561896786094,93.6968744173646,122.82391487061977,69.29448838159442,103.46519800275564,80.8346358127892,102.53773529827595,91.3598977252841,378.8982136314735,169.91778027266264,92.83759524673223,66.1504110507667,94.43314744532108,47.67952421493828,46.34166797250509,34.980296852998435,31.98405030556023,35.09392633475363,37.88165780249983,42.02022828999907,29.991753730922937,0.0425000,0.0725000,0.0725000,0.1825000,0.1825000,0.2525000,0.2525000,0.4125000,0.4125000,0.5725000,0.5725000,0.7125000,-28.71637,-23.207426,-26.633575,-23.026951,-27.030167,-25.393982
1,0.869,11594.380004882812,6101.918724060059,1159.6991086006165,1753.0370907783508,1369.7922590374947,967.6360561847687,545.4457767009735,916.3672516942024,902.5563275814056,593.9598179161549,1397.2987079620361,680.6337302923203,293.54692870378494,851.8020368218422,359.64619690179825,353.6191920042038,194.9909868761897,232.15763004124165,114.42096262425184,73.34664961695671,88.6290552765131,65.79486678075045,100.09722712635994,95.36747045814991,92.11819248646498,130.4326602742076,244.79862021654844,121.66529680602252,86.52803502231836,67.69936525076628,82.37970332521945,52.08680242113769,40.549129424616694,45.2784730643034,28.19435444707051,38.023618046194315,39.27114954404533,32.59256578609347,26.241089913528413,0.0425000,0.0825000,0.0825000,0.2025000,0.2025000,0.2925000,0.2925000,0.4425000,0.4425000,0.5925000,0.5925000,0.7025000,-25.531746,-22.041105,-26.113712,-22.915413,-24.917229,-24.323986
1,0.9345,12044.484649658203,5949.753944396973,2147.7658937573433,2524.199066877365,1150.9229689836502,1310.6022384166718,624.4105904102325,1441.4885766506195,532.9811057448387,1457.2408104538918,1070.28964138031,523.0645905137062,277.81195175647736,750.1223914027214,323.0441480576992,247.0090882629156,242.4500403776765,211.91891864687204,122.12086617946625,123.48555968143046,102.21171632036567,73.54958356916904,98.52700840681791,72.29978527314961,72.36785016581416,84.11385290324688,344.4561603665352,138.29126269556582,89.64132640883327,69.97612090036273,87.87918400019407,43.71095206215978,42.373919708654284,46.87180247530341,27.872246203944087,53.06574300117791,43.60819517634809,32.299580266699195,32.14803387597203,0.0425000,0.1525000,0.1525000,0.2925000,0.2925000,0.3725000,0.3725000,0.5125000,0.5125000,0.6525000,0.6525000,0.7225000,-27.371088,-23.467747,-27.052315,-24.098619,-27.598276,-23.477278
1,0.7071875,19207.035095214844,6975.408279418945,855.5340843200684,1768.6064453125,1084.7413016557693,562.9910848140717,781.5286734104156,753.5701049864292,722.250323176384,661.0713317394257,1834.3903055787086,1227.1926186084747,550.3999980688095,992.8994445204735,524.0396028459072,401.2135108113289,229.39113045483828,240.14273831248283,111.30075555294752,93.21532428264618,141.04767775535583,56.36878027394414,69.20774880796671,84.60938318818808,98.39532965421677,141.73609154112637,341.6917191259563,162.91258012875915,100.2941532805562,73.95550715178251,88.61685014888644,46.63959646038711,40.54935986734927,47.13657109811902,29.798362897709012,32.44343551620841,40.024186491500586,30.212337201461196,38.94326474331319,0.0425000,0.0725000,0.0725000,0.1325000,0.1325000,0.2025000,0.2025000,0.3425000,0.3425000,0.4625000,0.4625000,0.6125000,-26.979685,-22.041517,-26.817152,-24.898779,-25.572891,-23.414852
1,0.9038125,14955.467498779297,5693.287733078003,1343.3036254644394,2066.865689754486,955.8980798721313,1336.1287753582,854.2470767498016,924.2866415977478,529.6827176809311,876.1690036058426,1445.3698982298374,789.4374378919601,398.7001348733902,662.8222309723496,278.48688532039523,269.45451482757926,186.18658010661602,186.66278620064259,110.52852614223957,77.04998713731766,102.53214231133461,42.560886923223734,125.36459017544985,58.72814196720719,48.43295515328646,74.26793388277292,236.06048031151295,120.98349753767252,83.47429719939828,68.62824173737317,86.96923953853548,44.74512635357678,49.200677298009396,38.385345321148634,24.901756232604384,46.13679872639477,39.99967402173206,35.12043888028711,45.62518931925297,0.0425000,0.0725000,0.0725000,0.2325000,0.2325000,0.3225000,0.3225000,0.4725000,0.4725000,0.6125000,0.6125000,0.7625000,-26.847303,-21.661144,-27.231153,-23.34934,-27.086966,-24.417416
1,0.9114375,18556.419189453125,6350.553516387939,1084.1224765777588,1464.9871046543121,893.3637548685074,1786.0468760728836,929.1421709060669,1454.8269472122192,492.9073159098625,1820.414479792118,1560.5525041818619,783.7640697956085,1026.7439221143723,1080.4041219949722,325.2307819351554,356.8558291196823,276.70128478482366,288.37922602146864,151.34442414343357,69.77202713489532,70.27210671454668,86.64450234919786,96.40890184510499,76.78577817976475,95.24629551172256,69.99284442514181,397.19446302205324,136.43752827122808,96.27244249731302,54.75534422695637,102.95673188567162,50.44579346012324,44.03439428284764,44.779878376051784,28.1951592694968,55.26047918945551,40.448861960321665,33.49938829243183,36.32571021653712,0.0425000,0.0825000,0.0825000,0.2425000,0.2425000,0.3125000,0.3125000,0.4825000,0.4825000,0.6425000,0.6425000,0.7925000,-26.035017,-23.558739,-28.202742,-25.042318,-27.752106,-24.689299
1,1.003,12554.603759765625,6498.2735023498535,1597.3707790374756,2125.476429104805,1501.819563806057,1151.854653596878,674.2298538684845,1097.105882883072,535.201993227005,572.8766483366489,1657.1935703158379,931.0932410955429,841.7196810245514,1329.3665580451488,484.4077786952257,275.54937952011824,238.81066807359457,213.93880636245012,81.76070253551006,145.63048524409533,114.60552123561502,67.66134541854262,120.87260714173317,86.08688829094172,103.4096564091742,90.29566261917353,314.0836636070162,178.59630358684808,102.6558932280168,92.22148490324616,74.30534369125962,40.02419615164399,36.4862927608192,46.78140686452389,22.97964915446937,57.56558393314481,43.393194207921624,33.64254481624812,35.511743096634746,0.0625000,0.1325000,0.1325000,0.3825000,0.3825000,0.4525000,0.4525000,0.6525000,0.6525000,0.8025000,0.8025000,0.9625000,-29.159369,-23.486347,-27.228298,-23.698994,-27.692652,-23.789497
1,0.949,14807.454223632812,7207.505657196045,1393.6076261997223,1809.9557812213898,1238.8445934057236,973.4556608200073,748.6313716173172,797.4979500770569,633.5264222621918,1877.713937997818,1327.258268237114,1005.9867744445801,569.9701865315437,1236.6762109994888,441.55907951295376,341.4125013872981,363.2393983155489,310.98102916404605,143.81828266009688,88.21539943665266,150.63187395967543,68.92916251346469,112.58387940376997,78.43231085687876,70.2991794347763,134.3935331106186,412.27800074219704,170.88048774562776,113.62968844175339,86.63362207077444,108.68458796385676,54.24725823383778,54.21945698931813,47.132091131061316,23.024694425985217,39.520484019070864,38.3133630733937,32.43944444600493,37.40545348264277,0.0425000,0.0925000,0.0925000,0.2725000,0.2725000,0.3425000,0.3425000,0.5325000,0.5325000,0.6425000,0.6425000,0.8425000,-27.417698,-23.907341,-26.458706,-23.312555,-28.640825,-23.191309
1,0.6908125,11333.58837890625,5757.086780548096,1489.2156020402908,1542.7320322990417,871.3119983673096,847.2388200759888,493.5127408504486,769.8600968122482,430.85830521583557,745.4827948212624,1266.9721870422363,1033.6163960695267,732.7892248630524,1510.5225551556796,430.69070109725,343.87851729243994,172.1190634071827,200.0954584479332,137.39020640030503,129.00760392844677,98.4387256167829,69.81695342063904,79.91935008019209,103.98378329724073,82.43449418246746,91.79414685443044,351.96160489320755,171.08947118744254,86.5461825048551,72.4585744664073,104.39786235243082,54.92453633621335,39.4238369371742,52.79007340967655,36.73153336998075,43.412455681711435,45.512045515701175,28.517146663740277,44.75845990329981,0.0625000,0.1225000,0.1225000,0.2125000,0.2125000,0.2925000,0.2925000,0.4025000,0.4025000,0.5225000,0.5225000,0.6525000,-28.112312,-24.838169,-27.649902,-26.721941,-28.6745,-24.509306
1,0.69425,15143.205108642578,5531.32723236084,1107.9160207509995,1787.1921813488007,1107.2395681738853,1240.712189912796,482.0243698358536,1076.328867316246,561.7638102769852,935.5801342725754,1693.31019449234,464.06013947725296,681.411747276783,1700.7618017494678,318.9613045454025,428.8141857534647,251.3784110993147,287.89830070734024,137.2003504410386,132.98971834778786,104.59189718775451,59.57716266065836,114.0358551517129,93.07803947851062,135.78860614076257,97.42859429493546,455.601094648242,165.86280798912048,95.3424323797226,74.55145387351513,70.50570074375719,53.078936863690615,64.04045451804996,42.916258223354816,30.73687843605876,47.503616409376264,41.19671981036663,40.32145782187581,45.37066760379821,0.0425000,0.0925000,0.0925000,0.2025000,0.2025000,0.2625000,0.2625000,0.3825000,0.3825000,0.4925000,0.4925000,0.6225000,-28.834927,-21.936398,-27.547903,-23.753397,-28.959234,-23.812565
1,0.8355625,14486.28890991211,5074.7247676849365,1236.3130142688751,1822.9625427126884,1271.3599831461906,715.2476063966751,923.1295050382614,1162.8815659284592,412.3692878484726,618.6612235307693,1522.6389957666397,759.7788140773773,306.2584090232849,1293.5076104998589,494.6783135011792,378.7021404132247,239.79254714399576,262.3020032197237,121.81963451951742,88.8683013021946,100.82575629651546,53.48944405093789,88.12951907515526,108.86987061053514,110.94106965884566,128.5327516933903,362.2634584158659,176.80619046837091,111.2416332885623,67.88760659098625,80.07927815057337,50.80511189252138,45.61543148010969,34.8140929248184,32.31607190426439,35.890315083786845,41.8425029180944,29.106325495056808,39.78108158707619,0.0425000,0.0725000,0.0725000,0.1725000,0.1725000,0.2625000,0.2625000,0.3925000,0.3925000,0.5425000,0.5425000,0.7425000,-27.081964,-23.168646,-27.224779,-24.567289,-30.092648,-22.05788
