0,-402.1684,-36.214085,33.92614,33.035072,-9.252669,11.084344,-1.0522116,1.7959056,-4.8992553,-5.26422,-1.4585896,6.5396013,-12.247928,-5.6375756,0.57444674,0.14210655,-0.7993718,0.00736967,0.36532724,-0.05491318,0.42563644,-0.0041223727,0.5329552,-0.0061481674,0.2812955,-0.054319426,-0.15574518,0.0669705,0.026951965,0.0012592619,0.055646166,0.01856197,-0.03265526,-0.035339978,0.034891196,0.010244496,0.0047176443,0.02428084,0.01641307,-27.838490333333333,0.6821875,1522.2231655946432,2792.340467093408,0.0,2319.740807895075,0.0,0.0,0.0,0.0,0.0,2615.521285549479,851.34950034229,2623.4429184782284,0.0425000,0.1725000,0.1725000,0.2025000,0.2025000,0.2325000,0.2325000,0.2825000,0.2825000,0.3925000,0.3925000,0.5125000,-27.414734,-28.181509,-28.896057,-27.659718,-25.488686,-29.390238
0,-382.52405,-54.940907,42.70053,35.225452,-6.101693,3.3398263,-0.1496846,-7.285027,-11.718901,-0.15226273,-3.4569302,6.2355647,-11.408194,2.0226538,0.66714257,-0.60952264,-0.6605247,0.09360568,0.14361005,0.44671836,-0.9012505,0.87624997,-0.30562925,0.26361293,-0.37218556,-0.38323528,-0.20909731,0.023600696,0.1886241,-0.3076572,0.07294908,0.15474424,-0.123821475,0.092881896,-0.11732957,0.027375566,0.04529928,0.03138947,0.06526888,-27.216076833333332,0.57375,0.0,2462.911733290485,0.0,2650.3535925537553,1501.2983035432371,3094.1296525353523,0.0,2312.884559823351,0.0,0.0,969.5729867462346,2566.745316353262,0.0425000,0.0725000,0.0725000,0.1125000,0.1125000,0.2825000,0.2825000,0.3825000,0.3825000,0.5025000,0.5025000,0.5325000,-29.127045,-24.415771,-29.184452,-25.763824,-24.462107,-30.343262
0,-534.1526,87.71377,29.245619,67.9212,12.077431,-3.212553,8.9175005,17.787132,-18.200811,-3.6669848,-1.3591244,1.7073777,-4.6737833,-3.91661,-0.13315578,-0.4022836,-0.5686288,0.19452165,0.32360864,0.06371031,0.05643764,0.5579374,0.24131666,0.29843035,-0.019042468,-0.023671843,-0.06816156,-0.2258934,0.014518172,0.0066172206,-0.06339694,0.089779064,0.11922782,0.03624287,0.07198321,0.07074049,0.10106887,0.01228733,0.066951625,-25.8360825,0.76125,0.0,0.0,350.80754022036086,2247.021717881895,276.113668962706,2267.8261035193545,0.0,0.0,272.83864287245405,2375.912596515858,278.26430813277614,2452.5120029632053,0.1425000,0.2725000,0.2725000,0.3825000,0.3825000,0.4125000,0.4125000,0.4425000,0.4425000,0.5525000,0.5525000,0.7125000,-26.794079,-22.332348,-29.901388,-26.19808,-24.943981,-24.846619
0,-398.16782,-33.008842,49.291924,32.156334,4.5504227,11.202012,-11.580415,6.8172827,-6.933872,-9.263104,-1.8390774,4.7917657,-20.370598,-0.584133,-0.11384407,-0.18402073,0.05915764,0.23510072,0.005028613,-0.20822835,-0.13130821,-0.08333608,-0.38166827,-0.18596561,-0.2530426,-0.29863414,-1.0759615,-0.18769275,-0.08094821,0.031955693,0.046060484,-0.07903094,0.050149735,0.022671474,-0.0008931139,0.03439759,0.016023241,-0.011441987,0.0020875495,-29.056227666666665,0.907125,0.0,0.0,164.8919306379797,2276.2188758399575,0.0,0.0,223.11303453299348,2381.862271368332,0.0,1800.3650320705663,0.0,2183.9941804079713,0.0425000,0.0725000,0.0725000,0.2425000,0.2425000,0.2725000,0.2725000,0.3025000,0.3025000,0.3625000,0.3625000,0.4025000,-32.100086,-22.687531,-29.775778,-30.677835,-27.091543,-32.004593
0,-512.56665,29.74306,43.955074,89.85988,-11.186037,17.204105,15.018391,10.368927,-2.261432,-13.125273,0.33924478,-0.112406045,-12.175831,-3.3403282,0.6547141,0.14044634,-0.1451639,0.11641025,0.07037823,0.4381939,-0.19910297,0.5616011,0.0964538,-0.13611645,-0.12104502,-0.011959981,-0.5899401,0.119314715,-0.27996507,-0.15755829,-0.15329474,0.015528502,-0.12049562,0.0979795,0.03452593,0.09604286,0.13200739,0.093300305,0.17161912,-27.36466,0.7921875,85.00255250554089,2264.0252098369697,0.0,1425.5514145873537,0.0,2735.654578700655,255.35764071342246,2505.6542119748246,217.18399790472992,2522.751447058737,252.46463757023713,2453.293016302775,0.0425000,0.0725000,0.0725000,0.1625000,0.1625000,0.3425000,0.3425000,0.5125000,0.5125000,0.5525000,0.5525000,0.7525000,-35.996445,-24.100685,-24.861437,-23.98012,-30.363861,-24.885412
0,-537.89105,47.67464,57.820644,67.7958,-4.510565,18.563835,14.636631,17.474648,-9.840492,-11.464991,-0.89583755,-1.0109935,-2.5345724,-3.021761,0.4992016,0.12378434,-0.489709,-0.04270679,-0.045445144,-0.12910554,-0.27309278,0.5025368,-0.029132525,0.054027542,0.053679824,-0.10008952,0.045355424,-0.17240359,-0.22782151,-0.13952401,0.015022874,0.04411981,0.048786767,-0.020832486,-0.031675246,-0.024384499,0.06190785,-0.048907496,-0.012562126,-25.660408,0.8710625,0.0,410.7729540992813,331.7507746414629,2447.6894912768016,0.0,2591.2258059022197,208.08511901177016,2507.63127716623,280.9710680570542,2550.002532908636,0.0,0.0,0.0425000,0.0725000,0.0725000,0.1625000,0.1625000,0.3525000,0.3525000,0.4925000,0.4925000,0.6525000,0.6525000,0.7525000,-31.270197,-23.93005,-25.56394,-23.736206,-24.97773,-24.484325
0,-537.6945,60.940647,33.351048,70.05385,-3.5967834,13.773798,13.274712,13.348218,-14.482149,-6.091008,2.4525046,-4.0017815,-1.0335808,-2.2641037,0.6564247,0.24714133,0.202066,0.3820016,-0.14866187,0.16233288,-0.10517363,0.32764027,-0.10262709,-0.034688167,0.08986959,-0.18712476,-0.41130143,-0.04371097,-0.11615014,-0.14102085,-0.093939155,-0.041932575,0.0088370275,0.019043026,0.07097848,0.038529642,0.045285374,0.01287524,0.03768392,-25.970835666666666,0.861125,0.0,0.0,0.0,1325.143310477344,1247.7192511389699,2951.417957027781,252.53583047908512,2456.9899522593864,0.0,0.0,0.0,1499.3039541843846,0.0425000,0.0725000,0.0725000,0.1925000,0.1925000,0.3725000,0.3725000,0.5425000,0.5425000,0.7925000,0.7925000,0.8225000,-30.746592,-22.31354,-25.598177,-24.600611,-23.98984,-28.576254
0,-580.88055,65.75435,37.32681,68.014984,1.5894482,17.336483,16.210974,16.692623,-8.431844,-0.38627204,0.6809021,-0.4659477,-0.7162008,-2.8529575,0.3580512,-0.10948746,-0.45578492,-0.1736401,0.15988636,0.29379323,-0.132171,0.2652763,-0.05997896,-0.10769457,0.25011867,-0.11712812,-0.04232625,-0.20952749,-0.022791749,-0.07650667,-0.024515763,0.058325253,0.11085645,0.0010624316,-0.021995945,0.02838475,0.014703001,-0.037858576,0.057090025,-25.793075666666667,0.9085,170.08973146287917,2198.4455195834435,0.0,0.0,0.0,2772.125956578844,259.2868554930247,1927.8025727955455,0.0,0.0,0.0,0.0,0.0425000,0.0725000,0.0725000,0.1425000,0.1425000,0.3425000,0.3425000,0.4925000,0.4925000,0.6925000,0.6925000,0.7225000,-31.54657,-21.986513,-25.499762,-23.693281,-23.602192,-28.430136
0,-565.8211,42.204807,46.52969,66.542465,2.3738532,9.450096,13.065635,13.581583,-17.066294,-1.7972534,-3.2011924,-0.21548644,-1.8784082,-1.1633908,0.4763148,-0.689198,-0.78145087,0.46490166,0.5962691,-0.02666919,-0.39872977,0.21035641,0.02174915,0.33903435,0.112724684,-0.110094234,-0.18245779,-0.068042025,-0.019276707,0.016847719,-0.057062685,-0.100211315,-0.084809795,0.05850983,0.0015234073,-0.028138243,0.0053831274,0.03238588,-0.011408886,-26.081525166666665,1.03525,0.0,0.0,152.1597623427626,2241.7938231525077,0.0,0.0,224.24936121453018,2542.912161764467,240.23684136495413,2597.1598885040275,0.0,0.0,0.0525000,0.0825000,0.0825000,0.2925000,0.2925000,0.4125000,0.4125000,0.6425000,0.6425000,0.7525000,0.7525000,0.9125000,-29.594803,-22.953762,-29.853378,-21.725571,-26.544079,-25.817558
0,-573.2825,46.63804,48.48654,72.34932,-7.4980803,11.222072,11.135027,17.183538,-17.274935,-8.470939,2.6958575,-4.585259,-3.7309675,-2.5188813,0.27101576,0.38279086,0.043934476,0.21524169,-0.000448192,0.031143853,0.014397423,0.43446007,-0.107965596,0.07546005,0.1991232,-0.057962842,-0.12952168,-0.07080405,-0.026821172,-0.002052002,-0.0503761,-0.024763687,-0.026514757,0.03205551,-0.03334725,-0.016194085,0.04360757,0.03409993,0.03493033,-25.209501,1.026,0.0,0.0,0.0,0.0,0.0,2740.0549566633867,241.42888184297837,2477.9515963811696,237.355786893341,2511.756850185917,260.21856631246993,2471.779325763728,0.0425000,0.0725000,0.0725000,0.2825000,0.2825000,0.4625000,0.4625000,0.6725000,0.6725000,0.7925000,0.7925000,0.9625000,-30.062973,-22.870613,-25.87966,-22.122746,-25.203094,-25.11792
0,-579.84924,53.38175,49.441853,72.75858,2.2439694,13.721343,15.6835785,16.03281,-9.674777,-7.096951,-3.5403607,-1.9649237,-0.6270249,-2.5385008,0.40385392,-0.092923164,-0.7520675,0.1882018,0.3249465,0.24630727,0.06965133,0.25831172,-0.032842137,0.27790385,0.09018221,-0.036753252,0.041257687,-0.08563012,-0.06752636,-0.016395431,0.026651615,0.08918283,-0.0017555351,-0.0116788,0.033087753,0.06444243,0.07017131,0.025471121,-0.013002293,-25.939335333333332,0.95325,0.0,259.3254970443382,236.94679178801158,2449.035564569701,0.0,2692.9597111668973,0.0,219.90384082652477,245.37414043439506,2430.8646245122422,0.0,0.0,0.0425000,0.0725000,0.0725000,0.1825000,0.1825000,0.3425000,0.3425000,0.4925000,0.4925000,0.6525000,0.6525000,0.7925000,-31.278168,-24.027067,-28.189047,-23.107903,-24.185326,-24.848501
0,-531.4834,33.408154,53.292984,70.76774,-9.15371,19.811916,8.50924,19.304653,-9.366797,-6.683624,4.0274444,-3.2453609,-1.9841934,-0.4837978,-0.331815,0.123671986,-0.555169,0.5422342,0.49730062,-0.42639044,0.21073739,0.12593569,0.029694071,-0.054837663,0.087685056,0.050599586,-0.4679788,0.04006038,-0.06146456,-0.011673218,-0.008074848,-0.071856886,0.016057866,0.009745028,-0.03707101,-0.0407458,0.017408725,-0.006881718,-0.026519978,-25.129626333333334,0.984,0.0,0.0,99.8227740555154,2241.1293158799026,0.0,0.0,232.31570802421857,2528.232723363784,256.8828040159499,2486.255763892753,0.0,0.0,0.0725000,0.1025000,0.1025000,0.2525000,0.2525000,0.4325000,0.4325000,0.6025000,0.6025000,0.6725000,0.6725000,0.8725000,-30.755442,-22.428743,-25.469032,-21.93689,-26.61384,-23.573811
0,-518.8763,37.908466,50.112465,72.291405,-0.3623455,18.901314,8.963345,18.590157,-7.2035027,-5.686775,-0.58590454,-3.8616383,-2.85581,-2.2607913,0.34376326,-0.70482683,-0.40705362,0.48648027,0.20334639,-0.2914121,-0.037322283,0.44298112,-0.15510449,-0.0046142745,0.0640159,0.021835327,0.15130825,-0.057880823,-0.1203636,-0.07190158,0.05454817,0.034974523,-0.043045335,-0.039322544,-0.0075818645,-0.017195644,0.013132924,0.009406383,0.016345013,-26.6830665,0.89,305.15091460475446,2359.1869169739916,369.1177633899786,2499.6941387707657,0.0,2681.961584715168,0.0,0.0,262.75913499172265,2481.2588902386383,201.33371666361262,2442.0579838826907,0.0425000,0.0725000,0.0725000,0.1925000,0.1925000,0.3825000,0.3825000,0.5425000,0.5425000,0.5925000,0.5925000,0.7925000,-31.871605,-24.233601,-25.982721,-24.529282,-28.336109,-25.145081
0,-525.9972,28.375711,48.878376,76.87448,-6.8540893,21.524778,10.262064,16.833008,-6.647849,-3.5762694,-2.5280921,0.28343385,-7.089022,-2.0804136,0.64498085,0.0062324703,-0.12522158,0.17550306,-0.249466,-0.13178258,-0.12143323,0.31182507,-0.11562163,0.0030137368,0.001489012,-0.069171034,-0.13501528,-0.006507312,-0.11900192,-0.05390635,-0.07442716,-0.05683255,-0.034922853,-0.007023736,-0.012657107,-0.020546932,0.038378783,-0.020615797,0.030308602,-25.124425333333335,1.05625,0.0,0.0,390.88762666674705,2357.1795720913333,0.0,2576.6523103742193,0.0,0.0,180.42315892600888,2399.093754444995,103.28302752780041,2638.438137140343,0.0625000,0.0925000,0.0925000,0.2425000,0.2425000,0.4625000,0.4625000,0.5325000,0.5325000,0.7325000,0.7325000,0.9925000,-30.015207,-23.383152,-25.366852,-22.172537,-24.932831,-24.875973
0,-552.0024,50.484604,50.47955,72.510826,3.156208,6.742901,11.679181,13.094139,-15.305726,-8.367148,-4.9654593,-4.7660747,-7.657037,-3.5885859,0.015147588,-0.64059323,-0.4516012,0.39842075,0.022620011,-0.2390191,-0.067065276,0.38078994,-0.13591363,0.07726735,-0.03577603,0.0778074,0.2972462,-0.22285792,0.037926927,-0.15342519,0.06705667,0.119269565,-0.028186647,-0.043673057,-0.024586715,0.06276809,-0.010707946,-0.01012914,0.031556427,-25.608602833333332,0.9065,224.00362117804653,2282.9043995195925,0.0,0.0,154.87574299219355,2582.969659939487,69.64223247089757,2584.536786033005,214.61528401531658,2345.45826792968,0.0,0.0,0.0425000,0.0725000,0.0725000,0.3125000,0.3125000,0.3425000,0.3425000,0.3725000,0.3725000,0.6525000,0.6525000,0.8125000,-29.584915,-21.943913,-27.337524,-24.478943,-24.917253,-25.389069
0,-322.92825,-33.71827,46.347797,17.15621,6.475633,15.649984,-10.296108,13.258603,-9.824879,1.6682174,-1.6377391,3.3126826,-11.629085,-2.816168,-0.92727965,0.18313341,-0.57330054,0.8014887,0.34657937,-0.42781198,-0.031295247,-0.10315784,0.60688454,-0.009215264,0.053056072,0.22529285,-0.04084931,0.16770695,0.022243632,-0.08966337,-0.10630199,0.11574078,0.15323593,0.06800717,0.065933205,0.09415826,-0.0249518,-0.037647635,-0.0511576,-29.404980833333333,0.8494375,1049.603784849114,2782.5650002047705,0.0,0.0,976.2032087523055,2151.6930530836166,1463.4643961921145,1831.9360031297258,0.0,2171.019048949777,1612.721742185518,3220.8602172998076,0.2725000,0.3025000,0.3025000,0.4125000,0.4125000,0.4425000,0.4425000,0.4725000,0.4725000,0.5425000,0.5425000,0.5725000,-28.305643,-23.139904,-30.508036,-33.076092,-28.88719,-32.51302
0,-520.9697,15.61492,48.963787,78.400795,-8.948352,15.849932,12.601418,21.398098,-8.295932,-2.4016957,-3.053411,3.7460656,1.3220258,-3.1502311,0.26329315,-0.2995324,-0.6670248,0.05899803,-0.18146987,0.03997331,-0.07212739,0.39901286,0.17150478,0.17069647,0.058266927,-0.0007479779,-0.13530004,-0.1576976,-0.08779396,-0.14729358,-0.05387084,0.08494737,-0.054320417,0.052425034,0.13454738,0.066623956,0.01611424,0.036049493,0.1087336,-24.8559065,0.835375,0.0,2680.870397752985,174.99158135313675,2555.2665022955316,0.0,2634.327847763033,250.84186169925727,2319.2808587893355,302.38702464023817,2436.029936675674,0.0,0.0,0.1125000,0.3225000,0.3225000,0.4025000,0.4025000,0.6025000,0.6025000,0.6325000,0.6325000,0.7325000,0.7325000,0.7925000,-25.776052,-23.49324,-25.374538,-25.082031,-21.46809,-27.941488
0,-539.5425,31.458027,51.345303,79.425476,-21.909771,13.076518,15.651033,3.9039128,-11.433907,-24.647047,4.093578,-10.880828,-12.877678,-3.7776031,0.23725046,-0.0591765,-0.37220296,0.5007589,-0.02554239,-0.18995723,-0.2610764,-0.012242755,0.097675614,-0.23179515,-0.10069341,-0.11932195,-0.46161622,-0.100198306,-0.4793516,-0.31077293,0.050660715,-0.019383352,-0.026692687,0.01375394,0.11650678,0.13146946,0.1464346,0.10450718,0.07296554,-25.8983915,0.8199375,169.98710676147917,2285.9832517422415,323.45550116897124,2322.846193289731,0.0,2456.6130009530902,279.91117260137355,2509.0545594425826,246.016456587948,2452.0876438830505,301.90556386547115,2473.8400036745,0.0425000,0.0725000,0.0725000,0.1525000,0.1525000,0.3225000,0.3225000,0.4725000,0.4725000,0.5625000,0.5625000,0.7825000,-29.973021,-25.519974,-26.957035,-23.198408,-25.945597,-23.796314
0,-545.7613,60.843025,16.19919,86.27193,3.9569266,5.698216,11.53127,5.924575,-10.656246,-18.54908,-0.12781008,-3.4543474,-15.939864,-2.8189058,-0.21647847,-0.7559994,-0.36487928,0.48886743,0.42967433,-0.5281261,0.077960946,0.3352129,0.07057233,0.24878453,0.0783142,0.16482157,0.045177236,-0.11058147,0.0145789385,-0.04723756,-0.1673389,0.013559946,0.15707181,-0.04902135,-0.05221935,0.0540172,0.054826993,-0.010621822,-0.032381915,-25.772222833333334,0.8760625,265.78885732933503,2170.289039748269,0.0,0.0,299.09285919576257,2341.147927610846,226.0188620321339,2416.8635819944657,271.52110510336456,2295.2850731098188,0.0,0.0,0.0425000,0.0725000,0.0725000,0.2625000,0.2625000,0.2925000,0.2925000,0.4825000,0.4825000,0.6325000,0.6325000,0.8025000,-31.322363,-21.526346,-29.75358,-22.883339,-25.052523,-24.095186
0,-523.9339,38.28797,41.166435,74.67666,-3.0463123,20.35921,11.527157,17.967701,-4.1836953,-3.7266276,3.4937646,-0.60351354,-0.3575234,0.29858488,0.15530856,0.01113245,-0.16329774,0.09971484,-0.0044853515,-0.111367814,-0.09414158,0.056243096,0.052145433,0.17820653,0.033609256,0.03697689,-0.64302295,0.13930258,0.29672965,0.0021728443,0.045926206,0.10029967,0.06178248,0.02128629,0.06279502,0.02342407,-0.07466101,0.06896499,-0.08438394,-24.204842,0.714,1020.6931229891518,2476.2545374708416,0.0,877.6591999374787,0.0,2638.630502576611,264.79529058513793,2422.53169923324,256.37667082049387,2463.1210977646897,0.0,1988.3514488163325,0.0525000,0.1025000,0.1025000,0.2425000,0.2425000,0.4425000,0.4425000,0.4725000,0.4725000,0.5625000,0.5625000,0.6325000,-27.222513,-22.120508,-24.407938,-25.533365,-21.369289,-24.575439
0,-562.50507,14.751781,45.917046,70.221054,-20.723442,16.580904,8.482351,6.103244,-15.912086,-17.682716,2.5703921,-10.144903,-7.6324825,-4.168058,-0.077312514,-0.079053305,-0.49979743,0.19032687,-0.16224611,-0.18701869,-0.1808017,0.0628955,0.14753951,0.102848396,-0.024321802,-0.119366094,-0.1922195,-0.0025241592,0.038551148,-0.008460378,-0.15625374,-0.051007044,-0.0020727494,0.036315843,0.047975414,-0.029074911,-0.020326901,0.032530345,0.05702946,-26.528228833333333,0.89575,25.080789253807293,2476.60729703647,267.78722756427885,2419.4649506286114,2064.6788705238714,3591.75893073026,0.0,0.0,242.18078631772488,2610.4348216736694,213.72210841277513,2577.0137190936207,0.0425000,0.0725000,0.0725000,0.1625000,0.1625000,0.3625000,0.3625000,0.5225000,0.5225000,0.6325000,0.6325000,0.8325000,-31.179314,-25.201149,-27.921307,-24.276588,-26.025414,-24.565601
0,-548.426,61.761234,14.871602,70.1666,13.338802,-1.3573008,11.218195,15.6933,-14.230154,-13.975407,-0.6406745,1.1082231,-10.768398,-1.9356996,1.1589402,0.6510529,-0.28922108,0.13569848,0.18627302,0.14830954,-0.3365474,0.0599452,0.0656433,-0.1723311,-0.023206918,-0.15828867,0.012459299,0.04487914,-0.11905478,-0.05258464,-0.047054097,-0.02831947,-0.03719425,-0.0036192578,0.03360577,-0.017809197,-0.014599506,0.015559892,-0.0075309146,-25.8615525,0.9915625,289.3108716946092,2188.043997979236,281.3278882257032,2122.5395386602972,0.0,2669.519404918013,268.19814286364345,2181.0992424933734,301.7476750525009,2332.853063877413,0.0,0.0,0.0525000,0.0825000,0.0825000,0.2425000,0.2425000,0.3925000,0.3925000,0.5525000,0.5525000,0.7125000,0.7125000,0.8725000,-29.535812,-22.168722,-29.011629,-24.190655,-25.848686,-24.413811
0,-585.59784,28.74517,46.26433,66.26547,-8.314852,16.589027,19.97757,12.936011,-15.375835,0.18840927,-8.364137,6.0440125,-2.689295,-0.9508279,0.7321141,-0.5894741,-0.29233235,0.16132379,-0.23434313,0.14075826,-0.08007318,0.0064452495,0.037203122,0.01836867,-0.07620969,0.184651,0.0005693394,0.1664093,0.047715742,0.064843945,0.08427792,-0.0031703997,0.0050795884,-0.00719652,-0.0057828003,0.014332656,-0.02664757,-0.026553107,0.012757472,-25.739528166666666,1.0153125,0.0,2593.8124581200113,233.7830293583473,2424.787940117485,0.0,2645.594067778942,250.04983706483222,2361.6027921850628,238.34049290722558,2480.9612945313147,0.0,0.0,0.0425000,0.1925000,0.1925000,0.2525000,0.2525000,0.4925000,0.4925000,0.6025000,0.6025000,0.8825000,0.8825000,0.9325000,-26.219814,-24.275217,-25.264578,-25.579668,-24.266788,-28.831104
0,-536.0589,45.22027,32.362736,87.787926,-11.023597,6.3067718,12.004589,1.3479846,-13.333307,-24.220947,1.582233,-7.85797,-14.864041,-3.855122,0.30590978,0.21294816,-0.32025737,0.3751419,-0.40046725,-0.30168885,-0.32229066,0.14755364,0.016140083,-0.26681456,0.10666733,-0.09822423,-0.36527497,-0.11613157,-0.441884,-0.22799386,-0.030908749,0.006905435,0.06375555,0.066038735,0.063567154,0.026090218,0.11029401,0.040613785,0.062941015,-26.050359333333333,0.846375,363.33631726213935,2220.7846289887693,315.140192825881,2232.8268691098037,9.877202619060085,2479.602100460561,0.0,0.0,288.93069918808897,2301.5529071352266,265.53641242442103,2502.4098205611704,0.0525000,0.0825000,0.0825000,0.2825000,0.2825000,0.3125000,0.3125000,0.4925000,0.4925000,0.6425000,0.6425000,0.8025000,-30.063263,-23.778475,-29.234762,-24.011684,-24.30406,-24.909912
0,-536.4931,76.55202,-3.0854988,66.000244,2.1804862,4.1704626,-3.3333163,5.5261297,-12.318169,-24.252554,4.812054,-5.7170568,-18.731958,-4.308502,0.15927674,0.535777,0.1891197,0.18258113,-0.11421344,0.188559,-0.19720773,-0.062863894,0.003783083,-0.27463573,0.24350698,-0.25744,-0.72749996,-0.06664807,-0.28177333,-0.31911653,0.1339979,-0.09827714,-0.034818698,-0.01922966,0.15245874,0.057391707,0.04865359,0.048580702,0.09988584,-27.089022333333332,0.838,242.48705533999433,2284.285289530896,100.07437364653177,2186.138057521894,222.62054890756752,2160.7076948660047,281.9254662507472,2089.366987818454,222.01298987365226,1891.972735665834,287.80576888037297,2400.9582321010894,0.0425000,0.0725000,0.0725000,0.2225000,0.2225000,0.2525000,0.2525000,0.2825000,0.2825000,0.6225000,0.6225000,0.8025000,-31.947851,-22.658369,-28.71871,-30.863485,-21.720366,-26.625353
0,-594.6502,53.48474,57.250793,66.90009,0.64632785,14.300532,17.734163,16.925123,-15.85697,-6.119045,-6.7059827,5.1171565,-7.1254287,0.4042609,-0.67830026,-0.14173572,-0.61874425,0.37668282,0.315891,-0.15806165,-0.01564782,0.13099453,0.25931725,-0.009945988,-0.17173769,0.026854131,-0.22758193,0.15400001,0.18780485,-0.1361763,0.100419596,0.10173276,0.059504446,0.03250245,-0.057555735,-0.08989407,-0.0084945625,-0.02160818,0.031684354,-26.244193333333335,1.066,155.8045224044179,2308.516445369802,212.81396115314044,2345.2415622440008,0.0,0.0,262.27091087115696,2408.3628095294166,229.9724042102246,2425.3829730112197,0.0,1877.0394294803452,0.0425000,0.0725000,0.0725000,0.2125000,0.2125000,0.4325000,0.4325000,0.6425000,0.6425000,0.7625000,0.7625000,0.9325000,-34.743275,-24.925228,-26.161304,-22.486618,-23.63143,-25.517305
0,-582.8759,61.21314,28.709822,86.66744,-8.31019,8.38833,9.036906,3.5818071,-9.534146,-24.110704,3.2462928,-17.13995,-2.4845755,-2.5832427,0.2924442,-0.13983436,-0.14759877,0.021566916,-0.28527167,0.033608697,-0.15254739,0.017046254,-0.13562109,-0.22863242,-0.05946963,-0.23351711,-0.67804164,-0.2569399,-0.37715703,-0.3078046,0.006976286,-0.020179447,-0.043251917,0.06075366,0.018827284,0.07450645,0.106575266,0.0073318565,0.0709723,-27.2445065,0.794,186.81684993113035,2331.89086570928,325.430432483293,2365.4379202843975,592.9541069235908,2548.3037566279418,0.0,0.0,268.97181786824774,2401.3783084782117,258.8007187478075,2442.705323524062,0.0525000,0.0825000,0.0825000,0.2225000,0.2225000,0.3525000,0.3525000,0.5025000,0.5025000,0.5925000,0.5925000,0.7525000,-29.938059,-24.537996,-30.689627,-27.505131,-27.144096,-23.65213
0,-586.0579,51.37265,56.948063,65.06629,-1.0168868,18.863882,28.056578,13.128946,-10.683566,-7.270617,-6.470286,8.615712,-6.9714046,-1.6518534,0.034603644,-0.49788028,-0.29021063,-0.09158929,-0.1116902,-0.079076014,0.25372005,0.21980096,0.29528472,0.112974904,-0.12911904,0.17246991,0.08784101,0.03555171,0.043985665,-0.0004751795,0.025259936,0.046682324,0.0008399854,-0.019006666,-0.012708178,-0.026783798,-0.013233197,0.011429713,-0.0049000015,-25.21703966666667,0.9745625,247.99075235350722,2489.7079474540064,122.14907842613725,2609.885727091451,0.0,2693.208287364939,256.62995722219813,2486.874307481786,233.12021092639154,2393.2562748048053,0.0,0.0,0.0625000,0.0925000,0.0925000,0.1225000,0.1225000,0.3425000,0.3425000,0.5425000,0.5425000,0.7825000,0.7825000,0.8625000,-27.031733,-26.966574,-25.99473,-21.869671,-23.223282,-26.216248
0,-541.37054,34.31999,30.622776,85.56101,-12.531976,11.107944,7.5367236,6.7985764,-11.891679,-20.69943,2.0639465,-10.353221,-12.025104,-2.1023598,0.4808959,0.69061923,-0.0043087634,0.11968741,-0.07001176,0.29245168,-0.13041437,-0.10983673,-0.08571431,-0.34677902,-0.13419358,-0.19979371,-0.94669783,-0.03227131,-0.36506122,-0.31424633,0.102948666,-0.019087398,-0.0044587934,-0.015485751,0.097897194,0.10752887,0.083781496,0.092492335,0.05074766,-25.5672255,0.8319375,0.0,0.0,318.07494389230925,2277.9060606510525,0.0,2937.522724134135,263.86882802929733,2478.183280949442,298.66231291342973,2315.5138875259067,240.7748985317407,2483.897840358109,0.0425000,0.0725000,0.0725000,0.2025000,0.2025000,0.4025000,0.4025000,0.5325000,0.5325000,0.6625000,0.6625000,0.7925000,-29.057915,-23.904308,-28.57119,-23.355835,-24.436787,-24.077318
0,-500.32776,26.949213,46.947124,70.85504,-10.699783,17.760386,1.8422555,24.18292,-10.963651,-5.6201434,1.2703059,-2.7007947,-3.033566,-4.6534557,1.3180087,0.20208758,-0.3663601,0.34976193,0.5415968,0.112823926,-0.20858735,0.60775495,-0.045900382,-0.057216488,0.26908207,-0.11816229,-0.61110175,0.045034196,-0.39527464,-0.309422,0.02032812,-0.073928915,0.022787884,0.06380403,0.15241764,0.111886114,0.13658623,0.12994802,0.16662489,-25.62204,0.5915,0.0,118.83671414558461,273.7840432160737,2297.649604980859,0.0,2687.4355825548423,192.63366843504994,2406.2043346786213,190.0609580476375,2617.9798769937233,0.0,0.0,0.0525000,0.0825000,0.0825000,0.1925000,0.1925000,0.3925000,0.3925000,0.4525000,0.4525000,0.4825000,0.4825000,0.5425000,-30.146637,-24.050318,-24.987719,-23.833048,-25.509562,-25.204956
0,-541.1467,37.760025,30.577158,90.425514,-9.047712,5.5250087,16.66849,3.1628742,-9.657521,-20.48158,-1.9893907,-7.7621155,-14.963219,-2.5677676,0.5550758,0.343482,-0.17005861,0.08703388,-0.23477715,0.25754997,-0.36723495,-0.179597,-0.15473221,-0.23906215,-0.007829719,-0.21571559,-0.57712996,-0.11244392,-0.34671748,-0.23599772,0.078315675,-0.03191232,-0.057393674,-0.012382467,0.14146732,0.051927827,0.044476397,0.04289477,0.061425515,-26.246011,0.889625,0.0,0.0,188.93487554283604,2279.2308649963766,0.0,2573.4621149566724,0.0,0.0,284.3613550636328,2299.00371136057,289.34621677041696,2480.4989542182393,0.0425000,0.0725000,0.0725000,0.2425000,0.2425000,0.3625000,0.3625000,0.5525000,0.5525000,0.6825000,0.6825000,0.8525000,-29.699526,-24.192656,-31.936331,-22.355906,-24.924496,-24.367151
0,-513.04834,15.663432,49.05302,63.435932,-9.187706,17.8968,9.428118,20.110636,-3.7230964,-3.2593155,2.8498566,0.010766144,-1.5441779,-2.435224,0.33518264,0.014847313,-0.53641456,0.11079435,0.3052889,0.10689048,-0.039621394,0.33285323,-0.01645423,0.13731468,-0.10958545,-0.20411637,-0.102900736,0.04573422,-0.2567563,-0.04903822,-0.018784862,0.023541,0.022636296,-0.072392695,-0.038082264,0.01893735,0.05005868,0.056799233,-0.025662158,-26.059234666666665,0.8801875,0.0,2653.886919046905,1804.5012003824102,2899.3479194759366,0.0,0.0,0.0,0.0,0.0,0.0,0.0,0.0,0.1325000,0.3125000,0.3125000,0.3525000,0.3525000,0.5425000,0.5425000,0.5825000,0.5825000,0.6125000,0.6125000,0.6925000,-27.206242,-27.621536,-24.381903,-24.970764,-25.466146,-26.708817
0,-530.7724,16.122164,54.9474,66.39489,-2.3685224,17.267666,2.8670967,22.933495,-6.045842,-3.1930366,2.775462,-2.391757,0.20671104,-3.5558062,1.2116811,0.11519562,0.15467481,0.32553294,0.027749296,0.29439038,0.2579421,0.19770628,-0.25868103,0.07612642,-0.071564324,-0.4328136,-0.5807595,-0.009211305,-0.2590881,-0.31694433,-0.06382755,-0.021661535,-0.073965594,0.0029505037,0.06380842,0.08214422,0.14519994,0.053760026,0.07405534,-25.496115833333334,0.668,0.0,0.0,426.9406038455869,2419.7898182320173,0.0,2765.561650088943,0.0,0.0,0.0,0.0,0.0,0.0,0.0425000,0.0725000,0.0725000,0.2425000,0.2425000,0.4425000,0.4425000,0.4925000,0.4925000,0.5625000,0.5625000,0.6325000,-32.260178,-22.476749,-25.224079,-24.380713,-23.939768,-24.695208
1,-345.9944,-21.140638,36.29075,29.079874,-11.981557,24.26388,-2.0557554,-3.1227582,-7.080059,3.8403635,-4.8243585,8.47045,-12.88853,-4.5311594,0.41223857,-1.0806667,-0.63700366,0.59836274,0.30202624,0.18989584,-0.16476242,0.13595614,0.11738782,0.24164517,0.157146,-0.011274267,-0.09831312,-0.21791904,-0.18329911,-0.07215128,0.10071785,0.086276524,-0.023723777,0.13871351,0.0153463995,0.035806436,0.06251516,0.05699692,0.057212226,-27.8409035,0.6705,1589.9642911682834,2880.915536689893,1343.4020873318384,3728.1801024783003,0.0,0.0,0.0,1371.4960543777272,0.0,2252.9994898413647,1151.973432544904,2563.2996545574665,0.0925000,0.1925000,0.1925000,0.2225000,0.2225000,0.2625000,0.2625000,0.3425000,0.3425000,0.4425000,0.4425000,0.5725000,-27.763729,-29.456268,-29.167953,-27.269936,-25.034668,-28.352867
1,-448.96286,-62.848103,52.448635,48.393517,-8.915516,4.5561576,2.3347955,1.8189194,-14.370341,3.153176,-4.735339,5.5595512,-8.46327,-3.4851553,1.682335,-0.5314085,0.53310716,0.09211181,-0.3963581,-0.011933834,0.10240773,0.21742864,0.008633009,0.04502053,-0.22883704,0.018051459,-0.49127197,0.06268396,-0.24942943,-0.48271105,-0.02574768,0.13824189,0.012081666,-0.022896068,0.14185858,0.19308177,-0.035796322,0.15395147,0.024309063,-27.277619666666666,0.636375,0.0,0.0,0.0,2476.346095313709,1334.5105420072741,3053.286115649006,0.0,2440.0231857018507,0.0,2458.7734034452646,0.0,2652.038866578861,0.0425000,0.0725000,0.0725000,0.1325000,0.1325000,0.2625000,0.2625000,0.3625000,0.3625000,0.4625000,0.4625000,0.6025000,-31.349314,-24.493849,-29.537233,-27.223614,-25.071081,-25.990627
1,-560.50507,54.16952,56.997272,67.640495,-3.8547332,21.84825,14.872479,14.731928,-12.285313,-3.4708283,-1.8500516,2.9017742,-3.973618,-2.7504032,0.8335111,-0.17859916,-0.40897557,0.09519676,0.03703712,-0.19650242,0.0054927426,0.54406935,-0.031362418,0.191503,0.16654044,-0.02746613,-0.21104464,-0.23339276,-0.1719615,-0.062878296,-0.10229122,-0.03102834,0.023695767,-0.010326901,-0.0056259567,0.028795129,0.05706219,0.04125777,0.1298046,-25.732992,0.8870625,202.8818212221235,2355.20643059454,0.0,0.0,0.0,0.0,230.53908252876596,2382.975704865933,269.41143922134785,2475.946436885735,0.0,0.0,0.0425000,0.0725000,0.0725000,0.1625000,0.1625000,0.3525000,0.3525000,0.5125000,0.5125000,0.7825000,0.7825000,0.8225000,-31.624399,-21.686293,-24.556992,-22.966629,-22.884562,-30.679077
1,-592.15393,40.4806,44.498302,65.99205,-2.9606607,10.774303,11.449056,9.967045,-8.706631,-9.393077,-3.176632,-1.9335988,-7.573926,-3.1607409,0.6822672,0.39651856,-0.26245376,0.026597964,-0.12232427,-0.06922581,-0.1161419,0.26782942,-0.02834645,-0.04433712,0.1938724,-0.20436563,-0.10538968,-0.07149534,-0.22976606,-0.19982885,-0.08968277,-0.047889158,-0.005419096,-0.034208175,0.019948687,-0.0043059317,0.048679337,-0.01605381,-0.017496824,-27.103656166666667,0.856625,0.0,0.0,0.0,0.0,0.0,0.0,0.0,255.09952575653278,252.32131069496836,2552.775187610189,482.46612996766135,2471.217480142482,0.0525000,0.0825000,0.0825000,0.1625000,0.1625000,0.3525000,0.3525000,0.4625000,0.4625000,0.5725000,0.5725000,0.6725000,-32.659821,-24.791939,-27.38101,-24.605013,-28.415039,-24.769115
1,-583.4271,39.276104,34.25042,72.97257,-12.830772,5.7260995,14.764807,7.3722925,-12.934786,-15.546458,-2.4078333,-4.0661693,-9.281299,-2.916594,0.31161475,0.10493216,-0.48359793,0.21529996,-0.119625844,0.024903819,-0.038486175,0.060363855,-0.036634494,0.012872872,0.06902516,-0.090865165,0.12509786,-0.16195609,-0.15109506,-0.057159737,-0.10489356,0.0066281236,0.004283582,-0.04893326,-0.046009637,-0.0035694188,-0.0130837085,-0.0010205902,0.05972268,-26.5334375,0.9154375,0.0,0.0,211.03288373482354,2323.7938828405336,1668.4119908944265,2985.8510433263878,202.13706851577163,2471.7484523869057,171.42640149266194,2448.365597681757,0.0,312.11814442899833,0.0425000,0.0725000,0.0725000,0.1525000,0.1525000,0.3425000,0.3425000,0.4925000,0.4925000,0.6525000,0.6525000,0.8325000,-31.193193,-25.938755,-27.170715,-22.505476,-24.892494,-27.499992
1,-571.58777,34.19163,49.459618,71.809074,-15.163093,10.545711,3.0629592,8.635634,-17.50158,-15.999355,-2.6726928,-6.17884,-7.636944,-3.6542456,0.67742693,-0.2944162,-0.3127783,0.28153303,0.057965294,0.08960955,-0.14476296,0.38004777,-0.18549621,0.09919909,0.06395232,-0.14030075,0.0196645,-0.029983597,-0.06393459,-0.09283087,-0.0802081,-0.024126144,-0.02711716,-0.069830135,-0.05896213,-0.0050744824,0.034317955,0.026618725,0.025662772,-26.839063666666668,0.807625,0.0,0.0,0.0,0.0,0.0,2651.962263381924,259.3545682236146,2611.1666457623573,255.8587736142093,2568.165566732163,348.5823600487443,2468.366593786271,0.0425000,0.0725000,0.0725000,0.1825000,0.1825000,0.3425000,0.3425000,0.5025000,0.5025000,0.5925000,0.5925000,0.7325000,-31.451645,-25.84832,-26.599464,-21.771736,-26.536852,-28.826365
1,-542.3365,41.77984,39.254402,84.685326,-12.013603,16.06617,7.577821,9.369344,-6.626013,-19.09228,4.0496125,-7.7606173,-2.2884102,-2.791579,0.42889196,0.08954686,-0.40930566,0.422657,-0.38070187,0.007779918,-0.2815294,0.030590296,-0.0683684,-0.10033673,0.04571901,-0.35210413,-0.25865075,-0.30870572,-0.314058,-0.14602396,-0.15234518,-0.027277036,-0.051950317,0.07811965,0.042154256,-0.040630657,0.14281085,-0.031977743,0.0073678843,-26.07434466666667,0.8299375,185.49131472195836,2329.718326430117,34.710295149418606,2288.500388714596,0.0,2660.2848616364777,0.0,0.0,0.0,0.0,256.3417094537797,2452.087137958583,0.0525000,0.0825000,0.0825000,0.1825000,0.1825000,0.3925000,0.3925000,0.5125000,0.5125000,0.6425000,0.6425000,0.7825000,-29.313864,-24.211979,-25.657755,-24.242773,-27.36146,-25.658237
1,-628.3167,35.44567,46.61787,59.123592,-4.5026603,9.697314,10.178894,10.922558,-14.597322,-8.28579,-7.8110065,0.47263595,-8.226639,-1.8187237,0.47686148,-0.35024086,-0.5459883,0.30979338,0.10319495,-0.17103009,-0.0134549085,0.2898097,-0.09264176,0.20133996,0.08255923,-0.047747273,-0.21817794,0.05326166,-0.07119728,-0.035047755,-0.050109897,-0.02862596,0.02234106,-0.05690186,-0.016660212,-0.0046132896,0.010111561,-0.034309234,-0.06781151,-26.0818175,0.99,130.77390959090317,2270.6396167143826,0.0,0.0,905.2314275145809,2697.829608587248,230.83719136109747,2352.444516757555,263.91778237853333,2505.170125178585,97.67921455382191,2435.164118086509,0.0425000,0.0725000,0.0725000,0.1825000,0.1825000,0.3625000,0.3625000,0.5225000,0.5225000,0.6525000,0.6525000,0.8425000,-31.508255,-24.574989,-25.243835,-21.33503,-25.005323,-28.823473
1,-551.75104,32.108524,25.87594,89.480736,-8.506952,8.244884,7.5602174,7.833981,-5.6371164,-17.699678,-3.175921,-6.1747136,-10.273814,-2.8497844,0.28767332,0.54515296,-0.08572196,0.063255765,-0.17974105,0.26975712,-0.24401425,-0.04553437,-0.061651893,-0.24160013,-0.150808,-0.39037266,-0.59397626,-0.0620449,-0.29418838,-0.35980645,0.043395817,-0.027457304,-0.079273194,-0.05786062,0.046845034,0.0857068,0.07897509,0.043253362,0.11374574,-25.876935166666666,0.8265625,0.0,0.0,235.65630641217695,2275.8146218926677,0.0,2732.360873840144,187.98111471291884,2470.1445911539504,0.0,1858.3597408108783,245.7736599641328,2398.216821219306,0.0425000,0.0725000,0.0725000,0.1625000,0.1625000,0.3625000,0.3625000,0.5125000,0.5125000,0.6425000,0.6425000,0.7925000,-30.725996,-24.088219,-26.594986,-22.38599,-27.72831,-23.73811
1,-575.82837,42.661194,40.23762,66.414276,-7.365536,12.903928,2.3609471,14.345673,-14.447371,-13.512235,1.6219201,0.019444743,-5.6517305,-2.0340364,0.019758493,-0.6021259,-0.9384269,0.24948052,0.23413706,-0.14118375,-0.15930697,-0.05503727,-0.11465928,0.22086799,0.21488725,-0.17497528,-0.008171205,-0.14328174,0.020605817,-0.074860655,-0.08337021,-0.036808386,0.11468022,-0.008348626,-0.028387252,0.027886443,0.0017548508,0.049840715,0.01115196,-25.9313575,0.993,271.79808413551444,2324.388450457994,413.7963480631678,2284.59077705192,0.0,0.0,196.8719581092862,2340.5539039400433,251.04123208456693,2552.325276609199,406.7063357923331,2387.439419226617,0.0425000,0.0725000,0.0725000,0.2125000,0.2125000,0.3925000,0.3925000,0.5825000,0.5825000,0.7025000,0.7025000,0.8925000,-31.196207,-23.990656,-26.740669,-22.586411,-26.707907,-24.366295
1,-587.5045,27.718328,50.967243,69.192894,-6.531604,14.803323,6.3197737,15.990721,-16.463509,-8.97743,-3.4788754,2.1816275,-5.90033,-1.5442417,0.28594875,0.56420827,0.1357906,0.31150436,-0.1779341,0.009306991,0.11709497,-0.029005386,-0.2758262,-0.113282405,0.06445788,-0.40092367,-1.081142,0.13312182,-0.2030116,-0.034336258,0.032910787,-0.07422604,-0.023176813,0.025084058,0.09425555,0.05385787,0.004628161,-0.041683804,0.0064239497,-26.288146,0.93275,0.0,0.0,333.188194789796,2318.5334525409253,1643.4545407928142,3319.454612081901,0.0,0.0,244.80627067564512,2374.260611461888,258.49605502505193,2490.981835892272,0.0625000,0.0925000,0.0925000,0.2225000,0.2225000,0.4225000,0.4225000,0.6025000,0.6025000,0.7425000,0.7425000,0.8925000,-31.255875,-24.842407,-25.901657,-23.958523,-26.817339,-24.953075
1,-583.3789,36.056774,49.271206,69.96289,-5.411908,17.658873,8.4588585,11.879098,-13.011833,-11.89223,-1.6352073,1.2788713,-7.4672527,-2.4591646,-0.04245133,-0.16625242,-0.61785954,-0.020882301,-0.071923,0.02936889,-0.1542437,0.31443837,0.09945413,-0.00011090472,-0.024932515,-0.06848207,-0.052783962,-0.19417731,0.013701779,-0.04254236,-0.024811914,0.05649211,0.073039964,-0.046625286,0.018233117,0.06955066,0.027107075,-0.016281296,0.027162515,-25.439683666666667,0.9955,374.6217737991494,2245.2498787260492,285.5296678534216,2248.37812985222,0.0,2603.906851392483,0.0,0.0,255.5578699053931,2481.993460652158,0.0,0.0,0.0425000,0.0725000,0.0725000,0.1725000,0.1725000,0.3825000,0.3825000,0.5325000,0.5325000,0.6825000,0.6825000,0.8725000,-30.554762,-22.538828,-24.557728,-24.097111,-25.416504,-25.473169
1,-581.5066,47.824623,47.09515,66.54545,-4.964266,10.723978,14.079705,9.178388,-14.406661,-13.139769,-2.1609814,0.96107054,-5.864453,-2.346801,0.3762873,-0.04202976,-0.2372123,-0.05088374,-0.116885714,-0.02808163,-0.10114974,0.23194426,-0.1522785,-0.07334663,0.07712839,-0.1619899,-0.017875986,-0.056634903,-0.12154,-0.13216732,-0.044256512,-0.009434474,0.0023810444,-0.0032611478,-0.009064808,0.02774046,0.010126006,-0.033262435,0.005664977,-25.1075375,1.038875,0.0,380.1286853428034,0.0,2445.3044231738004,217.08994948998526,2472.6952778134582,235.15880222872917,2474.2915386979753,244.40858481560787,2569.610576193628,0.0,0.0,0.0425000,0.0725000,0.0725000,0.2025000,0.2025000,0.3725000,0.3725000,0.5225000,0.5225000,0.6325000,0.6325000,0.7325000,-30.126053,-21.82736,-25.465755,-22.729916,-26.14138,-24.354761
1,-558.30176,43.13399,44.12393,76.60323,3.3435838,7.572484,12.13874,16.55132,-14.229079,0.22169635,-10.053834,-1.694262,-11.129478,-1.7196203,0.31991625,0.25727865,0.041866828,0.23878698,-0.12098579,0.13305826,-0.30849954,0.2624959,0.046192016,0.003319842,0.03797315,-0.11262911,-0.6540871,-0.021535004,-0.23877034,-0.1112574,-0.071230926,-0.045751605,-0.09588744,-0.03547472,0.0011069234,-0.0130106015,0.015203338,-0.040958986,0.020566303,-26.922359166666666,0.91225,0.0,0.0,0.0,2051.4107220366927,0.0,0.0,0.0,271.31991215854174,224.08452812797884,2461.6383580096212,383.7082235023176,2478.7375706077482,0.0725000,0.1025000,0.1025000,0.2025000,0.2025000,0.4025000,0.4025000,0.5425000,0.5425000,0.6725000,0.6725000,0.7025000,-29.888443,-24.54427,-26.965517,-23.559275,-29.913198,-26.663452
1,-532.25464,40.59608,36.945778,69.54275,-4.6934824,10.574971,3.7974226,14.319439,-16.451159,-14.857104,-0.94645053,-0.05435022,-4.72431,-2.4300008,0.06711886,-0.9872155,-0.78866214,0.41872773,0.3077954,-0.27337822,-0.238979,0.4551249,-0.079813294,0.019020617,0.08020564,-0.112583645,-0.0063225725,-0.2509343,-0.09371396,-0.146045,-0.009461101,0.059405036,0.011588397,-0.03627224,-0.04443787,0.055754855,0.062088113,0.00075200625,0.039131258,-24.504777666666666,0.77775,296.16423521557977,2296.80181663042,0.0,0.0,0.0,0.0,0.0,258.64880048046047,274.5320423149781,2424.57624105088,0.0,0.0,0.0425000,0.0725000,0.0725000,0.1525000,0.1525000,0.3125000,0.3125000,0.4225000,0.4225000,0.5125000,0.5125000,0.6525000,-29.899111,-22.171265,-24.87623,-22.028654,-23.714146,-24.33926
1,-628.16766,45.070625,50.107533,62.150017,4.376117,11.684672,11.4418745,7.390045,-7.234787,-14.548942,-5.21911,-2.539326,-9.452993,-2.3132896,0.43085608,-0.28150988,-0.34223258,-0.03740445,0.03419786,-0.056003917,-0.019288102,0.5208561,0.22347382,0.04874476,0.085722476,0.022399569,-0.03486003,-0.12852463,-0.07862176,-0.09017618,-0.059130013,-0.018378034,0.08950328,0.02161152,-0.015741223,-0.004745719,0.036487587,0.10204889,0.00892031,-26.809706833333333,0.865,281.9392717304005,2189.6929098620535,0.0,0.0,274.5042508053935,2591.3740978677324,255.7962813695316,2255.996325071475,209.17824420251736,2377.8211692345067,0.0,0.0,0.0425000,0.0725000,0.0725000,0.1725000,0.1725000,0.3525000,0.3525000,0.5225000,0.5225000,0.6225000,0.6225000,0.6825000,-31.474922,-22.076445,-25.750891,-28.167717,-28.442322,-24.945944
1,-289.3939,-25.009565,46.118023,23.727892,-0.15621099,6.9987793,-10.96162,10.818953,-9.133558,-4.252271,-2.1554296,4.1125593,-15.68504,-1.6925358,-0.5673541,0.018243378,-0.72329265,0.18050201,0.017428732,0.21372291,-0.17656302,-0.21922986,0.13113138,-0.32110542,-0.17348762,-0.25386047,-0.9313043,-0.10291886,0.17007525,-0.058796614,0.061746456,0.011068747,0.051711537,0.02394925,-0.017475216,0.11722644,-0.014779151,-0.021259388,0.012633023,-28.455461666666665,0.834125,1713.9953289960138,2847.5852336906123,0.0,2490.8814925151423,191.08009201409135,1825.4946476471396,358.04174897882933,2268.6966906722855,0.0,0.0,0.0,2142.492149092845,0.0425000,0.0725000,0.0725000,0.1025000,0.1025000,0.1325000,0.1325000,0.1625000,0.1625000,0.1925000,0.1925000,0.2225000,-30.996614,-23.315796,-31.127584,-25.216482,-30.460104,-29.61619
1,-467.60513,41.370613,17.577343,81.93477,-4.4214187,9.80256,6.682442,8.52691,-8.241289,-11.852288,-6.3452063,3.8626406,-10.937888,-2.202754,0.5569556,0.719346,0.122455284,0.7961803,-0.08787446,0.03988338,-0.06958304,0.075173125,0.063229665,-0.19195479,0.09471458,-0.2772457,-0.93555504,-0.08495645,-0.24656792,-0.19324394,0.062102072,0.09056088,-0.16711237,0.06349584,0.14055876,0.084787436,0.11673261,0.04300414,0.09690167,-25.511993,0.984,0.0,0.0,141.70335152194875,2101.0780757814173,0.0,2718.0682362584107,154.21671940374975,2277.047317339606,278.4132414124241,2264.8513485785297,306.3864508623264,2320.332560456065,0.0425000,0.0925000,0.0925000,0.3025000,0.3025000,0.4525000,0.4525000,0.6425000,0.6425000,0.7525000,0.7525000,0.9425000,-31.519093,-21.164389,-26.819601,-22.753996,-26.372637,-24.442242
1,-583.55493,44.75858,60.68052,65.97304,3.5444834,17.757122,15.409882,15.261724,-8.468935,-5.745272,-5.654737,-0.12127996,-5.0830173,-2.0716908,0.6495308,-0.00815641,0.13697861,0.38511577,-0.0722243,0.22366427,0.026643548,0.2884768,-0.12873939,0.11204262,0.098897204,-0.12288655,-0.30091804,0.04721931,-0.09000983,-0.06924954,-0.021739945,-0.054974772,-0.014734262,0.04882989,0.021166775,0.054382563,0.06315858,0.055684417,0.022902463,-26.184253166666668,1.025,271.3708691611498,2483.6399853282437,276.9198056312881,2308.6081188767284,0.0,0.0,227.8777351945197,2197.80867760022,259.08198065637526,2407.2589083509806,0.0,0.0,0.0425000,0.0825000,0.0825000,0.2025000,0.2025000,0.4425000,0.4425000,0.6125000,0.6125000,0.7425000,0.7425000,0.7725000,-30.518639,-26.072954,-27.039055,-22.729406,-24.355328,-26.390137
1,-293.98206,-20.34477,44.96218,14.3196745,-0.34587094,15.555492,-8.382048,13.491789,-12.613192,-1.9078156,-2.5641437,3.5397584,-10.997028,-1.9869274,-0.6721515,-0.066170834,-0.27887428,0.09438,-0.15585047,-0.286312,0.044495817,0.2617348,-0.07122341,0.010873197,0.06395585,-0.2359449,-0.23170315,-0.21224286,-0.12550977,-0.0020332788,0.02630139,-0.047363576,-0.04798541,0.030223558,0.04122022,-0.05642679,0.06818962,0.042777717,-0.0051101386,-28.600002166666666,0.9075,0.0,1827.1888015158918,273.7150462668113,2304.74521507693,0.0,0.0,964.2662629810533,2265.832186365043,0.0,2187.6189311091352,0.0,1614.0569839816344,0.1825000,0.4225000,0.4225000,0.5325000,0.5325000,0.5625000,0.5625000,0.5925000,0.5925000,0.6925000,0.6925000,0.7225000,-24.029594,-24.285988,-31.071695,-32.708862,-27.535084,-31.96879
1,-553.9636,54.384197,21.299778,72.04783,10.302663,9.872545,7.6072454,14.944809,-11.362336,-16.995443,0.516374,-1.5440353,-10.442891,-3.0891495,0.35873467,-0.44103143,-0.3745253,0.31648105,0.04052577,0.19967991,0.22206588,0.32184774,0.014440511,-0.028258523,0.16748084,0.16294856,-0.3420001,-0.023127602,0.3075108,0.02273111,-0.24491137,0.010075337,0.21858011,-0.1316385,0.02524922,0.06328637,-0.018677745,0.09147656,0.054852918,-25.370472499999998,0.9273125,319.1307059036752,2181.2847472357257,303.22848045728915,2191.9662101217805,0.0,1997.9063571845634,299.34492189663956,2378.341848684767,288.0104423527661,2396.0648524507424,0.0,0.0,0.0425000,0.0725000,0.0725000,0.2025000,0.2025000,0.3925000,0.3925000,0.5525000,0.5525000,0.6625000,0.6625000,0.8525000,-31.0376,-22.518009,-27.512455,-24.581734,-22.381104,-24.191933
1,-583.2235,50.1211,40.683243,72.60689,0.37908748,8.321072,12.992141,11.916173,-8.023213,-8.724617,-3.0145478,-0.40517133,-3.7406647,-3.0912976,0.5600137,0.24510029,-0.25287527,0.094364844,0.1525911,0.14434761,-0.015191554,0.38150916,-0.077701,-0.06405032,0.0467237,-0.047909133,-0.24049945,-0.11609772,-0.17893288,-0.09770842,-0.027946474,-0.054047998,-0.010231493,-0.023217231,0.023258615,-0.005463668,0.0020757178,-0.035422154,-0.020071784,-26.396049166666668,0.812125,0.0,141.9975668767247,0.0,0.0,0.0,2711.5239985754984,0.0,0.0,200.82914440013232,2477.847635474661,0.0,1460.8466384330766,0.0425000,0.0725000,0.0725000,0.1525000,0.1525000,0.3325000,0.3325000,0.4425000,0.4425000,0.5425000,0.5425000,0.6725000,-31.940191,-23.769053,-26.15583,-23.89826,-27.893299,-24.719662
1,-357.7594,-25.292822,50.704254,13.546668,8.088847,11.72548,-8.978236,12.738204,-7.853834,2.1887167,-1.8158355,4.499435,-10.394228,0.42520297,0.01043985,0.2764373,-0.40031818,-0.014131166,0.11220862,0.059540756,0.25853527,0.07246459,0.11726225,0.036149118,0.2127215,0.12279335,-0.66640395,0.11858221,-0.025625417,-0.07627863,-0.21687211,-0.028489564,0.06706423,-0.0581306,0.054475896,-0.01301242,-0.009361144,0.0013135043,-0.03124145,-27.3070135,0.992875,0.0,0.0,700.9835522567208,2219.2260949841248,823.8972565656833,2123.7882651095,759.5863137119418,2143.9170594171924,0.0,2175.452950612241,1090.5994283916284,3129.817147238827,0.2225000,0.4525000,0.4525000,0.5325000,0.5325000,0.5625000,0.5625000,0.5925000,0.5925000,0.6925000,0.6925000,0.7225000,-24.725866,-23.872253,-27.806519,-28.836954,-28.527857,-30.072632
1,-532.2791,37.05746,23.94883,82.91019,-10.948958,7.0406985,2.9151578,8.191328,-10.104027,-19.592709,6.745746,-5.5905485,-7.881148,-3.781742,0.14655119,0.077435985,-0.27440733,0.07767062,-0.30802366,0.12762089,-0.2569676,0.021957524,0.058162276,-0.26055595,0.08710785,-0.20257905,-0.55198437,-0.14611028,-0.03934313,-0.23331532,0.16827369,0.03366581,0.030815896,-0.017503828,0.05362943,0.098420896,0.06361037,0.003174846,0.08149772,-25.420370666666667,0.929,285.4627206679289,2254.782146390862,273.5312390978222,2138.320457011285,0.0,2528.6233391730825,0.0,0.0,0.0,257.84434358557,245.48530252396887,2415.8559808172513,0.0425000,0.0725000,0.0725000,0.2325000,0.2325000,0.3925000,0.3925000,0.5825000,0.5825000,0.7025000,0.7025000,0.8925000,-30.070555,-23.866091,-26.989719,-21.821472,-25.983347,-23.79104
1,-565.8015,38.213577,45.268322,73.685,-1.4839162,11.230534,13.869747,13.818625,-11.45729,-12.191739,-2.6370153,3.1546283,-6.949363,-3.0187788,0.26752225,-0.075926736,-0.3036238,0.06950577,0.0628143,0.21804424,0.0038862368,0.32815072,0.24961956,0.19718766,0.22562161,-0.049545508,0.1268566,-0.19442576,-0.094273865,-0.11356388,0.036810655,0.10753374,0.0724636,-0.0024555295,-0.055312656,0.0466619,0.0408583,0.04406578,0.07312022,-24.483446,0.905875,0.0,353.3273535109479,0.0,363.4264946708369,0.0,2499.2255869728365,267.40258784584944,2275.3794636943867,236.37518448877245,2525.971734125246,0.0,0.0,0.0425000,0.0725000,0.0725000,0.1625000,0.1625000,0.3325000,0.3325000,0.4725000,0.4725000,0.5925000,0.5925000,0.7825000,-29.975885,-22.084867,-25.97682,-21.09866,-24.88442,-22.880024
1,-316.4739,-16.770655,45.6694,20.195675,-2.0319908,12.554558,-4.316639,13.006177,-5.4292045,-3.6095064,-0.32319987,2.4300668,-13.350233,-0.18610717,-0.45534834,-0.3734971,0.11911838,-0.11283204,-0.10302592,-0.21983148,-0.3210756,0.25333673,-0.43208882,-0.16036913,0.089842975,-0.49947035,-0.30477077,-0.15077673,-0.008949299,0.098862775,0.017886827,0.027838051,0.041837912,-0.054653414,0.008029118,-0.015309455,-0.011725588,-0.052884653,0.02424857,-28.209085166666668,0.8145,1477.7441301182964,2550.739198027972,393.1436445388846,2365.790550067279,0.0,0.0,0.0,0.0,0.0,1680.6795884252026,0.0,1799.0480972896758,0.1825000,0.4025000,0.4025000,0.5225000,0.5225000,0.5525000,0.5525000,0.5825000,0.5825000,0.6725000,0.6725000,0.7025000,-25.451292,-23.108286,-29.097372,-30.289185,-28.959297,-32.349079
1,-521.093,41.79169,54.183575,66.94102,-2.1901877,15.743099,10.702126,17.57418,-10.231753,-9.399105,-2.975569,1.237173,-4.1162887,-2.783119,0.27927217,-0.5196843,-0.40336365,0.18197985,0.51206464,-0.23161986,-0.10564237,0.40927547,0.15779343,0.28139022,0.103236526,0.06512488,0.37738442,-0.27050626,-0.1621823,-0.2002969,0.090799384,0.07633605,0.018914696,0.03906441,0.066680044,0.036256082,0.011376544,0.038705174,-0.013843439,-25.9587575,0.847,0.0,333.03362388438785,378.1760124199513,2444.4720247945447,0.0,2665.992531944833,136.72773209862677,2282.588894840242,234.008209931334,2472.9836603711396,0.0,0.0,0.0425000,0.0725000,0.0725000,0.1725000,0.1725000,0.3825000,0.3825000,0.5225000,0.5225000,0.6325000,0.6325000,0.7425000,-32.208672,-23.752291,-25.55784,-23.057726,-25.351219,-25.824797
1,-327.00595,-25.757856,44.881855,20.27777,-0.7753362,14.745405,-6.215283,8.670297,-7.703849,-3.3268,-2.4759705,3.9515767,-14.130508,0.2700048,-0.21321134,-0.3102407,-0.19091384,-0.16041884,0.19381274,-0.16799726,-0.2572751,-0.16574341,-0.28370732,-0.43878838,-0.10915606,-0.37049806,-1.0624392,-0.32655725,-0.073824525,0.15690771,0.06920646,-0.059988618,0.014390884,0.059581906,-0.0019753617,0.026581237,0.069160104,-0.0041256957,0.03862761,-27.6339385,0.8499375,1531.3191063893785,3053.701300599781,0.0,0.0,0.0,0.0,692.80170508697,2984.1331529750073,0.0,1730.3085708275398,0.0,0.0,0.1925000,0.4225000,0.4225000,0.5225000,0.5225000,0.5525000,0.5525000,0.5825000,0.5825000,0.6725000,0.6725000,0.7025000,-25.033367,-23.229004,-31.034342,-28.783407,-27.616781,-30.10673
1,-561.7151,48.716316,42.932575,71.978836,-1.3603584,14.458044,5.0265937,19.521746,-8.065339,-12.5591,-0.65726066,4.4806843,-2.101777,-1.3984053,0.4622582,0.09600523,-0.0950362,0.0854528,-0.054087993,0.10142951,-0.11499627,0.41271067,0.06374761,-0.15911536,0.02803076,0.028379953,-0.23171532,0.10071377,0.01622478,0.020426435,0.014623322,-0.014428641,-0.021381678,0.010452824,0.0077979164,-0.0064387885,-0.036148414,0.021810684,-0.01696182,-25.181143166666665,1.102875,0.0,2539.0557416404913,448.98209778193427,2206.9678413149254,0.0,2713.43782301399,0.0,0.0,225.45674923695395,2458.05847981335,0.0,0.0,0.0425000,0.0725000,0.0725000,0.3225000,0.3225000,0.5125000,0.5125000,0.7425000,0.7425000,0.8725000,0.8725000,1.0025000,-28.892675,-21.631065,-25.478615,-23.464716,-26.587975,-25.031813
1,-326.59088,-16.947262,43.275818,18.57271,6.871806,9.19278,-5.653001,12.311866,-11.295341,1.3367612,-4.8082385,3.9457867,-12.180906,-1.1195731,-0.29688007,-0.35058662,-0.12034882,0.35474712,-0.2216113,-0.1854955,-0.16445577,-0.11585465,-0.25177628,0.00539314,-0.14604554,-0.28668097,-0.98613805,-0.2661253,-0.118749276,-0.06286235,0.07909642,0.022868723,-0.032170497,-0.031470872,0.0071100523,-0.06773859,0.04436334,0.04942906,0.10565561,-27.716396666666668,0.87125,129.7830638364889,2426.863543513574,1551.6558922546842,3073.799657040389,625.3472327057397,2253.3267564433,405.4756498460722,2071.680834531204,526.8922175215315,2376.854376617361,0.0,0.0,0.0425000,0.0725000,0.0725000,0.1125000,0.1125000,0.1425000,0.1425000,0.1725000,0.1725000,0.2025000,0.2025000,0.2325000,-31.460815,-27.979156,-30.059357,-23.898062,-24.858225,-28.042765
1,-495.47098,24.372715,43.059475,78.868515,-11.392937,11.148774,11.118875,6.7313275,-8.866844,-18.797298,4.969346,-8.848306,-7.483408,-2.4514635,0.958033,0.8406072,0.033781018,0.4260339,-0.21409477,0.116781294,-0.22216994,-0.2887038,-0.042204574,-0.32876566,-0.0045073777,-0.37295014,-1.202436,0.08880421,-0.38223127,-0.28143477,0.11190835,-0.16467898,-0.10844349,-0.048427984,0.0323601,0.03025338,0.024767088,0.07031936,-0.0321743,-26.238388,0.7680625,256.8231990908863,2294.9038716667496,0.0,0.0,2325.6327287292806,3604.8492549171415,153.91416662933037,2509.1092287525485,269.399157669255,2444.764354983019,254.9450565947352,2497.080546586623,0.0625000,0.0925000,0.0925000,0.1725000,0.1725000,0.3625000,0.3625000,0.4925000,0.4925000,0.6025000,0.6025000,0.7325000,-32.276669,-26.318356,-26.140181,-23.553368,-25.530596,-23.611158
