0,-287.36288,-16.857422,32.019314,-6.2872963,-20.052309,33.78982,-17.937162,21.899504,-9.290246,8.082762,-6.123302,3.399734,-4.2192645,2.4939408,-0.044161964,0.4043186,-0.6347414,-0.82476145,0.39140788,-0.32738227,-0.0030253401,0.46668652,-0.3548304,0.020902744,0.55974025,-0.1472595,-1.1279725,-0.010463341,0.22396265,0.3080551,0.21634246,0.051424146,0.010399947,0.07630494,-0.065419555,-0.07061269,-0.1751887,-0.039388105,0.13058153
0,-262.7377,-14.004644,33.033142,3.3013475,-21.916632,32.169304,-17.001696,17.350986,-9.931317,8.651421,-3.1020367,3.2594635,-2.80116,2.6503708,0.68725014,0.7975343,-1.138814,-0.45076075,0.36986467,-0.7899364,-0.43492812,0.11823319,-0.24451749,0.033458896,0.65644,-0.08696149,-1.4237704,-0.16572432,0.24426077,0.36360896,0.34309357,0.11743773,0.020599749,0.11003824,-0.19583482,-0.119057305,-0.09468724,-0.15499964,0.2186289
0,-460.50995,-4.229351,27.989807,-8.820313,-5.0554814,19.675308,-10.691749,10.488638,0.9966476,0.69738317,-6.7166624,4.0647087,-0.800168,0.75282705,0.22589627,0.51425,0.49729344,0.31690702,-0.044933517,-0.2608706,0.16390617,-0.06657047,0.4043904,0.43222407,-0.022658747,0.012425537,-0.35607433,0.0047799707,0.11156935,0.012213437,-0.04800248,-0.026129764,-0.06552744,-0.037376925,0.019348606,-0.04224452,-0.029969709,0.012342971,0.012578692
0,-449.99503,14.702502,26.708635,-13.085025,-6.2977405,14.3669615,-3.7820427,9.900083,1.1504812,7.1614814,-11.393459,2.42939,2.1249375,-0.48002955,0.2971867,0.41736543,0.43542296,0.14248808,0.2409255,-0.25540683,0.009213023,0.11570137,-0.013281485,0.253918,-0.09788485,0.06536679,-0.058324292,0.0032490166,0.018897602,-0.011046902,-0.011516902,0.0033357162,-0.033053655,0.0068538296,-0.032607384,-0.057884946,0.031986248,0.036883704,0.047976416
0,-400.47864,-1.2484074,9.74699,-1.6522249,-23.813044,32.66914,-21.324846,12.5522995,-0.26639247,4.1713266,-3.2088418,-7.1587043,-3.9427576,1.6872324,-0.33051798,-0.14487825,0.45147067,-0.19965437,-0.014458838,-0.10811537,-0.056458857,0.36852977,-0.30002552,0.055396564,-0.19049399,0.07640685,-0.17595497,-0.0092222085,0.01926457,0.20110506,0.18147187,-0.003667446,0.0333745,0.0062989225,-0.019818313,-0.0015384015,0.01951549,-0.02978078,0.06199844
0,-386.11697,-1.5092409,6.3725963,1.8035328,-22.895844,24.787525,-21.356861,10.9688,2.0005143,7.9324126,0.42592764,-12.208411,-5.543773,-1.5027701,-0.012376643,-0.016597707,-0.34774455,0.20170577,-0.26670724,0.17217197,0.19552802,0.28301132,0.09407355,0.009582616,0.21069221,0.012943818,-0.554261,-0.03903643,0.115709044,0.24644062,0.15144558,0.09228216,0.013903506,0.009980701,-0.10531351,-0.010372595,0.010349326,-0.07035123,0.015225468
0,-384.16232,-5.8093143,11.172463,-2.076743,-19.097418,32.858322,-18.657814,12.345722,-2.5407746,7.129694,-4.6778817,-6.0151153,-4.7748885,0.1190647,-0.20555177,-0.22190733,-0.3623233,0.03746556,-0.3414152,0.12808082,0.10543606,0.2581814,0.14748968,0.124494195,0.140498,-0.13954361,0.07737853,0.03947252,0.04751028,-0.12383688,0.013348445,-0.069475874,0.043026272,0.048015095,0.05018977,-0.011175,-0.019758778,0.02393734,0.0024048602
0,-398.97842,-9.335071,10.598651,-2.8804939,-27.556038,27.223824,-21.8328,12.484714,1.4758246,4.885473,-2.4964764,-9.780946,-3.744977,0.029374639,0.16490608,0.088615365,-0.27072307,-0.2039157,0.01973233,-0.024262613,0.09982078,0.05169763,0.11787023,-0.019774903,0.18649253,0.13209033,-0.123951964,0.03971873,0.012537577,-0.012041404,0.007850561,0.006157926,0.0118034985,0.036829665,0.018401857,0.013464168,-0.028135313,0.010205362,-0.009145135
0,-431.5798,1.4844562,10.021842,-7.333529,-25.97635,33.326267,-21.23295,13.097994,-1.0931113,7.719845,-2.8576143,-7.5577617,-8.434562,-0.14205594,-0.11513954,-0.10345084,-0.12792312,-0.11964075,-0.1418132,-0.082077794,0.13463795,0.15191762,0.13275458,0.017383363,0.07076813,-0.017202232,-0.21234594,-0.044094414,0.021430608,0.044833202,0.08322927,0.004039786,-0.0033472618,0.018407416,0.0071893716,-0.048061363,-0.013411428,-0.00053826295,0.015584556
0,-384.0455,-5.2545834,7.0140853,-3.8325772,-24.76516,28.226324,-23.748384,17.895533,-2.4307203,9.043333,-1.8217813,-10.954452,-3.055356,0.14676173,0.008567717,-0.47767478,-0.20897764,-0.49181953,0.37057462,0.06257762,-0.33024803,-0.47216368,-0.19603017,0.13329315,-0.0023607768,-0.32103887,-0.472253,0.09405903,0.14626758,-0.039970018,-0.011764897,-0.047477346,0.01637027,-0.13032292,-0.112761386,0.054629497,-0.06297175,-0.012895914,-0.052961905
0,-425.49866,-0.3820281,9.923777,6.1326723,-25.529402,28.086735,-22.511868,14.529576,-1.3708875,5.9335,-8.1269655,-8.774531,-4.0405493,3.047948,-0.6684606,-0.7337441,-0.6965895,-0.7542091,-0.02239221,-0.4443847,-0.10714478,0.21265025,-0.13512343,-0.0080821775,-0.19054541,-0.1056255,0.1369471,-0.012042515,0.09963809,0.027023472,0.07214446,-0.14741611,0.017497683,0.007036782,0.0073575103,0.03223661,0.006124578,0.052684415,-0.0636854
0,-379.64157,-16.650045,12.581494,5.006682,-24.65844,24.187914,-16.918318,11.615419,1.5829464,4.1810317,-3.9893084,-5.823436,2.2680967,-2.2963228,0.10804423,0.25761008,0.034203924,0.06665771,0.056672383,0.06371963,0.16441624,-0.05845978,0.10289659,-0.060908742,0.07196448,0.1147014,0.0047232313,0.020330233,-0.013903407,-0.037594732,-0.045938592,0.017844874,-0.0063144676,0.007422757,0.033636168,-0.02363183,-0.051368922,-0.009529478,-0.01333469
0,-401.767,-6.9033203,11.982211,-5.241221,-24.981216,25.052565,-18.434483,12.079922,1.0834644,3.358902,-5.077318,-8.762561,-2.1435227,0.1365576,0.60055375,0.3680213,-0.062248055,-0.4190391,0.34406057,-0.14940365,-0.14382528,-0.0010751968,-0.023658909,0.22177255,-0.106751114,0.26642537,0.056322508,0.029108819,-0.020077541,0.035809115,0.06700457,-0.061154954,0.03501467,0.033236116,0.024431203,0.019696888,-0.034983847,-0.038829047,-0.037698198
0,-418.70615,11.025272,14.034413,-4.976934,-26.780462,28.229929,-19.809673,14.931667,-0.30631122,4.7900167,-4.3132205,-8.215151,-2.5386903,0.24427673,0.69909555,0.18166876,0.2403451,0.26364842,0.20494871,0.11904437,-0.030632978,0.084285714,0.09689461,0.10440435,0.16784063,0.0338085,-0.03658555,0.010520466,0.019644901,0.008088015,0.014866752,-0.04705762,-0.039969373,0.01701567,0.0073146424,-0.00385833,-0.0017144623,-0.024587117,-0.004479131
0,-455.94922,21.11049,27.66605,4.9020314,-23.720152,28.49239,-15.955499,16.470331,-4.2416234,6.450905,2.7692597,-5.8451686,0.44619244,-1.306408,0.021264138,0.5967708,0.57737786,0.11110493,0.4143516,0.10421474,-0.18317991,-0.57005745,-0.19887449,-0.32559028,-0.39342597,0.1992124,0.579242,-0.06179598,-0.08895611,-0.14477225,0.020812647,0.0194667,-0.01598405,-0.0021842488,0.09726152,0.06967237,0.08816366,0.03173323,-0.08451895
0,-433.33978,1.1625844,18.403343,0.4506627,-24.129404,32.5708,-17.939302,16.445124,3.1441162,7.483732,-2.092571,-4.6260414,-0.7273644,-0.18858087,0.6174875,0.3886588,0.30300912,0.16482519,0.14067556,-0.10973272,0.16621922,0.077355854,-0.022161726,0.016986381,0.1670604,0.2585234,0.07541955,0.11687414,-0.04585361,-0.077458195,-0.09115972,0.05488331,0.024623401,-0.0036561962,0.021518962,0.005025875,0.0062969453,-0.03404143,-0.028381547
0,-419.2343,4.956875,19.071695,0.87512743,-31.364613,31.18848,-18.351566,16.20319,-0.8204808,7.6986456,0.8770582,-10.567942,-2.6938567,-0.20348468,0.3769166,0.2210479,0.014773075,0.009458402,-0.034753792,-0.052227348,-0.0072477995,0.039382372,-0.005666805,0.13932177,0.15436856,0.013887481,0.032250166,0.038518175,0.004888436,-0.014219736,-0.073915765,-0.04225118,0.004633674,0.010536364,0.03715892,0.014834367,0.023683207,-0.0031078784,0.032225527
0,-340.68225,25.60322,26.923487,-0.21075413,-3.9449193,18.485235,-12.914551,16.449253,-7.7309856,9.754084,-3.1957736,-3.5311382,-1.4459541,-1.0826033,-0.6555482,-0.7286793,-0.5176463,-0.6944471,-0.04510446,-0.7272172,0.33881488,0.2181719,0.18415153,0.23920903,0.16454116,-0.21022633,-0.27083245,-0.2353002,-0.023730855,-0.034614302,-0.04425159,0.045805346,0.048061214,0.021605711,0.10499375,0.034634966,-0.08638455,-0.046762668,-0.09720845
0,-338.27542,22.4914,25.64354,-5.096024,-8.265221,17.481997,-14.495127,16.040295,-3.2152445,6.3539467,-4.5631747,-3.0305111,-2.6170368,0.5876697,-0.3339251,-0.8294196,-0.58582807,-0.28736052,-0.067340255,-0.17033471,0.0762901,0.08392434,0.147758,-0.33122241,-0.2613994,-0.2457855,-1.0461977,-0.08430579,0.12883918,0.091720425,0.0828963,0.10939874,0.075649336,-0.024642393,0.015761193,0.01639911,0.034747064,-0.044873174,0.06057763
0,-431.79257,3.0917442,31.352457,-16.509771,-4.4875207,20.576374,-12.604974,16.983053,-9.696263,12.2350445,-10.6409855,2.743002,-3.0834348,-0.35947117,-0.29678026,0.066860914,-0.0082233045,0.07756449,-0.02284665,0.10980363,0.14395845,0.09251091,-0.028677493,0.055444438,0.15338646,0.0557198,-0.59000814,-0.04737773,0.026968423,0.14308903,0.13675836,0.05718964,-0.033037663,-0.030241448,-0.07169197,0.0044609485,0.028857213,-0.010636239,0.07358277
0,-420.97955,18.714834,30.393295,-13.107071,-4.9487643,21.327404,-10.643383,17.829042,-13.237749,12.168086,-12.446467,4.849976,-1.4125974,-3.1831722,-0.10044148,-0.04215177,0.0631591,0.16198386,0.15639167,0.14275202,0.23447978,0.15148404,0.15108456,0.016609428,0.052611664,0.111745514,-0.42266092,-0.03828296,-0.10594938,0.21730843,-0.012640674,-0.05106644,-0.07235149,0.019734481,0.05572935,-0.030359408,0.022582885,0.04638907,0.037228767
0,-473.0083,15.698207,33.061558,-6.2603273,-7.1211424,24.021238,-12.987781,20.512743,-14.441394,14.845799,-11.541743,5.3606067,-0.730231,-0.78118384,-0.013339605,-0.08296271,0.1266651,0.24639766,-0.0069983667,0.14584434,0.06509146,0.105359346,-0.040776473,0.03648094,0.17613828,0.042171344,-0.5001396,-0.05722261,0.018832684,0.114001475,0.08358965,0.05693496,-0.014975859,0.03824036,-0.029830443,0.018471124,0.0353253,-0.024014285,0.013030566
0,-443.756,3.2680173,27.445738,-5.849052,-5.0890346,24.880985,-12.833286,19.191433,-14.434472,14.077299,-11.194108,5.8322163,-1.383938,-1.2267827,-0.27167767,-0.0757338,0.18047889,0.19905181,0.005237399,0.13857447,0.12392538,0.14929034,0.0274924,0.015285669,0.04445417,0.058195345,-0.38349023,0.014238069,0.038766153,0.024474798,-0.018105507,0.02238962,-0.019745965,-0.00094674126,-0.03905545,0.026992554,0.0024538338,-0.058119636,-0.01673744
0,-469.06308,7.057478,24.162983,-5.076892,-4.8760676,24.636946,-13.270026,16.70279,-13.494147,12.741611,-12.11158,3.249613,-2.3030112,-0.39022836,-0.01626972,-0.11067209,-0.09863103,0.030603722,-0.13097174,0.22060697,0.07972753,0.18480901,0.08733486,0.0051587108,0.19095145,0.045196977,-0.2845266,-0.13423242,-0.02821582,0.15898763,0.15936415,0.06397144,-0.015108975,0.011328069,-0.013425521,0.0058053327,0.0056765787,-0.01584273,-0.005500016
0,-425.2389,-12.411437,30.409258,-10.537552,-3.9372249,28.354668,-13.572643,17.186455,-16.35098,14.104039,-10.899691,6.192784,-3.8500166,-0.91367435,-0.19914332,-0.12299079,0.048448294,0.18513554,0.023589337,0.09877617,0.0202212,0.11626336,-0.048977643,0.09488394,0.08032311,0.0055583385,-0.3181236,-0.043121483,0.043249298,0.14295913,0.088598795,0.029118678,-0.037526578,-0.012911763,-0.042315807,0.011102807,-0.0029431565,-0.04671349,0.023609294
0,-494.2186,6.226709,27.868021,-4.029849,-6.859669,26.222338,-12.116559,18.107124,-11.335621,9.67568,-7.475546,1.4111199,-0.26327714,0.2185689,-0.18205312,0.010191681,-0.110208824,-0.0026466025,-0.05848062,0.106931984,0.10438674,0.14238642,-0.008047225,-0.020515777,0.15759714,0.03192777,-0.25172034,-0.09861009,0.04741363,0.010915076,0.053831834,0.021043109,0.011467832,-0.046752494,-0.0059321164,0.013083154,-0.02083742,-0.02168374,-0.011909511
0,-515.32263,0.72528446,28.995798,5.834439,1.2323186,27.508192,-7.8485246,19.411186,-6.3509583,13.267448,2.4943805,-1.6652485,8.898726,0.2591782,0.13198647,0.500403,0.17640898,0.11021418,0.1565882,-0.046544064,0.16161527,0.17553233,0.072153024,0.05269307,0.083258845,0.0067612184,0.10317,-0.0019312005,-0.023235204,0.005681894,0.013492246,-0.0048029954,0.024291232,-0.018543286,-0.017544916,-0.00649003,0.010793841,-0.0026232805,0.0057327407
0,-428.38995,-0.6536174,21.494047,0.16094735,-4.7406526,24.455307,-7.756564,18.202318,-2.2312818,10.022821,4.163345,-4.1577077,11.611413,-0.1425814,0.15713525,-0.05986154,0.03833892,0.002770691,0.03544368,0.105687104,-0.021982139,0.050109185,0.0024253642,-0.0149876475,0.038234062,0.036850255,-0.07313107,0.038957782,-0.041692454,0.02178335,0.007866312,-0.0043148394,0.0055482546,0.0075944704,-0.003670621,0.0055391234,0.0053914427,0.0033245608,0.010819913
0,-548.42206,14.204203,31.077232,5.983664,1.5016669,20.787977,-9.929022,19.943287,-2.4035885,11.3315,-2.753479,1.6958205,6.9404573,0.3037583,0.7485019,0.3851954,-0.02388448,0.004649449,3.347675e-05,-0.026255822,0.13568303,0.054802913,0.040444646,-0.012831491,0.057353806,-0.04985718,0.16962871,0.059132896,-0.034624446,-0.051646233,0.00022873476,0.022811152,0.012458818,-0.019911185,-0.0030907951,0.017963335,-0.012842136,-0.019390158,-0.020434009
0,-549.03253,-4.32931,26.111334,5.5424485,-0.97372717,19.713964,-14.133805,20.016228,-4.0505853,11.346132,-0.3539333,-3.470467,8.87524,0.4291841,1.0241278,0.34378305,0.2601444,-0.045928426,0.05142946,-0.025595896,0.010944811,-0.017766094,0.016636401,0.0037104427,0.04073477,0.072661914,-0.106672406,0.02577755,-0.012020959,-0.013142299,0.010017064,-0.02628201,-0.018985618,-0.0017889204,-0.002695173,0.01505493,-0.0026567937,0.028911233,0.02225723
0,-476.3769,5.5454593,17.894371,9.016009,-0.58913636,21.08397,-8.374425,19.562548,-2.057695,13.525399,-1.3186238,-3.3164892,12.4219675,0.08650026,0.16169342,0.2224772,0.1423371,0.26723215,0.16678943,0.1830943,0.12406013,0.06571482,0.079155125,0.014272517,0.037570056,-0.045782164,-0.054802425,-0.028629255,-0.043503813,-0.0060114986,-0.018513896,-0.028047934,0.015378664,0.013616865,0.012213133,0.028359221,0.017585237,0.0037154933,0.0017806405
0,-476.7325,-6.812221,13.1226015,1.8005047,-4.480214,23.080656,-14.502714,16.274393,-6.5066285,8.1115465,-1.3773786,-2.2812612,9.888736,0.17110075,0.16594297,0.3539711,0.23540163,0.28194642,0.20411648,0.09076056,0.06805422,-0.021188451,0.015277462,0.0036587894,-0.047605064,-0.057554953,-0.063755095,0.057624288,-0.0021177358,-0.037463304,-0.0019964164,-0.022329751,0.0079181595,-0.03098546,0.012208891,0.026165137,-0.002227375,-0.03446725,-0.011046552
0,-439.22583,-12.603687,18.139376,6.399798,-2.4485853,22.376638,-17.83622,21.248648,-6.3595085,11.318279,-0.7531097,0.24473591,10.8283415,0.2901822,0.30586988,0.34069565,0.2952386,0.21060468,0.19982378,0.06376304,0.09743545,-0.0056162365,0.026738495,-0.054683767,-0.044706464,-0.0063596694,-0.019983687,0.013997893,-0.032776468,-0.0012686506,0.008697054,-0.017492332,0.014145775,-0.022769338,0.004942361,0.02403122,-0.0004154883,-0.0061353836,-0.022014514
0,-597.5511,6.2570715,14.727611,6.980965,-1.8156658,17.661867,-10.575427,12.966353,-1.7666869,9.690398,-1.232002,-3.1763973,8.940392,1.1696959,0.8314232,0.15446928,-0.09878258,0.03576154,0.10677559,-0.087290466,0.01374712,-0.04852885,0.009242412,-0.010582218,-0.04158621,-0.0035928749,0.013530363,-0.07635467,0.036307607,0.014096295,0.006589731,0.001310747,-0.00077289407,0.015414644,0.01724543,-0.012992907,-0.008001133,0.015624557,-0.008571211
0,-430.4095,-11.57938,14.806914,-1.0801257,-2.9142375,15.714185,-14.8383665,21.54513,-5.698108,10.439494,-1.4298067,-0.27681318,8.753047,-0.5770094,-0.47525096,0.15935683,0.2619193,0.17988655,0.12451889,-0.04751522,0.19541177,0.045865253,0.09284941,-0.102846086,0.12202891,0.03590389,0.14174601,0.07725338,0.004759064,0.006799011,-0.020185336,-0.037582234,0.040572796,-0.030922728,0.0064583546,-0.023088964,0.024988312,-0.017406302,-0.02921792
0,-469.34686,1.1741956,16.68989,16.744122,-2.4218137,15.454123,-7.455668,15.736345,-5.98685,8.844548,2.063277,-0.5762494,8.615488,-0.34186652,0.21203426,0.24593347,0.12741335,0.04959496,-0.00017799379,-0.041788153,0.16853549,0.17071977,0.092130475,0.07420541,0.14482912,-0.0501139,0.15727359,-0.03344153,-0.0050988295,-0.015850883,0.0047381017,0.035825662,0.018577553,-0.0146496855,-0.018972293,0.0019126072,-0.016467124,-0.022681713,-0.0041199126
0,-425.07507,-21.038754,22.34298,3.011356,4.774714,21.069088,-12.924144,24.401016,-5.3648014,12.231615,-1.0820426,0.9718209,9.148967,-0.052008383,0.23285247,0.03478898,0.116950765,0.059608366,0.0035779153,0.13928074,0.02830653,0.13222629,0.07438302,0.018158019,0.042054333,0.029807273,-0.04469305,0.022166742,-0.014013822,-0.0016521779,0.0047571026,-0.010546173,-0.0037392331,-0.00988684,-0.02479431,0.012015704,0.003347123,-0.012773859,-0.0011858679
0,-442.11002,-6.0592303,5.8040295,4.301861,-6.952144,16.782282,-16.552591,15.506365,-6.4901013,7.358584,-4.131872,0.31588748,9.047099,0.016504684,-0.26166925,0.22520824,-0.01887949,-0.074112296,-0.0026888072,-0.35806623,0.2584724,-0.0073468206,0.11681068,0.020438323,0.1685581,0.01694286,0.26163796,-0.04067363,0.022191584,0.012696017,0.015025582,0.01695282,0.01221223,-0.015869394,-0.020308381,-0.018007541,-0.012812286,-0.017710658,0.009661666
0,-504.98212,-16.675997,20.972479,2.9797547,-0.045909647,21.313457,-19.847366,27.869505,-6.4080462,10.841873,-6.1359496,0.96597904,8.224663,0.0038061766,0.150555,0.18372996,0.21908548,0.20384732,0.118744865,0.03967056,0.12167051,-0.06742476,0.023353249,0.011067732,0.01753256,-0.010934918,-0.060597997,-0.012274194,-0.02286521,-0.010156017,0.0062422855,0.0060978555,-0.017595168,-0.009605306,0.00097015564,-0.0031645345,0.0026410636,0.011681459,-0.00041227936
0,-444.08386,-15.118833,11.890323,1.4054433,1.0209371,23.26273,-13.725723,21.9332,-2.2167256,12.437634,-4.5951076,1.8854687,9.524554,-0.614131,0.14232624,0.08676643,0.025761168,-0.07124008,-0.19844332,-0.11483316,0.012550806,0.09106003,-0.006114803,0.030006362,0.09999364,-0.036600042,0.13416241,0.000981261,-0.01783148,0.012203189,0.020543179,0.017168032,0.023007896,-0.015346245,-0.010963172,-0.019503595,0.0005541222,-0.024310427,0.00012929633
0,-467.89487,-6.271257,20.677067,5.1435275,-3.8268602,18.14904,-14.394997,20.70986,-4.5140333,7.8234825,0.26096845,-0.10966249,7.270472,0.23471016,0.088492,0.14020576,0.07752124,0.039759953,0.06298337,0.026896948,0.054214217,0.013486751,0.009956026,-0.021360785,0.035378125,-0.012869118,-0.013481341,0.045569334,-0.015621034,0.015919482,0.0035240017,0.007899989,0.035691578,-0.016508713,0.018290779,0.0028546958,0.015249182,-0.013462996,-0.006870867
0,-473.02997,-9.187387,9.650558,-0.33773717,-5.691888,19.783695,-10.922682,16.84697,-7.0313478,7.0003767,-1.3988215,-2.5264008,8.396252,-0.6574519,0.051862143,0.183974,0.016375018,-0.10142799,-0.14245845,-0.15988404,0.088514425,0.1050295,0.0168704,0.03040873,0.13377161,-0.02872399,0.1786227,-0.018920822,-0.013852134,0.003495295,0.00870893,0.0046412656,-0.009738431,-0.020049414,-0.013714149,-0.019273184,-0.0042407913,-0.016926913,-0.006280647
0,-440.3672,-5.595602,12.15667,5.9014025,-1.0749015,19.285557,-15.396794,18.541388,-5.412445,10.197214,-1.6856891,1.5492918,9.432161,0.52204454,-0.091169976,0.14233749,0.19562538,0.08453117,0.11818595,0.03479592,0.10399973,0.027751978,0.051920976,0.075537786,0.07010842,-0.028781844,-0.033556648,-0.003876521,0.004156266,-0.014237402,0.008380528,-0.033333026,-0.007835784,0.0013379037,-0.011935605,-0.0133648105,-0.014966249,-0.00822004,-0.0027977407
0,-476.46194,3.679112,16.927755,1.2087333,-8.611586,23.93955,-11.719572,15.666357,-6.4844255,10.609308,5.7673516,-3.868202,11.562734,0.25757635,0.0564112,0.2824824,0.11442935,0.1554587,0.18562396,0.07617214,0.14378564,0.06499387,0.13215661,0.01121474,0.063727915,0.0132156685,-0.048266258,0.037714265,0.00040560935,-0.010514034,-0.001263685,-0.002438062,0.017661227,-0.03384979,0.02264703,-0.0004206537,0.0040331823,0.009937684,-0.0024150896
0,-465.0613,-9.980842,17.560574,-2.0242157,-1.4071707,17.863127,-11.624727,17.967365,-3.099768,8.475808,-1.0295124,2.0517912,7.5474973,0.3600754,-0.21608546,0.13219638,0.12722622,0.054258104,0.098171614,0.010726513,0.23350105,-0.07851055,0.093554035,0.08230726,0.09402294,0.0010259635,-0.05016058,0.019944666,-0.02340994,-0.012221853,-0.02423761,-0.013061558,0.011450266,-0.0097877,0.019079791,-0.008187989,0.013625017,-0.0067299544,-0.00041367576
0,-431.66516,-15.241797,8.244903,5.4783707,-9.550894,15.084877,-18.07222,20.70686,-7.4091816,10.090722,-3.5746572,-0.50128835,9.047469,0.3168198,-0.036789235,-0.0065909866,0.08887988,-0.13567153,0.12796965,0.10100711,0.05586526,0.08493995,-0.06072931,-0.01747262,0.013921722,-0.059485137,0.01631463,-0.039061733,-0.0142452875,0.02104233,-0.0050683385,-0.0022447412,-0.0006635723,0.024154987,-0.0062771356,-0.023223191,-0.007684593,0.024725417,0.0009224027
0,-422.65393,-14.268879,13.056655,-0.4764118,-2.2673726,20.567608,-16.921438,21.925676,-5.261931,8.825338,-4.9663343,-1.3707002,12.061519,-0.5966189,0.0022913208,0.1842629,0.015162688,-0.10799934,-0.06348229,-0.17819744,0.122844964,0.06507367,0.035795886,0.058414016,0.118692525,-0.039062873,0.1461801,-0.020117244,-0.030719291,0.0065488135,0.020002311,0.00349129,0.019368198,-0.035331164,-0.026792264,-0.020483848,-0.004884171,-0.013082598,0.015056209
0,-423.9839,-3.7817843,9.321236,3.0745382,-4.2072845,23.194582,-15.278303,13.396048,-5.819576,8.395149,-0.53004235,-1.5446168,10.761404,0.39024666,-0.2052953,0.35317686,0.13617477,0.0033805813,0.026328031,-0.10497224,0.26299512,0.008770488,0.17470227,0.014430167,0.18828566,-0.06498766,0.17644364,9.971284e-05,0.02037594,0.0070840474,0.021243285,0.015278369,0.005003708,-0.004059336,-0.042299327,-0.01239444,-0.002851174,-0.015520414,0.0025510436
0,-441.80457,-6.9667673,9.441073,9.183152,-6.622888,18.6417,-13.112225,13.418227,-2.1436255,9.1069,-1.702817,-4.929573,13.649128,-0.3040831,-0.0038635295,-0.017129548,0.0019771524,-0.046737697,-0.042290166,0.08902131,-0.057414964,-0.067150615,-0.011138535,0.008065759,0.013721943,0.04693123,-0.068661496,0.024470413,-0.006236891,-0.00867292,-0.023832014,-0.022291265,0.006732187,-0.019643629,0.009699711,-0.0060394853,0.007488646,0.0037851413,-0.0014521657
0,-438.8875,-19.245289,15.043787,11.570683,-5.3150578,20.675476,-17.28097,20.330233,-8.380989,8.165673,-0.75565004,-0.7109142,9.031835,0.35723948,0.4599053,0.22120999,0.17066918,0.18281896,0.15615855,0.13565359,0.08818851,0.0982977,0.05149548,0.06946638,0.0913505,0.1066814,-0.055495836,-0.032099947,-0.026765207,-0.005542258,-0.00043316456,-0.011471091,0.02492508,-0.024784733,0.00068592536,-0.013480219,-0.028308235,-0.0073410016,0.016808989
0,-441.90472,-5.3620176,13.704147,5.7058268,-1.2047199,25.826025,-12.86284,19.960285,-5.1919374,12.755831,-0.24515626,-5.328351,12.130064,0.050806947,0.13443412,0.18304987,0.18990049,0.13145156,0.09512049,0.17299165,0.08885945,0.07328849,0.022740692,0.11078408,0.056429803,-0.0040642475,-0.025122188,-0.005074046,0.005161657,-0.014453802,-0.003664833,-0.0018835971,-0.003633186,-0.015466519,-0.010277626,0.006298799,0.0035832452,0.0061125592,0.011318797
0,-464.76138,-4.8714685,9.945454,-1.0957556,-6.1250196,17.585735,-12.791029,12.4725065,-6.825053,11.811994,-0.46682805,-3.8472521,8.884428,-0.43464062,-0.14603326,0.39589497,0.16310829,0.21683471,0.09384625,-0.20231943,0.074379146,-0.021359999,0.029481808,-0.23574094,0.029645832,-0.041495528,0.21815252,-0.0049019563,0.0020486102,-0.0036431001,-0.006253685,0.002201638,0.007746072,-0.023809826,0.00074524415,0.0045806305,0.0038835544,-0.0024315438,-0.006291305
0,-484.18802,-6.005955,19.766369,8.997308,-0.45675525,22.788992,-10.692675,20.733664,-6.1753182,13.016812,-0.019342782,2.2086241,6.986633,-0.29661196,0.16249649,0.21937574,0.08281453,0.052140154,-0.0028286264,-0.05197497,0.17875443,0.12650032,0.05971474,0.064900205,0.17616566,0.057277773,0.084045306,-0.056098305,-0.04252746,-0.03415758,-0.01698794,0.018768774,0.009377458,0.012273514,0.00069784373,0.0022157922,0.0011682545,-0.026208885,0.0073989667
0,-463.5351,0.22240683,20.881798,6.628425,1.2785332,24.580437,-8.092822,22.71666,-4.8472376,16.215881,-0.11173235,1.6983494,8.9602,-0.18121083,0.11490278,0.100856304,0.092495,0.04996716,0.014099694,0.005952025,0.031117598,0.12358399,0.008786683,-0.002986764,0.07443971,-0.007933027,0.0070336643,-0.023568716,-0.0016215574,0.01700441,0.027296295,0.0006935337,0.007931174,-0.019834537,-0.010755595,-0.0028414943,0.024086213,-0.016263438,0.00571417
0,-484.6387,-6.6969213,19.427286,10.590871,3.1785169,23.341202,-12.181968,23.465641,-5.2421503,12.514094,-0.52165353,-1.8849843,8.571921,0.088665016,0.07577056,0.15588586,0.07703661,0.026588755,0.069266595,0.099156,0.03810166,0.071409814,0.042710323,0.05849742,0.080528736,0.021614522,-0.04547326,-0.027523844,-0.02636424,-0.027802933,-0.004019722,0.015831098,-0.00645916,-0.0022653304,-0.014799088,-0.0075012627,-0.009066551,-0.02406778,0.00057589647
0,-441.5247,101.29086,-16.062378,7.785033,-12.4926405,29.79644,-1.2225077,12.384845,2.8582046,8.252205,13.812228,-22.076344,-0.6280855,-2.214227,-0.793153,0.1377708,-0.13184497,0.05976137,-0.20066081,0.076378495,0.09839738,0.341474,0.40950844,-0.12136797,0.06945372,0.20262344,-1.178228,-0.087886006,0.28453988,0.13707179,0.18729311,-0.015914433,0.113939874,-0.031526107,-0.013154571,-0.12153689,-0.059209593,0.17586187,0.098110445
0,-423.01782,128.30415,-22.482428,9.994848,-26.196823,26.500223,1.455543,13.8583555,-1.9843045,11.541035,7.387287,-8.528213,-4.7701926,4.1229506,0.2985497,-0.438926,-0.46924424,-0.521083,-0.1660646,0.095163666,0.09872721,-0.51406485,0.07168323,0.011142478,0.11285734,0.5381275,-1.6487085,0.2915179,0.5223344,0.06329395,0.18052144,-0.058197968,0.070701614,0.21099377,0.037608307,-0.21458234,-0.08271299,0.13895556,0.051909514
0,-401.98734,127.21119,-32.199757,-1.3265685,-19.002468,20.835192,-9.228791,10.527943,2.4967184,6.3903484,12.251863,-24.310694,-7.0559545,-3.750795,-1.19155,0.28552026,-0.032968767,0.12166728,-0.34076992,-0.032095,0.033184864,0.32382897,0.15870196,-0.026908439,0.38230214,0.30295035,-0.96871936,-0.18232398,0.35809404,0.17417914,0.057298493,0.04043282,0.034849156,0.023161117,-0.08005246,-0.004827241,0.1437067,0.22633371,0.09044059
0,-433.18042,105.700966,-22.076082,-8.048547,-11.806792,27.738804,-4.870426,25.99528,-9.03831,17.409538,0.7433308,-15.5367365,-10.399428,0.8755802,-0.367506,-0.69510466,-1.2506201,-0.32374775,0.027297588,-0.2881621,0.45987836,0.3883732,0.8664414,-0.24217899,-0.15113594,-0.024873419,-1.813288,-0.19098516,0.29800647,0.2283068,0.23211934,0.03958587,0.19542597,0.0059550474,0.11223983,-0.048909698,-0.0048152125,0.047003582,0.1363759
0,-491.52087,110.31918,-12.435983,-0.56060773,-11.213621,22.130487,10.687692,14.870167,7.282,7.2960553,6.538592,-8.468838,-17.523224,-0.4454974,-0.73955995,0.060440194,-0.10085249,-0.192739,-0.052582607,-0.05038131,-0.04575452,0.4573446,0.3884039,0.1335689,0.052592807,0.015080736,-0.61594725,-0.1926888,0.22676343,0.16534981,0.16791391,0.038665894,0.024162889,0.07635608,0.022599313,-0.050983667,-0.001343639,0.0033483934,0.070035
0,-407.02872,114.45267,-19.676525,-3.131059,-21.602768,21.953577,7.1992693,13.399336,4.79153,12.477706,8.180953,-15.916362,-1.2588906,-4.4112315,0.26604605,0.93500674,0.5078268,0.100867435,-0.68261707,0.071584396,0.29735878,0.20367503,0.23066254,0.23919293,0.5776324,0.23976582,-0.56388175,0.15362075,0.10459549,0.09481174,0.050693195,-0.0022245967,-0.045863837,-0.07952555,0.07535978,0.12109256,0.1154397,-0.059190243,-0.03425988
0,-465.86377,110.90206,-11.987594,9.043678,-10.2531395,18.173092,-5.1969647,20.385199,7.528241,9.785019,11.686618,-15.022991,-1.7005123,-2.7991138,0.40965584,1.0536164,-0.11822175,-0.10120789,-0.8523251,0.21504371,-0.027096305,0.32339922,-0.27323103,-0.19135801,0.2333825,0.029182103,-0.0584981,0.19281726,0.027675392,-0.09528501,-0.004159353,0.03764503,-0.00029139585,0.02296873,-0.005458348,0.033873145,-0.0478715,0.04508736,-0.026874337
0,-391.71075,101.38065,-23.288834,8.501387,-12.081245,25.366566,-1.7576791,11.072177,12.1420555,14.649711,4.799423,-10.983436,-3.6592262,6.4736753,-1.0970165,-0.5804222,-0.14481719,-0.13627897,-0.85440356,-0.19399971,-0.5858587,0.2231481,-0.35975823,-0.1872394,0.25094372,-0.22437741,-1.6638979,0.15737142,0.3121564,0.15927565,0.21955891,-0.08958007,-0.034271915,0.08840761,0.06664381,0.04703071,0.059409842,-0.0066744857,0.20386419
0,-508.49643,121.89514,-18.158224,-8.563996,-17.48858,19.144241,1.043397,15.322905,0.91018575,16.744617,11.767241,-14.455708,-7.799678,-4.3727055,0.24822846,0.51350915,-0.41092333,-0.6142575,-0.24507223,0.5707893,-0.27199626,-0.07109527,0.07856181,-0.055432145,0.29476008,-0.30802992,-0.49027297,-0.15767658,0.22549987,0.10907743,0.15282059,-0.0440339,-0.07747925,-0.017857302,0.034216225,-0.07496183,0.056893084,0.07090932,0.042087737
0,-512.3698,119.55086,-11.577821,-4.312947,-24.992687,23.932657,-1.1796612,13.098904,-0.90706426,14.921692,15.077921,-16.386475,-4.6394553,-5.451006,-0.3609191,0.5002641,-0.32896453,-0.040718745,-0.2287989,0.41308838,-0.18653007,0.2777787,0.060182016,-0.014707473,0.22587465,-0.2135663,-0.41212457,-0.07053077,0.21498041,0.10374797,0.097053304,-0.07572968,0.024239456,0.08855817,0.055744857,-0.052282352,-0.06547699,0.062985525,0.027228128
0,-526.4385,128.67026,-19.06589,8.005036,-19.09181,25.371473,-10.204856,18.438143,4.5262923,15.260462,14.389243,-16.319254,-0.15754183,-5.196109,-0.60879105,0.5727744,-0.060605377,0.03967777,-0.41676402,0.25794148,-0.19328454,0.23767173,0.12164051,-0.10189184,0.033930734,-0.32176298,-0.6154503,-0.28580487,0.23198101,0.20670389,0.23468922,0.015301036,0.04915436,0.025579693,0.044838797,-0.08053941,-0.08978576,0.1604378,0.077629015
0,-474.4926,119.50294,-18.669996,10.657778,-16.110626,27.314394,-0.6567167,15.068283,4.2828813,15.656099,7.7487082,-17.472725,1.841121,-4.5627418,0.5029557,1.6605629,0.20148705,-0.30012852,-0.80388105,0.37004507,-0.06961145,0.57909447,0.08640919,-0.03990669,0.6768598,0.005303394,0.47258064,0.21216527,0.0018908649,0.018608145,-0.0153257735,0.0980525,-0.043022774,-0.033310663,-0.067756124,0.042886674,0.00845558,-0.12837134,-0.05379112
0,-385.8601,125.22372,-26.11102,4.588632,-10.297754,19.297499,-7.952416,8.4943,9.2341175,8.515564,13.658011,-21.77625,-0.58733696,0.18942252,1.4306154,0.39401382,0.7549598,0.42627123,-1.0613254,-0.18044935,-0.690032,0.1871138,-0.11165604,-0.8591924,-0.23531725,-0.611363,-1.1466538,0.15379424,0.22207734,0.028438097,0.3815055,0.056782443,-0.14450224,-0.13731508,-0.1337776,0.06713795,0.28283584,0.13803835,0.1395589
0,-458.02158,134.68082,-23.648014,-3.4288223,-25.046144,19.287313,1.7227343,12.981803,6.480467,9.640231,21.624582,-17.725271,-9.447572,-7.582994,0.08542359,0.7339257,-0.0015460886,0.13924736,-0.059558503,0.5313095,0.2745044,0.11065254,-0.5077193,0.12137719,0.5226992,0.51274365,0.352404,0.15217772,0.11799158,0.16260394,0.06388955,-0.007044288,-0.039267313,0.012098651,0.009226087,-0.09672314,0.101047955,0.09690518,-0.022847213
0,-468.39062,130.909,-22.120607,-4.5527015,-22.146025,18.946718,-5.1884646,12.985894,-1.2286115,9.991073,17.6877,-19.238644,-7.466269,-7.400529,-0.6587239,0.8821686,0.26283947,0.6094511,-0.56470984,0.22030012,-0.23570319,0.12704024,0.05029906,-0.03127756,0.26349097,0.026809413,-0.10621064,-0.13775869,0.23326457,0.23565984,0.10654569,0.006702976,0.020443449,0.13732833,0.04527196,-0.11143267,-0.008282484,0.10372442,0.0932782
0,-425.05826,117.687675,-17.874693,-6.5401225,-23.183077,18.725456,-5.9769435,19.220276,-9.392103,16.395714,6.161765,-12.65471,-9.665959,-8.31286,-0.3242309,0.31926867,0.36245945,0.14744784,-0.5912154,0.17964442,-0.27588582,-0.075073466,-0.15152343,0.06272993,0.32210943,0.056854986,-0.047597773,-0.099783845,0.08834098,0.20492627,0.09417905,0.021089526,-0.06453197,0.06717019,0.0032533545,-0.043975525,0.009444036,0.023922918,0.03375148
0,-485.9574,112.87854,-23.19879,-2.7174003,-24.551836,26.051092,-0.9592334,12.022512,3.028912,10.379672,14.057373,-21.64788,-0.7124572,-7.2227683,-1.063487,0.7023445,-0.1611071,-0.022699991,-0.4762256,0.14500414,-0.297967,-0.015764015,-0.28158504,-0.048235018,0.16795175,0.0025536704,-0.61937284,-0.20208983,0.10499057,0.142026,0.08072621,-0.06728885,0.029376801,0.056847475,0.019013494,-0.14506882,-0.10347351,0.07415127,0.095976464
0,-407.54843,128.9129,-18.134375,6.8206573,-22.786737,23.101831,-19.799334,5.1922708,4.3064213,12.035849,8.395562,-18.096075,3.9291556,-3.5409555,0.741334,0.0063895336,-0.31858686,-0.542291,0.1357727,0.45853007,-0.05777037,-0.33165765,0.15761746,0.24292892,0.26110578,-0.27733096,-0.52254033,-0.21520206,0.21526434,0.03939591,0.038118817,0.0016945888,0.09802794,0.020659477,0.1004987,-0.10708097,-0.024157941,0.10430148,0.11001836
0,-443.575,118.542534,-6.418015,5.4222984,-24.619081,24.282896,-19.110296,9.685331,0.50675213,9.525695,12.909867,-14.5222025,1.8398701,-7.3275847,-1.0060366,0.9999236,0.69540703,0.6820274,-0.1418162,0.41862947,-0.06250127,0.2853377,-0.20380384,-0.3936038,0.2967862,-0.1717608,0.089432925,0.025436187,0.12559895,0.18474948,0.13793409,-0.010485059,-0.10229371,0.01748635,0.02557515,0.013725358,-0.06335971,-0.003996351,0.09633392
0,-435.30322,123.6741,-19.953186,-1.448596,-30.592106,24.892214,-3.6917987,15.047951,-2.1604295,12.169941,13.683974,-19.136877,-6.283432,-5.8380175,-0.04165736,1.549324,0.8583368,0.3853195,-0.3081505,0.20874567,0.19867612,0.40569535,-0.2709317,0.08637226,0.817367,0.22325742,0.2601899,0.4176247,0.107993975,-0.22846277,-0.212157,-0.11206011,-0.06652708,0.022464622,0.057765402,0.10352224,-0.06649571,-0.122212246,-0.09774871
0,-460.80338,113.473854,-15.969371,15.729695,-7.117651,33.488716,4.5197067,9.251886,8.290042,6.81957,9.005632,-23.839102,4.581347,-0.935385,-0.04453392,0.47886863,1.2597681,0.9315747,-0.689409,-0.28063405,-0.32838634,-0.17146958,-0.037831616,-0.481451,-0.04045417,0.54996324,-0.32184386,0.12314559,0.18395376,0.1514163,0.05391364,-0.029502833,0.21697155,-0.07118375,-0.07921611,-0.036227956,-0.02969309,0.12861305,0.06724982
0,-410.64246,120.394646,-16.74546,9.588271,-19.507198,25.948477,-15.737626,17.465801,1.8845156,15.578225,9.002209,-17.826843,0.8905598,-4.1961207,-0.26114732,0.519399,0.3827356,-0.08630747,0.19993459,-0.04859059,0.482036,0.47845492,-0.05082386,-0.16613844,-0.17530717,0.065078415,0.6588489,0.09368785,-0.06674682,-0.07705932,-0.017921422,-0.023990348,0.09421807,0.047104083,-0.032076377,0.113007925,0.00109049,-0.00903746,0.036481295
0,-423.52487,123.52311,-22.44427,5.673519,-33.802326,25.5219,-12.329317,2.0378122,0.20768432,4.220488,18.07143,-22.133093,-5.8788056,-8.781712,-1.2408137,1.5272281,-0.110518724,0.8770718,0.09177444,0.9568329,0.49611425,-0.49390215,-0.23892847,-0.7540694,1.3539573,0.2825658,0.28004333,0.053658493,0.290999,0.16545041,-0.01659392,0.058152996,-0.09066969,0.088973776,-0.055122443,-0.12198102,-0.020603769,0.117402904,0.1279227
0,-411.3411,108.438484,-7.379819,9.41673,-21.531631,32.602673,-4.576489,4.759877,2.7039168,13.189734,10.716924,-17.31847,-4.5257206,-1.2060125,0.6965166,-0.95768964,-1.0399306,-0.6261538,-0.10334203,0.58743805,0.1012533,0.52913636,0.42911926,0.2461327,-0.10006931,0.012363036,-1.059586,-0.031925324,0.15247981,0.2683505,0.104105696,-0.012595306,0.22436899,0.041594613,-0.018737894,-0.06647819,0.032225672,0.14646785,0.104475744
0,-429.62814,125.62493,-29.693228,17.427622,-31.002487,33.527794,-6.189249,9.712314,9.27837,5.3604813,10.231469,-21.269333,1.0654316,-7.680427,0.33068028,1.6688786,-0.4264761,0.43699467,-0.25856665,1.11752,0.47397193,0.055475775,0.17626846,-0.050827634,0.9187516,0.07771049,0.48463193,0.25387803,0.2833478,0.11588508,-0.03427503,-0.082250364,-0.105324134,0.07844783,-0.018974459,0.027646432,-0.04813149,-0.043317568,0.078980625
0,-427.718,130.62692,-17.231562,-1.2011334,-23.14823,24.567654,-0.052182764,17.936373,-3.1752234,15.487138,15.643065,-15.312452,-3.3384247,-3.845004,0.8141425,0.6754136,-0.31715667,-0.25193888,-0.38147774,0.40965793,-0.15537676,0.49514934,0.05804063,0.02249809,0.31910992,0.08027686,-0.8224557,-0.2551143,0.10738392,0.21902645,0.035795674,-0.057489693,0.014078911,0.09093347,0.07538911,-0.0552186,-0.009926273,0.057853784,0.010896875
0,-422.43298,130.98341,-19.918484,3.766014,-27.109385,24.61706,-6.111682,13.127783,3.3593123,14.928541,19.067493,-19.750874,0.6304125,-4.9737515,0.77545065,0.3985234,-0.37374207,-0.14046253,-0.1796575,-0.115063995,-0.23540927,0.08018478,0.22671793,0.3531228,-0.119886756,-0.12597431,-0.6159578,-0.45701095,-0.005125395,0.19063812,0.22887352,0.07859184,0.07388998,0.05821656,0.099765874,0.044341654,-0.06636467,0.09589055,0.01192654
0,-393.16946,121.88481,-11.876879,-0.74843717,-27.912249,27.485336,-5.8817506,15.6801,-1.2973148,12.347188,13.40312,-17.706223,3.6845436,-3.4419143,-0.17583099,0.41684297,-0.14717953,0.34412962,-0.6456278,0.32707724,0.34116918,0.3601593,0.5441146,-0.38635522,0.4674996,0.2431725,-1.4000522,0.35085395,0.39651936,0.081222095,0.061434217,-0.1397277,0.1730195,0.16838127,0.09481041,-0.070777096,-0.16488309,0.15322548,0.07693444
0,-483.46957,120.79799,-19.107515,1.7401137,-26.614834,30.119555,3.3921852,13.096536,0.56906533,17.131573,13.051474,-20.163109,0.047843903,-5.6633105,0.62775576,1.3738945,0.11863532,-0.24033481,-0.85400546,0.24375005,0.24122365,0.44992092,0.019358559,0.017394163,0.71898276,0.18960352,0.6909277,0.14224082,0.051693898,-0.10379434,-0.004648666,0.18795064,-0.0009727204,0.05553175,-0.085862786,-0.004435809,0.064103134,-0.04357122,-0.0012967706
0,-453.75024,120.05795,-19.333277,0.44907057,-16.357477,33.07833,14.639198,13.932518,3.4902391,9.092812,12.207915,-16.279907,0.8239251,-3.4647057,-0.65515804,0.54657376,0.38314292,0.3451063,-0.13319962,0.002694296,-0.006835354,0.110103294,0.1699187,-0.13680303,0.2649962,0.25700492,0.0070924736,0.07159105,0.07962402,0.12944087,0.09289865,0.01395551,-0.029445497,-0.026240107,-0.0386569,0.0061558587,0.040330406,0.04245529,0.0052868873
0,-476.46344,112.736786,-21.201462,10.671028,-8.413218,33.75825,-11.061206,6.2096553,18.046923,9.521365,8.831815,-21.641039,-3.2830076,-1.5359296,-0.7473841,-0.31831032,-0.2452804,0.11849315,-0.31073987,0.33897704,0.6035674,0.4887727,0.49977663,-0.27581218,-0.14350542,0.4719326,-2.2797906,-0.16977008,0.487135,0.3227385,0.36960694,-0.12607302,0.40525934,0.17424738,-0.05320311,0.095818624,0.022490196,0.16548648,0.08178643
0,-450.55984,120.309006,-19.757034,10.739764,-11.822562,32.61347,4.6818733,9.743182,10.6325,9.872006,13.575055,-21.11207,-3.1088498,4.2247934,-0.15318829,-0.99994355,-0.16587138,-0.02191752,-0.5846278,-0.299485,-0.06143657,0.27227682,0.5189711,-0.29725587,-0.6379125,0.25868586,-0.905416,0.11317285,0.31108826,0.05843,0.144931,-0.07011193,0.04534144,0.1046906,-0.0069424165,0.004232704,-0.022822829,0.10755348,0.054298844
0,-459.48456,118.37294,-17.492338,4.278312,-12.62015,29.246197,15.139228,3.365806,9.220131,9.201237,10.734414,-21.016134,1.495538,3.4147134,0.39448157,-0.47579494,-0.7934877,-0.4434781,-0.173427,-0.10455789,-0.104968145,0.07873575,0.24563015,0.13941655,0.07535631,0.21378341,-1.0987117,0.0848358,0.39740312,0.24841908,0.14640231,-0.034203302,0.019411394,0.09343444,-0.030985273,-0.08086379,-0.098008096,0.15689932,0.101558134
0,-429.54053,117.743324,-15.338512,-5.817971,-16.39809,28.041115,14.187473,7.5000486,7.88602,12.176362,16.440392,-20.843914,-3.7227657,0.17394723,-0.48327124,-0.37454188,-0.40765795,0.07554439,-0.035020888,0.18469565,-0.09438661,0.2699655,0.35141858,0.13496917,-0.30204847,-0.014983612,-0.6192916,-0.027874827,0.15779655,0.026240796,0.10887771,-0.004947016,0.0121748075,0.052955702,-0.00553149,0.037781835,-0.028780002,0.057223666,0.02007835
0,-458.82095,110.15413,-6.123357,-2.8094914,-13.845028,28.80107,12.351335,10.600561,4.840883,9.608172,16.864384,-18.701784,-2.2179084,-2.8427424,-0.8352853,0.25239867,0.2945072,0.16659166,-0.23658693,-0.009072562,-0.11215759,0.1411554,0.24136356,-0.035864975,0.28357512,0.20692436,-0.06390586,0.053434096,0.03026856,0.071762316,0.050941184,0.0027005645,0.0012597811,0.004920449,-0.022239003,0.009673866,-0.023464335,-0.0023734588,0.042194113
0,-400.6301,128.8813,-36.765545,2.8430061,-23.52087,29.896002,0.26960936,14.906759,3.774451,6.1058836,9.027009,-12.636507,-5.417753,-3.5857115,-0.45233244,0.5025271,0.14990701,0.41763043,-0.2726913,0.116973735,0.19428165,0.013416726,0.21224256,0.038444504,0.5112558,0.3563984,-0.40751946,-0.1206721,0.11749223,0.24989899,0.16009541,-0.042660728,-0.06360335,-0.031734247,0.058942355,0.0060558706,0.04124176,-0.016108546,0.0065838513
1,-288.8195,-18.233955,22.732433,-4.0793176,-20.347694,35.35286,-15.963528,18.855688,-14.373258,11.154424,-7.7013783,1.3574042,-8.728479,4.613246,-0.15979117,-0.38855487,-0.8938357,-0.7678707,0.17625903,0.015914014,-0.34312513,0.44205263,-0.23142618,0.111673236,0.2976257,-0.06936759,-0.37595186,0.07985881,0.084452726,0.013337718,0.09606424,0.054849688,-0.015374818,-0.024742883,0.052484233,-0.02560794,0.022609346,0.06953778,0.039736312
1,-235.71391,-16.770466,31.000896,-2.9557705,-21.50128,30.6981,-17.13596,14.863118,-13.212854,8.540181,-5.886733,4.6190605,-8.947893,3.2804024,0.035621677,0.1213707,-0.985038,-0.3639602,-0.07617318,-0.12708212,-0.06834883,0.55193716,-0.047843225,-0.082741305,0.4621679,-0.057026573,-1.0238658,-0.005572328,0.24603692,0.124268584,0.2729788,0.15660062,0.021960266,0.16366683,-0.1750309,-0.032281388,-0.0953937,-0.03241192,0.17314069
1,-251.64014,-20.58772,25.760586,-2.836703,-20.567066,35.027714,-15.077149,19.610273,-10.65507,11.623156,-4.392653,3.5094986,-8.715547,2.1554718,-0.5289436,-0.18797162,-0.3841386,-0.60160124,0.08062007,-0.08694882,-0.05822715,0.38895345,-0.339214,-0.08392351,0.26801336,0.06349004,-0.7392616,0.039927173,0.17642356,0.19055304,0.18053089,0.0855385,-0.009069209,0.11896906,-0.08328651,-0.05644515,0.008016999,-0.062264785,0.11294548
1,-277.6728,-15.200514,29.241304,-14.497566,-25.904783,34.077408,-15.029295,23.275417,-13.185179,12.854468,-5.8252983,3.857039,-8.185259,1.3864466,-0.5476123,0.009416954,-0.27593496,-0.7027999,0.091384955,0.15515615,0.07818966,0.34645855,-0.16062795,0.11123632,0.45213214,-0.16654514,-0.9937394,-0.022754679,0.12723106,0.3321923,0.20593214,-0.12070268,-0.017443066,0.08996906,-0.09973513,0.0896982,0.08471364,-0.08233156,0.1792387
1,-300.1279,-24.992779,28.891922,-5.4692554,-24.984137,34.28592,-18.666805,20.347862,-12.923966,10.404089,-6.4016423,4.7926884,-9.777857,3.1951127,-0.5089047,-0.21927682,-0.7128782,-0.68844754,0.14112148,-0.13481843,-0.049322456,0.1749452,-0.062661536,-0.013590087,0.3779358,-0.17879437,-0.5260348,-0.035999376,-0.0011825323,0.086350404,0.183763,-0.016996387,-0.0021882532,0.05002087,-0.02583795,-0.01873785,-0.05170651,-0.05946644,0.005300964
1,-271.7495,-26.279205,29.349812,-0.24562958,-25.689589,36.99608,-17.703545,17.468002,-12.303914,11.621406,-1.90534,4.840457,-8.424528,3.4813356,-0.25630897,0.042325743,-0.43128204,-0.8777547,0.20443207,-0.19730343,-0.16381411,0.12896048,-0.27446273,-0.08504257,0.4043046,-0.081576355,-0.5600161,-0.015163616,0.12435934,-0.013633891,0.062949106,-0.08972329,0.03055967,-0.0035627426,0.08590634,-0.04535317,-0.04787601,0.066444114,0.021336539
1,-256.8731,-27.913054,15.773266,-8.043079,-23.466822,24.14277,-11.987254,9.825391,-10.515979,7.4560375,-1.8716407,0.08906641,-4.494355,1.2102302,-0.53563523,-0.039653715,-0.39533147,-0.032458898,-0.039120294,-0.2185939,0.21258292,-0.02584392,-0.12539282,-0.038420226,0.06510924,0.27856812,-0.5219821,0.115996584,0.16633831,0.09301635,0.049584784,-0.0047566765,0.02753432,0.067461595,0.04002784,0.00870433,0.042620372,-0.0038375168,-0.03843085
1,-298.25607,-12.770029,16.47229,-3.2002547,-24.518616,27.044775,-11.043858,15.012219,-6.404329,12.157349,-0.43926355,-3.4458437,-4.63643,2.1949463,-0.17840755,-0.15364371,-0.6287348,-0.40932766,0.11505237,-0.15074454,-0.0717419,0.27792832,0.23544319,-0.045705296,0.31166306,-0.011040695,-0.5349073,-0.05084438,0.08834919,0.020341355,0.09644734,0.122916326,0.023226872,0.06591822,-0.105092525,-0.007032291,-0.060037885,-0.06030507,-0.03459518
1,-321.25436,-15.935984,31.06411,-4.8579693,-28.781967,31.94659,-13.56942,24.690914,-8.62117,13.484719,-2.328546,9.926859,-10.050785,-2.3769646,-0.030538334,-0.21179363,0.008978284,0.42170775,0.17186014,0.06417699,-0.09900464,0.030199615,0.015240275,-0.066762276,0.104337305,0.015608111,-0.62109286,0.06032444,0.06588064,0.1512426,0.19740477,0.018653506,0.01541693,0.006391298,-0.0039799255,0.044714615,-0.020799035,-0.09669581,0.04775776
1,-335.0069,-16.489775,33.670456,-4.2661676,-22.59511,34.06817,-12.030098,20.300688,-9.499507,11.467501,-5.590999,8.754725,-7.0032644,-2.5915072,0.26498032,0.07465246,-0.15117961,0.30018312,0.091254205,-0.076981276,0.08876691,0.08715305,0.20612389,0.0174661,0.17904577,-0.11726058,-0.34013605,0.08869341,-0.097282186,0.116520815,0.1475199,-0.07312801,-0.009643367,0.0028541281,-0.0482985,-0.031800844,0.06072569,-0.13887054,0.12200286
1,-285.2268,-14.833615,28.149841,-4.3656635,-15.370523,37.54523,-13.366569,19.30776,-10.746063,12.435635,-8.771148,3.1261168,-5.4179754,3.4562144,-0.25738895,-0.2756754,-0.84443927,-0.90463537,-0.09148071,-0.2224939,-0.18875839,0.331202,-0.14343181,-0.02271738,0.4404811,0.18409558,-0.87186146,-0.025070937,0.104320966,0.073565,0.09787755,0.017412744,0.04345236,-0.039754495,-0.06534871,-0.111553535,-0.10155815,0.013386454,0.078039505
1,-263.50565,-24.77851,32.52162,-5.325117,-26.323856,35.957287,-15.974871,22.849968,-14.01831,9.7892475,-6.853043,9.249382,-7.7873216,-3.7682142,-0.028302116,0.8169391,-0.35603547,0.0940629,0.18746905,-0.45431662,0.12504646,-0.16878667,0.48856866,-0.039080173,0.17145641,-0.05221971,-0.7254193,0.06616765,0.024336178,0.057118356,0.072751224,0.06404252,0.026420956,0.030579032,0.006941564,-0.013717123,0.00037131715,0.03841432,-0.014488566
1,-243.40433,-21.631964,32.91267,-2.6995082,-23.727549,30.309935,-18.559809,17.866724,-10.763001,10.395509,-5.254227,1.02107,-6.390096,3.0546741,-0.21633136,0.70553046,-1.1646088,-0.109680615,0.22299048,-0.6873553,-0.03508507,0.8117919,0.19307676,-0.07995102,0.56582874,-0.22324753,-1.0448028,-0.21202993,0.23425418,0.36875886,0.4773649,0.14825307,-0.038448628,-0.020255558,-0.16877255,-0.09070544,-0.017056951,-0.13803716,0.10107942
1,-268.05707,-21.451586,32.149845,-5.8082404,-22.53755,32.93311,-17.986034,19.69319,-13.528257,8.795039,-8.959821,4.212182,-8.441956,2.2439122,-0.27963942,0.005698817,-0.49481338,-0.17720729,0.08540703,-0.003007616,-0.020234024,0.15880868,-0.11219868,-0.03744775,0.0997132,0.072064355,-0.7803886,-0.002376142,0.0774871,0.13666657,0.13448797,0.035719313,-0.010713027,0.057556424,-0.099649526,0.045220606,0.032088257,-0.026614219,0.0897691
1,-350.64746,-0.9257549,11.904025,-23.571678,-7.103355,4.108371,-8.617346,8.72207,3.5827646,6.583557,-17.906296,-4.655177,-3.920246,-2.9630823,-0.27900463,-0.22181924,-0.19841279,0.08287343,-0.023770712,0.028743446,0.20951553,-0.08195365,0.09759022,0.016617341,0.057125118,-0.03171415,-0.20946738,0.15262373,0.07489333,0.07746834,-0.02324559,-0.0101094935,0.028479999,0.0011010277,-0.081796,-0.050140135,0.03628132,-0.0094836345,0.009444433
1,-381.85196,-4.8936043,24.83492,-12.201973,-2.295464,14.812766,-13.554099,12.516227,-0.6845814,5.9391665,-12.400313,2.7168255,2.1716912,-3.725684,-0.09649834,0.3334218,0.33944413,0.09184765,0.068920605,-0.022465404,0.0903111,-0.17713825,0.23056929,0.26131296,0.11650974,-0.05958254,-0.006889437,0.06080397,0.03546627,-0.03769226,0.00036695367,0.033151057,0.040891256,0.005455624,0.051615052,0.009829882,-0.06451452,0.007925055,0.025137179
1,-280.97333,6.135748,12.247719,-15.932042,-2.460302,6.904556,-7.8378286,7.8444495,0.9643368,-0.24890101,-17.059967,2.2930005,-0.5006894,0.81069905,-1.5954293,0.11235019,-0.461901,-0.052188396,-0.19557187,0.17493333,0.028228052,0.10755549,-0.011065823,-0.26298115,-0.004115933,-0.11037591,-0.17479734,0.06849048,-0.0670126,-0.0076618628,0.05076921,-0.048961066,0.043103177,0.0026575148,-0.0073574902,0.03401766,-0.05908484,0.0134674115,-0.045873057
1,-380.33435,19.345688,11.84094,-4.508145,-11.233831,17.26539,-13.106365,9.597878,-0.49079964,12.213768,-3.0452588,-6.57366,-5.278551,-3.6268058,0.08828321,-0.028960293,0.028370598,-0.03744765,0.10809652,0.18283561,0.010641822,-0.10752211,-0.08959134,0.12100792,0.40919718,0.14868046,0.02950493,0.032365113,0.0048616007,0.03859033,0.02395825,-0.0072773867,0.06260064,0.03219388,0.024472723,-0.019945022,-0.017741535,0.011777256,0.02684138
1,-308.39075,21.66775,13.870964,-10.441687,-8.0437975,17.386585,-9.209345,15.599698,-5.1328583,2.6624305,-7.5924687,-2.0708547,4.224455,0.69508654,-0.28355417,-0.9997096,-0.7174844,-0.5920282,-0.14412755,-0.18934295,0.2779438,0.28191376,-0.14823493,-0.3363241,0.17217037,0.11705883,-1.2991312,-0.17961258,0.17924671,0.19576433,0.1599688,0.21576193,0.09666591,-0.023698233,-0.048903674,0.0069605275,0.045177527,-0.063937165,-0.010997875
1,-446.49142,-5.003543,31.689632,-6.9061956,-5.8703294,24.191053,-14.463468,18.596684,-12.188702,8.360762,-8.185845,3.0755804,-1.7994885,0.97197396,-0.4628391,-0.030553147,0.110153966,0.08175378,0.11459002,-0.029809227,0.0572679,0.08174783,-0.092360556,-0.037258886,-0.09621413,0.04939242,-0.37517986,0.0055958615,0.046491902,0.036208592,0.03281219,0.010644056,0.015706915,0.007522622,-0.01591412,0.008569867,-0.02185967,-0.002618495,0.0029551159
1,-493.83585,8.60721,24.405472,-7.943122,-4.425404,22.067717,-8.0846405,16.011894,-10.29802,10.767856,-8.089763,1.5581771,-0.2639422,1.5082017,-0.20558804,-0.04870421,-0.26283857,-0.12485251,0.024655908,0.13774255,0.11055726,0.08760725,-0.025394859,-0.016023576,-0.029010706,0.08100077,-0.51863784,-0.079992905,0.033051196,0.09062911,0.06491816,0.09152003,-0.0128903305,-0.013094871,-0.03029412,-0.017436512,-0.006938707,-0.027326277,0.023833517
1,-499.97055,3.2115602,30.928596,-7.490613,-7.348843,25.777967,-14.450424,20.892366,-12.548494,15.366468,-6.5595865,2.604634,0.869973,0.54036355,-0.1072276,0.013536446,0.16116637,-0.19952752,-0.015916552,-0.09603216,-0.20006712,0.14521433,0.032368403,0.23024972,-0.14756072,-0.01200316,-0.34915635,-0.0832621,0.11982709,0.07834052,0.0595699,-0.0019227447,-0.019760793,-0.014552259,-0.0027443485,0.061272185,-0.022241414,-0.02927659,-0.024073632
1,-477.20477,7.0843406,25.38741,-4.9644194,-5.9230356,23.2697,-13.670092,16.466156,-10.648246,7.9711504,-6.9719386,2.3708286,-0.40941674,-0.28010175,-0.3984073,0.010065798,0.1943092,-0.12360621,0.0034281614,-0.14621776,-0.036968235,-0.054269906,-0.08866295,0.056237675,0.06468559,0.11555829,-0.014436983,0.065799534,0.015475447,-0.012203042,-0.005683354,-0.002685469,0.030199738,-0.0020146442,0.0014646057,-0.01576113,-0.011330894,-0.023350568,-0.016739665
1,-478.18002,9.480012,29.399273,-12.592916,-4.404867,21.762426,-9.936635,18.763884,-13.812493,13.854979,-9.009818,2.385077,1.7376602,1.2025522,0.0738466,0.1833006,0.15882172,-0.1149732,0.052091785,-0.09685896,-0.084718905,0.10718025,-0.18373807,0.14742224,-0.10306963,0.11871151,-0.7288065,-0.16569018,0.109614335,0.13901329,0.09196597,0.011547475,0.010854309,0.02943365,-0.0407114,-0.060782753,0.03490359,-0.027970964,-0.01903091
1,-460.64526,12.692637,27.115128,-10.197744,-6.106621,20.88545,-10.918565,20.02269,-12.170993,11.790522,-10.642729,3.0331285,-0.94513875,1.401555,-0.27729842,-0.105276965,0.029433189,0.15154725,0.056752756,-0.030927697,0.013045104,0.067251235,-0.011486127,-0.014286754,-0.057600062,-0.018121684,-0.46387562,-0.066602305,0.09891463,0.13580118,0.09675018,0.013023937,-0.055365615,0.022834996,0.01343679,0.024728775,-0.016670315,-0.0070222043,-0.015072243
1,-482.1018,-4.2233825,40.05097,-3.4840636,-7.248442,26.26926,-18.868687,22.011974,-11.148433,11.484656,-7.0713696,3.5515985,-2.2667327,-0.76716715,-0.5360981,0.217208,0.24743815,-0.15405087,0.081061766,-0.350652,-0.2597084,0.042513557,-0.0870499,0.12454235,-0.15172724,-0.031186106,-0.15074553,0.07686954,0.03091228,0.018976556,0.06681305,-0.021629652,0.0032471567,0.004988528,-0.00716749,-0.020778053,0.01018014,-0.036287498,-0.01617749
1,-453.17038,-1.1774602,28.20491,-5.292509,-8.555343,23.821602,-15.544331,21.22614,-11.482095,11.449305,-7.851691,3.3659353,-1.9629734,0.023184743,-0.43782488,0.055402767,0.20176364,-0.110113695,0.03027899,-0.0032197353,0.049797315,0.054969802,-0.03658042,0.021883616,0.00038738703,0.13601539,0.04383889,0.07723028,0.001571749,-0.049418047,-0.0016512406,-0.01819959,-0.031296812,0.014963619,0.007044469,0.0039961003,-0.0061997566,0.03019832,-0.015948664
1,-436.89493,5.781133,26.648726,-6.166212,-7.5063252,23.441727,-15.22376,18.770037,-14.167234,12.856021,-9.780562,3.989886,-2.068649,1.3015182,-0.38682917,-0.25839558,0.17865546,0.07670215,-0.06254636,-0.038588446,0.036764216,0.040005244,-0.07913949,-0.014792304,-0.044017673,0.050274797,-0.5220058,-0.017178861,0.04595534,0.15063965,0.06508559,0.021040672,-0.052377347,-0.0008830056,-0.03759717,0.013469748,0.0043509277,-0.024235357,0.02981997
1,-472.92755,4.574948,24.843359,2.7303681,-12.355307,22.098892,-16.979303,18.537382,-11.687471,10.103482,-8.300547,-0.9466554,-0.84312904,-0.43835258,-0.46252504,0.19203942,0.5452294,-0.32970998,0.20423575,-0.11829894,0.003984046,0.31724817,-0.070320524,0.2133917,-0.16243097,0.0076637096,-0.044317394,0.10091032,0.07150849,-0.00016754998,-0.04777898,-0.025306229,-0.011396773,-0.036850415,-0.058303673,-0.019508068,-0.008007678,-0.019189367,-0.033825617
1,-452.25934,-3.6630762,30.243011,-7.389256,-6.3878365,24.557625,-14.399973,19.904295,-13.1622,14.185716,-10.918794,4.1745048,-3.1772065,-0.5564558,-0.3429083,0.06584295,0.25610512,-0.0012455402,0.04618078,-0.093119055,-0.09249341,0.12504296,0.08417706,0.14452957,0.023579247,0.00057560514,0.2869938,0.017007612,0.0128643885,-0.049799886,-0.018620674,0.012047797,0.028967014,0.010813978,0.0045458362,0.00842129,-0.002968254,0.004924936,-0.009130369
1,-462.51483,-2.286415,31.014036,-3.538003,-4.5010347,26.254827,-15.769668,19.221283,-12.063615,13.140638,-10.714412,3.5019145,-3.102339,-0.1851391,-0.29323155,0.022305535,0.13643843,0.0022983663,0.12993959,-0.035858463,-0.056066092,-0.018211357,-0.1314969,-0.00046626944,-0.077816166,0.0551554,0.01487537,0.07335031,0.037545685,0.026987392,0.04930794,0.0109904,-0.015794,0.013364157,0.01102971,-0.013549526,-0.009878273,-0.0043112864,-0.017228605
1,-463.46274,5.511286,12.379105,2.4259567,2.2359855,18.509949,-6.4749575,15.39804,-2.5768733,7.9882193,-0.35900092,-0.9698467,8.757979,-0.24588326,0.0017408646,0.13482213,-0.1182051,-0.053279348,-0.087359965,-0.15403152,0.12252974,0.075007595,0.08046897,-0.014168091,0.054718506,-0.007137458,0.13738765,0.038658477,-0.02851198,0.017003313,0.0234438,0.005835786,0.024904499,-0.027492011,-0.0040031304,-0.024768947,-0.007855128,-0.009796135,-0.009114949
1,-463.15726,0.56520146,11.105344,3.2019596,0.38463244,16.896322,-8.465936,15.111376,-3.5204668,7.7261424,-0.31457204,-0.5539754,7.958721,-0.6013916,0.05220336,0.09316208,0.0014982803,-0.096700415,-0.10009945,-0.08082558,0.10258499,0.09431948,0.019143935,0.031495564,0.13492566,-0.041104686,0.14050776,-0.016874995,-0.012991967,-0.004154374,0.003290021,0.011758198,0.00728501,-0.0056216656,-0.018192131,-0.004638274,0.0031994642,-0.017504374,-0.006375612
1,-458.19913,-1.5336041,13.096049,0.45009157,-0.46978492,17.438002,-10.344596,15.1838045,-4.999509,9.149076,-0.8367497,0.55202657,10.368228,0.037553478,-0.028838478,0.043491215,-0.00801213,0.01961357,0.03768809,0.014222831,-0.0070965993,-0.025955997,-0.06016003,-0.028115269,-0.017628275,0.020548386,-0.0065832967,-0.030847825,0.0032436051,0.0006239248,0.014971647,-0.0034647384,0.002384584,0.00046714258,-0.0019447224,0.0056840796,-0.022446139,-0.012423317,-0.0038804528
1,-454.57318,-1.5824132,14.240811,2.3497357,1.3338447,17.856726,-9.336239,16.404856,-4.041906,9.802058,-0.3837213,0.036838073,10.613482,0.0864366,-0.03837382,0.00679054,0.03199946,0.03662752,-0.018287988,-0.06466591,0.018209267,0.0011503941,0.012856788,0.012772729,0.0027569414,0.008049516,-0.016414914,-0.004099288,0.022525614,0.004206751,-0.0024845966,-0.008763868,-0.02815372,-0.018965382,-0.014917857,-0.005812088,0.0062866732,0.019466408,0.0145776365
1,-477.2757,0.8112901,12.779916,3.726108,0.18972985,17.359806,-7.553761,15.292589,-2.4898772,7.5040245,0.69522923,0.14453097,8.74285,-0.5660561,0.04635522,0.16451156,0.08337173,-0.00030795942,-0.045813836,-0.109187715,0.06687788,0.09087902,0.11879669,0.012969282,0.067505576,0.15720895,0.111558296,-0.0013089116,-0.04021519,0.0075630355,0.011423739,-0.0017285602,0.028948562,-0.014841147,0.004603831,-0.032575082,-0.0070635993,-0.0024626318,-0.009814719
1,-583.03986,8.152651,21.665932,7.666811,6.934305,25.431189,-4.640149,19.05519,1.1144322,10.631319,1.7574763,1.6312797,9.499099,-0.30271724,0.14826088,0.014795698,0.036141645,-0.028240249,-0.06810525,-0.048797555,0.042051326,0.12192878,-0.04649276,0.0029118732,0.089958616,-0.025853675,0.101125106,-0.010707653,-0.029573165,0.0017136183,0.021163253,0.01553037,0.015349811,-0.031501208,-0.002448192,-0.011566679,0.004136656,-0.011930013,0.008573874
1,-446.2528,6.986074,10.165405,2.4701102,-1.3175848,19.044903,-5.871572,15.345776,-1.2705352,9.377911,0.42572016,-0.27458766,10.327352,-0.28288448,0.12407443,0.15398526,0.045685742,0.01715139,-0.0016543875,0.025967527,0.0619527,0.13697469,0.04058982,0.053120952,0.037061315,0.009036358,0.04596565,0.033562053,-0.030259958,0.0089519285,-0.0018022644,0.008129985,0.025534717,-0.049173374,-0.010237786,-0.023855163,-0.0038640162,-0.010643066,0.0031771355
1,-454.85306,4.125361,6.386184,0.43582574,-2.4689376,17.861658,-9.491255,13.864045,-2.932342,8.034241,-0.2389418,-1.9648231,9.167464,0.22674824,0.021017892,-0.0046644597,-0.073790565,0.07954778,0.0895563,-0.077260986,-0.06203382,-0.06007153,0.023932807,0.0050981836,-0.03795466,0.029684959,-0.08316399,0.063442364,-0.058790784,0.016338974,0.00085255556,-0.008498237,0.010871277,-0.013635891,0.012366791,-0.0018366264,0.012396429,-0.014326546,-0.0056819143
1,-430.9788,122.21448,-13.583869,-11.305845,-13.662942,24.513296,15.402581,13.120029,3.9138386,14.278617,12.447097,-18.557653,-5.4473505,0.017479325,-0.0897594,-0.2749235,-0.25386706,0.0074107368,-0.17267863,0.014867609,-0.18997644,0.060103018,0.24734044,0.04974118,-0.15975192,-0.12097903,-0.61896235,-0.12258317,0.11263164,0.070051536,0.026385598,-0.022821428,0.050004553,0.053593174,-0.012543398,0.014977593,-0.017202148,0.035847656,0.027050316
1,-455.01346,111.4955,-34.38009,0.95929897,-17.93057,18.388485,-8.629622,13.271585,-2.1003034,10.183245,17.39509,-24.852491,5.261352,-2.7064955,-0.8933079,0.81584173,0.676706,0.25111857,0.0151222795,0.06840184,-0.12032856,0.13201818,-0.23827033,0.004331571,0.41758478,-0.01807981,-0.33672014,-0.122521535,0.15045998,0.10637262,0.041335776,0.013554637,-0.010200366,0.033266142,-0.035784993,0.00785786,-0.01123322,0.08410254,0.038340647
1,-445.20367,114.296455,-32.710155,6.730543,-22.683455,24.543945,-2.658829,9.705358,2.6512344,19.206709,8.790396,-12.477908,-14.792908,-5.2379875,-0.7460739,1.1042175,-0.22991665,0.47968802,-0.26801407,-0.19980754,0.3277957,0.2660574,0.22759677,0.25041956,0.27975422,0.6642237,-0.4244834,-0.04360655,0.27279323,0.44941708,0.16255532,-0.061850097,-0.084237926,0.02049043,0.14736,-0.14582105,-0.08581085,-0.06300829,0.08446569
1,-434.77975,122.4123,-35.41911,4.937264,-22.167797,29.98885,-10.080013,17.884869,2.54237,13.459969,9.098546,-13.795294,-8.261538,-2.431816,-0.9168998,0.113913395,-0.015591454,0.3140302,-0.030680103,-0.09141731,-0.11551583,0.3642364,0.34594962,0.032245938,-0.079394974,0.25607407,-1.276781,-0.19212984,0.4260209,0.12120412,0.12609413,-0.004553601,0.15608636,-0.04701109,0.08495077,-0.09238058,0.047194418,0.14688902,0.069746405
1,-430.4368,122.05908,-28.11896,0.101242,-15.503491,18.780622,5.2435894,6.153214,10.504929,4.787605,10.499358,-21.337145,-8.373939,3.7557113,-0.61925054,-1.0731398,-0.45650172,-0.26634812,-0.42414033,-0.30715397,0.17541349,0.1177074,0.3572721,-0.103554614,-0.5349115,0.29593334,-0.94161755,0.13420068,0.2879065,0.13223775,0.0507457,0.05046194,-0.03578874,0.071647435,-0.026772775,0.016040893,0.07285269,-0.021451361,0.09457902
1,-447.65063,119.61074,-24.815098,-4.526321,-14.862078,32.58339,3.784876,16.587345,-0.49380326,18.70965,-1.0261227,-13.108582,-9.840857,-4.036885,-1.2904356,0.49907538,0.21656644,0.5530374,-0.091355525,0.18849428,0.22828373,0.3488564,-0.004565284,-0.009942151,0.30475035,0.480755,-0.5040118,0.0585098,0.11270753,0.2381374,0.08847019,-0.029301096,0.06450279,0.02987118,-0.004795633,0.003743309,0.17184667,0.008148301,-0.018485053
1,-461.71774,121.77293,-28.503363,1.0977857,-24.805052,31.144894,0.6995607,14.620025,1.5927488,11.511531,8.721277,-20.184624,-7.5276933,-2.9432385,-0.9548079,0.5135828,-0.16035776,0.1240205,-0.25210366,0.20671631,0.20391385,0.08483072,0.105029315,-0.08844607,0.38439927,0.3214962,-0.5848631,-0.21571065,0.22182487,0.19201985,0.12394527,-0.076147445,-0.0029381847,0.09340827,0.039953604,-0.05679484,-0.026770547,0.11402986,0.038081914
1,-409.31738,115.818375,-37.97643,1.9648296,-24.022062,29.800652,-0.768541,12.81464,2.810877,11.550352,5.106233,-19.034704,-8.63212,1.2105999,0.0012764813,0.33861196,-1.0569372,-0.017148344,0.030884419,-0.38433117,0.33837008,-0.37400642,0.5754471,0.013471455,0.029774223,0.05009845,-0.8332647,0.1385462,0.37965307,-0.030167548,0.022382785,-0.0585984,0.16217083,0.025177104,-0.017945722,-0.053493958,0.07470954,0.20114744,0.08438582
1,-467.31494,124.50055,-39.269947,8.8320675,-23.095795,29.20836,-3.7305846,19.507685,5.217586,12.865152,0.3248107,-16.994524,-7.907049,-1.5399073,-0.5990063,0.17045146,-0.59922963,-0.04637404,-0.267392,0.28897387,0.15134832,0.16839255,0.11289774,-0.3788182,0.1813996,0.37439328,-0.84860325,-0.026833601,0.27677605,0.02779356,0.17656958,-0.06072067,0.14030892,0.09660323,-0.066426456,-0.06813208,0.04228821,0.123619005,0.041223414
1,-415.0937,96.0538,-40.20723,3.081148,-24.797333,20.747402,-6.2247186,5.2471747,12.096712,9.095269,10.705508,-28.107738,5.0087876,-6.075109,-0.46576422,0.88731366,-0.03293538,0.63107723,-0.3810899,0.23497555,0.30381924,-0.15184736,0.1546261,-0.111039154,0.3403408,0.0959831,0.044975325,-0.037902176,-0.029621506,0.1440455,-0.036762834,0.05378694,0.013165661,0.050971046,-0.026687639,0.0051962133,0.13231722,0.10670156,0.068099424
1,-431.5144,111.21989,-31.490406,-5.157778,-19.81489,22.885536,10.203374,9.2078705,9.795388,14.807913,4.424133,-17.341866,-2.244259,-5.0546837,-0.16803595,0.4770081,0.16754994,-0.043902636,-0.4016529,0.15087804,0.34093446,0.08434736,0.21550398,0.03789121,0.805975,0.18393584,0.36928675,0.047558237,0.1357542,-0.019923344,-0.14040291,-0.11749448,-0.012943942,0.07120864,0.017655535,-0.1580555,0.06645141,0.0828609,0.11634481
1,-447.8902,107.60381,-22.235907,9.718008,-14.724093,34.504776,8.531012,6.9601593,9.624885,12.521524,9.681745,-26.997545,2.759805,2.6196115,-0.5370071,-0.58780956,0.013706625,-0.4281206,-0.15383473,-0.19179744,-0.14476414,0.075883985,0.07191844,-0.19022927,-0.36509845,0.1838097,-0.34899086,-0.023563359,0.1648211,0.068513945,0.10158366,-0.011371321,0.049960814,0.03311081,0.010153571,-0.017010778,0.024003329,0.09250562,-0.020550407
1,-437.30014,91.59827,-22.9047,1.6636786,-17.979002,21.4715,-0.12701386,5.582888,12.271412,13.480232,2.6662333,-17.129238,-5.8305182,-3.1472895,-0.55647683,0.24613203,-0.08433216,0.18407226,-0.30182102,0.016722105,0.03741812,0.053812973,0.2670147,0.10640951,0.066253886,0.06259302,-0.5500427,-0.0809331,0.34465116,0.055620376,0.07577058,-0.05905932,0.015337683,-0.023567518,-0.101450965,-0.111425325,0.015169881,0.13676031,-0.007958098
1,-414.35748,116.515594,-26.550224,-0.014864319,-24.668701,24.997206,2.55738,10.548439,5.9772234,9.837604,9.271274,-18.076134,-3.2432458,-7.71788,-0.807651,0.82942855,1.0847197,0.9866494,-0.25153333,-0.06849433,0.3616648,0.10713185,0.11846131,0.1360562,0.37288454,0.4628234,-0.14704518,-0.0016424204,0.08216387,0.13728426,0.043216527,0.017914174,-0.06530713,-0.02092655,0.05304556,0.032429963,0.023899244,-0.045561858,0.07082009
1,-413.45984,129.5223,-27.357582,3.2439356,-22.51757,31.545694,7.1644125,17.951462,4.8759274,14.153194,12.695053,-13.155096,-5.07921,-3.129455,-0.7590403,0.3052775,0.15914053,0.59383005,-0.2615639,-0.06747001,0.26394758,0.24079141,0.2653098,0.0771396,0.33712953,0.33019048,-0.9824746,-0.07733825,0.23746304,0.22148636,0.2108312,-0.111910634,-0.014677187,0.023536375,0.00015640752,-0.11724148,-0.023652693,0.0656328,0.09817851
1,-539.3294,120.525215,-3.7610989,6.6441493,-20.619253,24.06455,18.402113,16.317123,1.6962225,10.790265,10.270024,-7.1953673,-2.4674742,-1.0056413,-0.6053084,-0.050716903,-0.2014626,0.054050654,-0.18251702,-0.28148574,-0.0039192545,0.047827825,0.12337122,0.059879683,0.23812501,0.30718684,-0.08244781,-0.08834033,0.019936033,0.10612211,0.070550114,0.017428381,-0.050982084,-0.01992587,0.003171127,-0.008640602,-0.03927407,-0.0084014805,0.04529564
1,-390.019,132.46284,-35.406593,4.2353153,-21.26602,25.872227,-1.3773494,10.442162,4.5320516,4.215246,11.26716,-23.867558,-8.960305,3.1933966,0.027150897,-1.2862049,-0.9695804,-0.6015448,-0.15886773,-0.40354332,-0.017670574,0.3198176,0.88251466,-0.098273315,-0.27948934,-0.19954422,-1.3725141,-0.34057972,0.23690169,0.049503926,0.21423945,-0.021124082,0.19789,0.11588487,0.08175844,-0.024015272,-0.13001664,0.07550326,0.12229133
1,-466.94427,103.24138,-35.92526,4.9050965,-20.189028,23.296394,-2.8193715,12.316226,6.435755,9.673479,10.4854,-24.499403,-1.7892033,-6.0533633,-1.9814454,1.129647,0.50973797,0.76850647,-0.5809298,-0.40013698,0.051037323,-0.009612668,0.075877994,-0.16356455,0.4242798,0.5877332,0.11365773,0.3269538,0.07696655,0.013666328,-0.060880467,-0.00529101,0.012517045,0.033364885,-0.06864967,-0.05236439,-0.051701594,0.03393617,0.031470478
1,-459.75974,119.536606,-15.981158,3.4138172,-22.536337,29.240435,2.4408169,16.18931,-1.4328738,10.923176,7.6714063,-23.536093,-0.5906066,-8.001013,-1.2938691,0.75557274,0.34168813,0.671921,-0.52796966,0.105908744,0.3249323,0.13158129,-0.01231981,-0.02986471,0.6120389,0.20523188,-0.39855653,0.010210972,0.15834388,0.29428,0.074646264,-0.05824235,-0.017853681,0.075200036,0.12831987,-0.08647576,-0.011274556,0.1817577,0.04475179
1,-483.72845,114.14537,-21.668478,5.7763376,-20.08342,23.544245,-1.8463589,7.190226,6.12833,7.5682178,15.306493,-17.334764,-3.3288226,-7.1575127,-1.375504,0.6698691,0.69042784,0.582213,-0.10283082,0.23277657,0.22761168,0.23252623,0.30976707,-0.3072187,0.7108756,0.18657683,-0.34826714,0.29735425,0.2518637,0.11982429,0.06280032,0.025510455,0.012618877,0.053338952,0.046938114,0.01665238,-0.008039627,0.040440053,-0.04724047
1,-510.05176,115.98689,-15.159587,4.1226997,-27.127806,29.75338,1.6652693,11.954628,2.6150131,14.098639,1.9722679,-14.9488735,-1.507495,-5.1907964,-1.0285308,0.62294567,-0.08691358,0.34711036,-0.6498297,0.08456505,0.4307557,0.4598208,0.30245143,-0.39915496,0.3225925,0.21131289,-0.29095963,0.2994894,0.16196008,0.077172406,-0.038527858,0.0006418706,0.029066969,0.002241946,0.054062165,0.06594214,0.0037555,0.076908186,0.00010347335
1,-458.2257,121.78221,-24.293005,4.551113,-29.278345,30.784435,5.0217295,8.336102,6.0580497,10.334087,9.644377,-16.259106,-4.92452,-7.1926045,-0.7873811,1.0814819,0.032561444,0.7607026,-0.57464266,0.26433423,0.5624483,0.24842888,0.11675617,-0.27504385,0.38345528,0.13750055,-0.25516707,0.116692014,0.21927091,0.30006117,0.04034066,-0.052194398,0.0046849456,-0.058236375,0.085845836,-0.08766074,0.044911887,0.025383577,0.16825278
1,-487.839,120.79211,-14.9928465,1.2628075,-15.530105,31.241297,13.572344,12.101003,5.6565113,14.936115,12.293227,-21.230183,-2.132676,-2.7132642,-0.6289016,0.5262704,0.30255023,0.2596903,-0.26982707,-0.03044499,0.13057986,0.045493968,0.07972536,-0.16612749,0.31819874,0.14844108,-0.14812809,0.0051753707,0.16355073,0.13721855,0.05987607,-0.033356275,-0.022234272,0.033594895,-0.00218627,-0.071672805,-0.026176427,0.08945673,0.0593754
1,-419.58438,105.07581,-34.01339,4.8892555,-27.251482,30.258883,-1.2989533,8.030275,5.494765,9.336064,10.678674,-26.696896,-0.7925519,-7.04488,-0.9274774,0.7186617,-0.062163934,0.5276183,-0.39572537,0.057453338,-0.2912689,0.003031091,0.1858671,-0.24803415,0.3743571,0.06715274,-0.5049748,0.0031634453,0.32316512,0.2518753,0.07779584,-1.3435609e-05,0.1390331,-0.03532755,0.01951328,-0.1423969,0.07615515,0.24984895,-0.10877807
1,-423.0072,122.27618,-35.036396,-0.56397367,-29.07542,27.358824,-5.106202,8.492783,6.9891195,9.646516,11.770071,-28.278461,-4.973719,-5.1301,-0.28785765,-0.016976174,-0.5352433,0.40130827,-0.51920336,-0.06261348,0.27547705,-0.020001976,0.5977021,-0.02911994,-0.1870045,-0.15143539,-1.2633591,0.02321501,0.42746913,0.028275812,0.13019346,-0.03822962,0.1890433,0.06176906,0.07720499,-0.0018468464,-0.032196067,0.13545409,0.04145202
1,-477.94662,113.336555,-11.851008,1.5741535,-32.64018,29.309765,-1.0472897,12.908744,-2.1038363,16.33141,10.215661,-12.971959,-6.776747,-6.8187685,-0.18828873,1.6502929,-0.05127664,1.3722992,-0.9996256,0.34037405,0.31903732,-0.033531073,-0.09817214,-0.4871668,0.32563716,0.057139248,0.3910709,0.25926104,0.03940461,0.022021085,-0.21952802,0.055451322,0.06890214,0.055964403,0.11176137,-0.0035348288,0.036220092,-0.06737581,0.0030337991
1,-462.36624,105.77165,-26.70324,-5.837937,-22.897743,17.918367,-6.4599333,6.7783732,3.026039,14.114938,10.2491,-20.286285,-2.3882244,-4.0245776,-1.1090492,0.1092175,-0.08708759,0.45221433,-0.41357002,0.4147318,0.29891822,-0.01360307,0.025576333,-0.23595,0.074472845,0.1409697,0.17380814,0.0953397,0.08609533,0.04748305,0.04277636,0.099312685,0.06422386,0.22438775,-0.018789958,0.032607857,-0.06291937,-0.13932802,-0.073071495
1,-404.21872,126.20281,-29.838575,2.235402,-24.058945,29.83227,-1.1957238,12.413415,3.9711096,17.458635,10.15932,-18.041746,-4.897185,-3.466282,-0.16866297,0.039131865,-0.6992745,0.28297174,-0.32942778,0.6556351,0.27758867,-0.13103801,0.1338332,-0.09565357,0.35113287,0.104036465,-0.68145806,0.036918595,0.16483027,0.0020764377,0.030939799,0.04748434,0.16632403,0.06572917,0.015005898,-0.07462928,-0.025022466,0.09758047,0.13671449
1,-467.08304,118.29093,-25.383808,2.2355425,-17.266567,21.464916,7.66711,6.826943,10.44899,6.117833,19.201405,-18.104607,-5.896386,-2.793101,-0.93242407,0.07300301,-0.28357264,0.013474137,0.12704647,0.18592387,-0.10657916,0.16837046,0.4784284,-0.10765461,0.20980586,0.033909347,-1.1628525,-0.24399595,0.39687198,0.33154297,0.17106949,-0.02508906,0.09211545,0.041702557,-0.056834273,-0.20482281,0.0142362295,0.16224846,0.040780436
1,-445.11227,130.49915,-31.120636,-11.16995,-29.471338,29.678951,-6.412895,3.3524609,-4.1249895,10.736788,8.726489,-25.76898,2.167458,-0.6102783,-0.11437036,-0.100217886,-0.15260457,-0.0027191122,0.06331262,0.14761128,0.037918225,-0.006096926,0.40297225,-0.22327268,0.029391192,0.021331849,-0.94275165,-0.06024623,0.19231245,0.14030749,0.05431017,-0.03294308,0.13636862,0.052408118,0.024629634,0.018091876,0.07346747,0.15405284,0.028221855
1,-462.1976,129.8932,-14.026118,4.310054,-21.357557,28.755804,12.652029,6.249356,6.95039,8.482622,12.673341,-12.012515,-2.711544,-3.717435,-0.9902696,0.37533265,0.021837356,0.31149396,-0.23943903,0.14206487,0.34199095,0.28687146,0.3422614,-0.07094403,0.25628763,0.32445094,-0.5811029,-0.020910367,0.15625954,0.16851622,0.15695652,0.003261791,-0.04924904,0.08656751,0.030140491,0.090767555,0.040228236,0.008559283,-0.009270836
1,-424.20178,112.42349,-31.882498,15.569294,-31.78664,40.502525,-10.041808,10.168986,3.9798331,9.789445,10.169778,-28.890175,1.2147727,-2.1049447,-0.35732743,-0.018723391,-0.6901783,-0.0029083178,-0.12915348,0.29099578,0.22826028,0.03724427,0.24880472,-0.19522199,0.4162151,0.2019357,-0.857273,0.014084756,0.15023471,0.017277615,0.11017213,-0.060492914,0.09456117,0.03407058,0.024673214,-0.104621984,0.019301873,0.1726863,0.050308738
1,-475.1906,117.3254,-19.679564,-1.3084573,-18.577087,31.325796,13.174759,4.7905793,10.225518,12.883006,13.838448,-21.441534,-3.7594209,-2.8715506,-0.6910522,0.33875716,0.26260167,0.2576207,-0.18820764,0.10915555,-0.051008094,0.17168063,0.12681195,-0.049627036,0.3576138,0.104684144,-0.08888525,-0.08744554,0.15299739,0.20236532,0.05680265,-0.034510773,-0.035954595,0.051526174,-0.03859051,-0.06760125,-0.054965798,-0.028786901,0.0077650105
1,-431.45572,121.88861,-26.204256,7.4915204,-23.199797,35.78209,-2.372276,8.364861,8.600032,16.040731,18.385025,-20.877352,-4.1171956,1.0098217,-0.66250885,0.15386063,-0.15637073,0.16328284,-0.19399448,-0.123586394,-0.015303882,0.08480165,0.3488976,0.04992446,-0.53597057,0.11380893,-0.012235146,0.28000867,0.17550445,0.030977799,0.050224073,-0.020757616,0.009783897,0.043224256,-0.021276906,-0.03050336,-0.09304636,0.036823533,-0.008844399
1,-449.05646,109.43397,-17.986612,-1.9926757,-19.295588,29.709654,0.348319,8.351387,0.8345503,16.40033,17.004623,-18.30675,-8.016247,-2.2200503,0.008919512,0.28549773,-0.21004067,0.4618031,-0.3155129,0.12289197,0.14933577,0.13761066,0.17433587,-0.11465921,0.034552906,0.10565427,-1.0393255,-0.11361649,0.20090063,0.13609843,0.09203725,0.04126535,0.067408286,0.01946951,0.018488547,0.03605009,0.055638555,0.11688934,0.089267485
1,-412.75833,121.449585,-22.1813,-4.347671,-14.401944,30.479568,13.72248,8.052639,4.7196536,11.286772,9.370561,-21.671965,-1.8856285,2.9576836,-0.5491959,-1.066344,-0.7070264,-0.59218943,-0.12367309,0.09119065,0.040758822,0.29973876,0.42849,0.039801363,-0.29232305,0.12234606,-0.79431784,0.045760617,0.18765372,0.11275381,0.22574173,-0.04392802,0.041697912,0.062456653,-0.018108528,-0.03855808,-0.04109704,0.05204226,-0.0004742436
1,-473.67636,109.97375,-13.996006,-3.0812328,-12.414691,28.264374,10.489281,7.274681,7.263856,14.243604,11.983592,-19.299534,-6.4664674,-2.389763,-0.60812813,0.35264522,0.44267398,0.17962141,-0.24925931,-0.0021832515,0.0054623047,0.27552035,0.05681755,-0.038303286,0.34002894,0.17102309,-0.24583727,-0.03401915,0.1399341,0.20929894,0.13801366,0.0012341996,0.038581673,0.008991621,-0.016863167,-0.007692045,-0.053442426,0.0035817937,0.09361339
1,-429.08237,110.36416,-35.910683,3.159317,-29.630653,33.385765,-10.613614,23.302717,0.977366,22.404848,9.829073,-17.561829,-6.0172043,-1.9677196,-0.3328126,0.14581303,-0.42503923,0.30272353,-0.36953795,-0.04008903,0.24387333,0.08169964,0.4992296,-0.07195075,0.041180164,-0.04197979,-1.6148375,-0.10290075,0.35037726,0.120502666,0.19738643,0.036968563,0.18398069,-0.0702283,0.08851104,-0.07822141,0.11964795,0.06643974,-0.008467476
1,-432.0833,120.78303,-26.729105,5.214849,-18.604918,26.042845,5.6470084,14.534803,5.6744184,7.422928,10.86109,-23.303429,-0.045158207,1.0744065,-0.25680777,-0.7157016,-0.4473562,-0.22598128,0.01789385,-0.115278825,0.06668255,0.15257998,0.45574299,0.03683533,-0.2297867,0.024821931,-1.0106729,-0.30946445,0.2584412,0.2450129,0.24644758,0.012251537,0.08416456,0.076769084,0.02352556,-0.0417809,-0.036322292,0.058862995,0.035313755
1,-408.77286,121.91456,-37.898464,6.1367826,-16.05018,21.61336,-9.913467,14.537618,7.2250824,9.527319,23.991245,-23.55924,-2.3094203,-1.8457652,-0.32025495,0.14977929,-0.20119143,0.049978517,-0.11686211,-0.092323385,0.080552466,0.13588206,0.60389423,-0.05777578,-0.016198775,0.25521305,-1.6012728,-0.050981093,0.43810296,0.12851104,0.19046085,0.046368223,0.1950065,-0.07558938,0.06386961,-0.07488955,-0.052641086,0.23533231,-0.027824346
