0,-513.3435,82.91094,17.583776,24.706934,-3.5875769,18.781021,2.1083543,4.9491487,-5.6162233,2.4575303,1.5882834,-7.8098326,-2.9877968,1.7394023,0.49584207,-0.53748494,-0.57113993,-0.05032221,0.131978,-0.26556844,-0.31276447,-0.011894718,0.0733128,0.1798331,0.19830374,0.19579534,0.05250961,0.16037141,0.05816256,0.014660251,0.1377463,-0.035676442,-0.035668787,-0.024075443,0.023034668,-0.074024126,-0.006225011,0.0061202166,0.011610626,-25.538612,0.861,11238.463439941406,6120.748275756836,1288.9251778125763,1721.7997813224792,636.4504313468933,1585.0247583389282,776.1394430398941,568.7945448160172,917.8267298638821,1133.5946179628372,747.5099047422409,610.4651674628258,376.455203384161,1096.6650300174952,388.2444463968277,219.76523891091347,197.07364870607853,194.76896403729916,99.95456704869866,138.49878878891468,105.84178103506565,84.93915253318846,125.62740013934672,78.64909379184246,81.73336469009519,50.71719513833523,315.76720452308655,137.40077586472034,100.28251816704869,42.36978139728308,48.48810718022287,36.727173989638686,49.21578428149223,53.167690858244896,32.66556716710329,54.93230052385479,42.15957934036851,28.041956901550293,32.07183849066496,0.0,0.0,121.56740104390441,1315.1582974164958,0.0,0.0,1669.2420126876427,2131.3771562495854,832.5737793684887,1464.114371914248,0.0,0.0,0.0425000,0.0925000,0.0925000,0.2125000,0.2125000,0.3425000,0.3425000,0.4425000,0.4425000,0.5525000,0.5525000,0.7125000,-25.989374,-26.231554,-24.792067,-25.262506,-26.477228,-24.478943
0,-513.3245,108.5899,9.512239,31.166838,-15.950973,27.806265,10.61474,10.7962265,-1.5930775,-4.938885,7.6724157,-6.0895357,-6.866217,-1.5437114,-0.575254,0.12129016,-0.3038948,-0.095027745,-0.3469767,0.08857532,0.4091226,0.33915377,0.058855213,-0.023508882,0.098325446,0.29919705,-0.31196427,0.03668046,0.13508658,0.11820064,0.019005628,-0.095988005,0.0013679676,0.052432247,0.114172354,0.07427454,-0.0033286244,-0.09782162,0.0286018,-27.179015333333332,0.7940625,10873.365936279297,7019.854079246521,1569.6232132911682,1893.6682559251785,470.7437467575073,1847.1919310092926,1278.897196918726,747.6274557709694,539.2704145610332,723.9193107485771,861.2249593734741,462.99127984046936,500.4767995029688,1228.607236802578,405.88165271282196,412.13281574100256,246.60286496020854,213.71227081120014,93.28484850376844,113.25554100424051,96.69645581394434,76.9250876493752,135.64669452607632,93.65260797739029,87.50165847316384,98.70324928313494,403.07573178038,142.55764761567116,126.98310335725546,47.00915605109185,52.73176992684603,43.0762957111001,48.76614745054394,45.60623061656952,46.529933609068394,53.077418584376574,49.586459301412106,33.270823020488024,42.92385008651763,0.0,878.502132537956,0.0,0.0,2418.584088422931,2454.4342255672395,0.0,1580.8458798803185,0.0,943.6529768204697,981.1222064684383,1377.8096609464121,0.0425000,0.0725000,0.0725000,0.1825000,0.1825000,0.3525000,0.3525000,0.4425000,0.4425000,0.4825000,0.4825000,0.7125000,-29.412773,-24.798449,-25.445259,-26.47777,-31.622559,-25.317282
0,-498.66183,84.26337,8.739664,26.602398,-5.799176,21.207756,2.8129995,7.430795,-2.2316499,3.290255,-1.0458577,-5.8857102,-5.8531713,-2.1520565,-0.20306517,-0.1727374,-0.094890095,0.20619261,-0.5701832,0.07884244,0.12818936,0.2518146,0.22970128,-0.14604798,0.26399556,0.33647066,-0.37601948,0.04519746,0.026780603,0.09299855,0.16037834,0.0057496023,-0.029261889,-0.06909698,0.02438141,0.09714598,0.0606643,0.017885176,-0.0024567046,-26.42848783333333,0.7581875,13680.231506347656,5287.30459690094,1370.5011734962463,1615.7516205906868,772.4840469360352,1452.3836718201637,815.948579698801,427.6097227036953,540.930040538311,1421.6537176966667,497.3386709690094,581.469247341156,382.15959829092026,843.3301587402821,220.7659964710474,308.606026083231,188.01976142823696,113.33460819721222,112.44202992320061,108.9366498067975,96.43155744671822,66.8258785456419,143.40073347836733,104.0473531037569,95.74057357013226,68.56545861065388,325.2483354508877,123.58522891998291,104.22900539636612,54.30998073518276,46.37100784108043,38.29963571578264,45.82287884503603,46.329791352152824,32.81949204951525,61.462387796491385,43.66541461274028,26.41406561434269,42.878322115167975,0.0,805.6703638641635,0.0,1023.2295608128264,2286.194424053498,3104.0303611121476,0.0,0.0,695.9789141854344,1627.6639362238293,0.0,1338.8594313530866,0.0425000,0.0725000,0.0725000,0.1625000,0.1625000,0.3325000,0.3325000,0.3925000,0.3925000,0.4325000,0.4325000,0.6525000,-29.045099,-23.954773,-24.726931,-26.456543,-30.645981,-23.7416
0,-501.2041,89.823265,6.0629573,22.36647,-9.182887,23.226414,2.234206,7.2387824,3.6486273,-4.1410685,8.5139,-7.1184196,-4.8703647,-3.2606726,0.1306634,0.01412338,-0.07831739,-0.0931188,-0.11049893,-0.13912053,0.36228046,0.46271622,0.016521148,0.006136998,-0.036397118,0.4557529,-0.16200888,-0.005507153,0.13586544,0.07364832,0.098063976,-0.034391984,-0.05675548,0.012760859,0.04708268,-0.016670335,0.0074653565,-0.07407861,-0.009900699,-27.647877,0.7275625,14634.559143066406,5066.788502693176,1447.4805405139923,1491.1498191654682,348.06279373168945,1741.7833857536316,921.9069693088531,549.484506264329,661.1138762235641,1143.8583743572235,811.3792725801468,752.8674521446228,655.4207056760788,817.9719908982515,328.9967357516289,288.41981410980225,176.13124631345272,205.06500251591206,78.63991189748049,136.2323798686266,97.03922338783741,70.06303562223911,161.32518815994263,73.44995260052383,84.5792225189507,107.59405330941081,314.2176206111908,137.95496247708797,98.20011610537767,55.381123051047325,38.754760751500726,42.22916307672858,50.10946651548147,57.16518422216177,35.74272350035608,54.48411771655083,42.603617114014924,28.301356948912144,38.192604606971145,0.0,0.0,0.0,505.24133632907785,0.0,2549.467404540839,0.0,582.4220809234134,759.6920620357578,1717.196628872744,0.0,1094.2639640288112,0.0425000,0.0725000,0.0725000,0.1625000,0.1625000,0.3125000,0.3125000,0.3625000,0.3625000,0.3925000,0.3925000,0.6125000,-33.149921,-25.781157,-23.973791,-26.097046,-31.900085,-24.985262
0,-509.058,72.56217,16.007551,30.724995,-5.193459,23.629019,1.0515449,11.570862,-1.7363487,6.029863,-2.8172245,-2.687717,-4.622832,-2.0083292,0.54454947,-0.5506862,-0.5325815,0.018582387,-0.44450018,0.23466517,-0.022005033,0.3497827,0.07816195,0.0534394,0.16871355,0.06835785,-0.67696035,0.08973926,0.08529425,0.10970824,0.105774015,-0.099410415,-0.015685508,0.025672348,0.089833766,-0.029252272,-0.02531964,-0.068748534,0.0782889,-27.000082,0.804375,13405.122833251953,4017.0379576683044,1521.411748766899,1920.4443068504333,706.2047135829926,1761.3354174494743,746.0497331619263,692.283433675766,684.4707694351673,1473.2387288212776,440.4998533129692,672.4471835494041,340.97341400384903,845.2179499715567,199.3506950624287,341.15306524932384,204.3776731081307,150.2284960746765,48.45987558364868,141.24712580814958,75.77435621619225,92.32211945578456,133.4802127815783,86.16283106058836,69.66293502226472,64.52787417545915,318.8273341059685,133.42572800070047,104.73740300536156,39.160124249756336,43.9377836920321,44.48498724028468,45.32982316613197,44.71070321369916,40.89159677363932,44.79084983840585,48.04474087245762,26.290439582895488,41.945041086524725,0.0,1173.1317395379424,0.0,1082.767847140086,0.0,2601.3336441866613,446.0064436605292,1753.5032136404132,943.6441020090386,1581.1462082941252,0.0,1391.3218065966303,0.0425000,0.0725000,0.0725000,0.1925000,0.1925000,0.3625000,0.3625000,0.4525000,0.4525000,0.4825000,0.4825000,0.6725000,-31.911798,-25.212763,-24.869776,-27.38916,-29.621338,-22.995657
0,-498.25772,93.212524,-4.4830947,29.110283,-22.58257,23.14984,0.7099327,9.612597,1.1874425,2.7763348,8.476679,-6.6123376,-1.4960618,-2.6798506,-0.3792793,0.14861165,-0.33646592,0.36284152,-0.30043596,0.35829917,0.38570067,0.19558054,0.33835968,0.045082334,0.25106788,0.53566855,-1.0103853,-0.20252785,0.39730227,0.4868397,0.22516294,-0.10529108,-0.009059103,0.028204301,0.012050091,0.07030615,-0.0474916,0.05829484,0.06874629,-27.790360166666666,0.7035,14166.706848144531,6532.116048812866,1345.891790986061,1619.5113111138344,823.3481442928314,1575.6875735521317,724.6291905641556,971.7734123468399,656.6543170213699,1324.842955827713,891.0897802114487,489.8415741920471,942.0015679299831,1362.1512085199356,370.49513548612595,347.1757236197591,322.7164847329259,229.28370924293995,129.4865297526121,190.55841407179832,112.00678174570203,101.39881031960249,153.9559702053666,89.44402247667313,104.89899194054306,105.59272949397564,322.0531107336283,128.12368588149548,122.98652740567923,84.92053175345063,46.17115277051926,50.87270051985979,54.12965268082917,53.919639244675636,28.984734650701284,55.56073243543506,45.32977107539773,34.83568901568651,40.978034192696214,0.0,234.402311070151,0.0,719.7969117523444,2305.7830233918185,2840.106207083235,0.0,1590.144394909151,623.9086024145829,1775.668767043926,1142.9774854437549,1239.4663018240844,0.0425000,0.0725000,0.0725000,0.1925000,0.1925000,0.3225000,0.3225000,0.3525000,0.3525000,0.4825000,0.4825000,0.6125000,-30.504076,-29.097773,-27.848238,-28.638998,-26.460035,-24.193041
0,-504.37405,104.221855,15.95881,37.10052,-13.555856,17.488867,3.3848124,4.6897454,-6.366751,-4.2361193,4.5375957,-13.6615095,-12.333139,-0.6575203,0.8619371,-0.8440304,-1.4021307,-0.19017749,-0.39591086,0.30855703,0.46025887,0.27901563,0.13522662,-0.01708028,0.18455614,-0.14044996,-1.2091733,-0.061915606,0.17498846,0.25213596,0.20703447,-0.1291324,0.02233704,-0.089617535,-0.056028362,0.07294313,-0.050032217,-0.0442752,0.02378284,-28.589658,0.6784375,15010.814514160156,6360.030445098877,2241.806920170784,2652.7286118865013,834.2032987475395,820.1648678779602,750.0971342921257,586.6364842653275,844.5201737880707,782.4783864617348,667.1225866675377,872.57943841815,906.2303338944912,1320.2831347882748,511.1440005004406,279.3830121643841,316.7957875877619,185.77383106946945,125.87280952185392,179.4753262596205,115.07658053189516,96.15145676583052,110.64058129861951,99.90685117803514,76.33182896394283,77.21929825097322,297.25291933491826,142.85387459024787,96.80118371453136,64.82988223806024,58.21837570518255,51.17894111201167,56.8515837341547,56.30027562007308,26.64722626376897,52.44382849894464,47.300645776093006,30.02704629767686,35.96484177559614,0.0,0.0,0.0,626.2632746728696,244.41607854294406,2493.5559093051343,110.7778107038665,2544.9683002444463,1032.8800913836842,2211.381836662753,0.0,1188.129079751722,0.0425000,0.0725000,0.0725000,0.2225000,0.2225000,0.2525000,0.2525000,0.3925000,0.3925000,0.5225000,0.5225000,0.6425000,-29.957556,-28.097235,-35.684589,-24.879961,-26.573158,-26.345449
0,-578.29626,99.61605,21.539927,29.612862,-2.3550434,19.34043,6.1579137,11.772307,-6.6313696,2.6373708,0.29197115,-9.809815,-9.250445,-0.4307492,-1.2443768,-0.0034826905,-0.68474764,-0.58806366,0.45549774,-0.21652956,0.044902287,0.3127719,-0.054249804,0.16073628,0.14150284,-0.13335752,-0.77934647,0.13657162,0.06430809,0.17698096,0.19023357,-0.2523685,0.10848228,-0.016419819,0.04241647,-0.064751305,-0.031163737,0.090742745,0.06767199,-27.287772166666667,0.82175,10382.976440429688,5286.9456214904785,1783.931926727295,1976.380993425846,955.8717989325523,1030.3696764707565,865.7847490310669,763.2824907302856,869.3047473430634,1149.343746483326,609.1506497859955,787.924112290144,489.2229822576046,1240.8121435642242,539.9447373151779,367.8541393559426,383.8337252289057,209.9700952321291,128.9972941055894,190.88857880234718,105.15213900059462,73.01864466443658,119.2146425023675,57.007547844201326,60.59876893647015,86.8442290648818,275.066165715456,170.94946750067174,95.74369663745165,60.01087087392807,61.269660274498165,70.39850259572268,62.74703190103173,55.50163446366787,28.740226974710822,58.72160433419049,45.333533342927694,29.432961070910096,41.05030581727624,0.0,1324.1282059065472,0.0,0.0,212.98628964373344,2453.1183880663025,0.0,0.0,888.3232260187915,1465.253826214928,0.0,822.2771832080989,0.0425000,0.0925000,0.0925000,0.2625000,0.2625000,0.2925000,0.2925000,0.4225000,0.4225000,0.5825000,0.5825000,0.6525000,-27.243885,-28.468573,-34.301556,-23.733915,-24.123619,-25.855085
0,-468.88467,53.261864,22.920645,15.038945,-15.06305,30.616243,1.4671383,10.17017,3.7174504,2.9227006,-1.4505032,3.1240654,-0.7044513,-2.3097243,-0.48453432,-0.5377851,-0.85813403,0.06088296,-0.378031,0.07948535,0.2424131,0.31183064,0.3615468,-0.10686164,-0.056385495,0.27431384,-1.0632268,-0.14581199,0.11379442,0.24701118,0.06769143,-0.10889627,-0.04477363,-0.04212764,-0.06454042,0.059181802,-0.045729503,-0.097094186,0.099923365,-27.215427,0.605625,14458.095581054688,5617.389099121094,2186.050189971924,922.6826195716858,440.5059962272644,1737.3791409730911,812.6839504241943,795.8804829120636,1089.7561099529266,1466.69758528471,439.3769688606262,1227.0914257764816,627.5293992757797,1527.1139781475067,387.07921500504017,330.98930606245995,256.2681558281183,170.53011950850487,118.41030396521091,191.81142435967922,107.54325794614851,122.45043032243848,158.36467266827822,118.85133288428187,79.37531499378383,81.04560241103172,350.80768713355064,172.20899240672588,108.99798803031445,62.56867492198944,37.06630006432533,45.55258418433368,63.61453093588352,60.78919146955013,33.01630942337215,51.22427359223366,46.39089061319828,29.374161425977945,46.70830547064543,0.0,0.0,0.0,963.8263117247932,1636.7563027808785,3290.3124755863514,0.0,0.0,772.4450866222712,1726.8610289652136,1204.4286340421302,2194.362688266046,0.0425000,0.0725000,0.0725000,0.1625000,0.1625000,0.3725000,0.3725000,0.4025000,0.4025000,0.4625000,0.4625000,0.5525000,-27.71792,-27.141197,-24.770065,-28.166403,-27.324423,-28.172554
0,-491.33096,53.72156,24.163977,17.307001,-17.049223,30.954824,-2.2402692,11.876152,2.8850765,5.507552,-4.7826986,-1.8885564,-1.1521897,-1.3522427,-0.10580755,-0.82546055,-1.0575767,-0.41509283,-0.46556926,0.23863852,0.20035504,0.43122095,0.17699601,-0.04847148,0.19982785,0.21748295,-1.3473341,0.09451676,0.19956154,0.23778817,0.16939685,-0.18287495,0.029913388,0.023668116,-0.024548993,0.00322648,-0.023480091,0.003572775,0.06458113,-27.447147166666667,0.6703125,12423.009948730469,5252.023577213287,2133.135850429535,1169.5107032358646,656.9347515106201,1927.086457490921,796.2301406860352,742.0991134643555,1083.789826631546,1425.240836083889,422.36537969112396,1453.777475476265,701.8438550829887,1547.8523913621902,283.0057027041912,374.7740129176527,243.6988544613123,194.90653754770756,86.47426414489746,160.3526110202074,112.07295954227448,63.77124245092273,145.0883800946176,106.6524501144886,113.60974502749741,71.97966296598315,365.4199977852404,164.50711093470454,104.41119082272053,61.08762110769749,52.2655336484313,48.70038939034566,57.735891714692116,62.54374738223851,35.37958366051316,44.33980502560735,48.917006281903014,21.577854305505753,43.97596559673548,0.0,1302.3339641602397,0.0,910.6760887201691,1651.168318253188,3590.6820862972795,533.0891972999865,2419.46086759281,312.0636350848966,1700.8008149343616,0.0,1263.3436807789228,0.0425000,0.0725000,0.0725000,0.1725000,0.1725000,0.3825000,0.3825000,0.4125000,0.4125000,0.4925000,0.4925000,0.6325000,-30.22905,-28.442966,-24.83832,-28.405701,-26.933289,-25.833557
0,-447.86093,61.157784,18.750818,8.1244755,-11.642176,26.321068,6.708445,5.309095,-0.57290184,12.540268,1.2024683,-0.25808862,1.408318,-1.0961193,0.12815697,-0.43818423,-1.1259307,-0.27319258,-0.29120192,-0.031159706,0.5332507,0.37251532,0.3339817,0.078374855,-0.18335919,-0.0833491,-1.8122486,0.039508574,0.22011127,0.054996878,0.19954209,-0.07316816,0.07102359,0.04632494,0.011358658,0.1025026,-0.044010267,0.050721757,0.004218277,-26.280172666666665,0.651,18340.060180664062,5938.675571918488,1864.8527135849,1274.987396299839,884.9208533763885,1940.028281211853,1022.128667473793,648.8464052081108,843.3259021043777,1786.3445093035698,615.3857042789459,1056.3885164260864,663.4527361094952,1461.1488744020462,313.9751281514764,348.346897020936,215.6506288331002,212.96374228596687,97.0169852823019,190.60871085897088,130.64591701328754,70.3863890171051,150.60464815422893,104.79659820348024,90.94152837246656,69.98808629438281,461.58942168951035,127.98157820105553,131.70001653581858,47.55846893414855,60.94723466038704,49.07689093449153,45.82400841079652,52.27508354373276,22.23564212396741,56.58287966251373,44.52187530323863,33.075736643746495,37.080571450293064,0.0,997.5615542119907,0.0,0.0,0.0,2946.54421972041,1278.8918313044278,2690.7982780826514,0.0,1748.7722630955423,705.670345309509,1124.2879808949729,0.0425000,0.0725000,0.0725000,0.1725000,0.1725000,0.3225000,0.3225000,0.3525000,0.3525000,0.4925000,0.4925000,0.6125000,-28.690924,-26.833895,-25.192577,-27.879843,-24.384935,-24.698862
0,-515.61865,90.38407,19.960999,30.52987,-4.364573,22.899973,9.227822,7.8084083,-1.2892262,4.7404757,-5.984404,-7.200665,-4.232025,-3.5745032,-0.7146893,0.30316404,0.29980293,0.63697743,-0.30895245,-0.07916966,0.36685666,0.35913908,0.12524733,0.11527545,-0.022999337,0.036471553,-0.1392856,-0.01402169,0.02133528,0.1311682,0.10822674,0.11602688,0.005345631,-0.012149692,0.0021702081,0.026553618,0.086042814,-0.054798864,-0.049091585,-26.828179666666667,0.748375,16731.456451416016,5919.166657924652,1742.5610222816467,1859.8088215589523,1134.6556975841522,1732.4657981395721,949.4849410057068,468.4322397708893,705.8796106278896,1118.0317389965057,448.9116657078266,463.52737855911255,311.1721724867821,930.7611510381103,288.0885937139392,325.04168839752674,249.30285640060902,135.21365121006966,113.55506163835526,106.07486299425364,88.36638741195202,76.59979454055429,94.0446665622294,108.32562918961048,57.944102857261896,51.736798502504826,357.3891805112362,120.26101876050234,115.60162407532334,63.78459295630455,52.89475927501917,50.15334097575396,40.79606630560011,38.63253960758448,36.004553604871035,42.65831630723551,50.63966469466686,23.59162475913763,32.03430914413184,0.0,947.8910536361101,219.52080203725978,2288.1876323369756,0.0,0.0,0.0,1035.6234191845558,0.0,1276.4495629386402,0.0,1343.5592735758796,0.0425000,0.0725000,0.0725000,0.1425000,0.1425000,0.2825000,0.2825000,0.3925000,0.3925000,0.4225000,0.4225000,0.5825000,-28.629883,-27.526302,-24.338633,-25.056042,-31.410482,-24.007736
0,-503.95013,93.51473,8.901209,27.614592,-5.25814,21.523788,8.80637,9.00258,-0.20562407,9.34174,3.551879,-9.410828,-3.8334715,-3.6197422,-0.18839142,0.2624815,0.008483204,0.65754956,-0.43798208,0.13394295,0.27828163,0.30322975,0.26735133,0.22864552,0.16952619,0.1254191,-0.16406539,0.046432484,0.096149035,0.13275617,0.11902733,0.03960778,-0.015490773,-0.013781552,0.013954392,0.040316038,0.11745079,-0.017914902,-0.049570795,-26.7783235,0.6946875,16389.37823486328,5748.655416965485,1491.4912197589874,1682.618271112442,1104.4971989393234,1534.7947850823402,1029.1703696250916,632.4632085561752,586.8093222677708,1403.549059331417,571.4685266017914,423.5704257488251,264.4952282309532,793.663172505796,258.44315584003925,282.75878001749516,197.0199331343174,120.33538170158863,86.84328615665436,116.5149358510971,105.32438918948174,48.26474850997329,109.58651316538453,90.8739052452147,65.85074947820976,54.45298366993666,283.9456672668457,117.99771124869585,105.36397528648376,50.12590304017067,49.5232899999246,38.77071912586689,48.6630849596113,58.02074386551976,28.562161199748516,50.344624776393175,45.127247704192996,24.808932781219482,30.99547293316573,0.0,0.0,0.0,0.0,261.1169131980969,2372.7309599102227,0.0,1078.2756920003656,1029.5291202967285,1290.049884091888,0.0,1424.422000189905,0.0425000,0.0725000,0.0725000,0.1425000,0.1425000,0.2525000,0.2525000,0.3525000,0.3525000,0.3925000,0.3925000,0.5325000,-29.089287,-27.27326,-26.273621,-25.328899,-28.402618,-24.302256
0,-494.65933,80.75676,13.298442,28.035051,-6.855855,18.407907,0.42021957,5.774104,-2.2863812,6.0445642,0.50657654,-7.789359,-2.8285167,-5.188773,0.0739281,0.29298905,0.19666862,0.5792135,-0.27405986,0.001984663,0.17840196,0.29104602,0.1823777,0.15339535,0.02354285,0.3411018,0.17710324,-0.089625135,0.010592908,0.08442138,0.081370786,0.05677886,-0.0026613977,-0.013335924,-0.059110254,0.11806806,0.064434715,-0.030029697,-0.043943003,-27.4528735,0.6590625,15539.092041015625,4798.659947872162,1505.9736223220825,1532.6367184221745,936.2999683022499,1105.0959124565125,772.3961102962494,684.9456845223904,423.06006813049316,1276.2881333231926,543.911579489708,477.65586245059967,316.9571076929569,887.5500053167343,306.765114530921,279.8019069582224,235.91540876030922,133.32960841804743,77.50937229394913,137.26466242969036,98.1252300105989,56.776907965540886,132.6880370825529,86.35475689917803,86.06717235781252,74.34211641550064,318.52620654180646,146.59970450401306,136.13344928994775,70.3746886625886,50.929084330797195,46.637293323874474,45.17332003079355,45.206037919037044,34.72414767369628,55.203235652297735,49.874536499381065,29.457555394619703,38.83524255268276,0.0,0.0,0.0,0.0,896.6513727374255,2705.660150329157,514.184400297279,2037.1732791782647,694.0905828606798,1548.6721442819794,0.0,1314.320430913287,0.0425000,0.0725000,0.0725000,0.1125000,0.1125000,0.2725000,0.2725000,0.3525000,0.3525000,0.3825000,0.3825000,0.5425000,-28.49325,-26.694172,-26.137543,-26.870132,-32.504436,-24.017708
0,-572.7186,94.207695,30.123701,45.107903,3.063835,18.31028,15.011759,7.928094,-5.9818625,6.6736813,-9.618918,-5.0281014,2.383056,-0.9333401,-0.45337558,-0.051778972,-0.15836164,-0.06155684,-0.31820425,-0.12903576,0.18202247,0.22516261,0.0006663563,-0.018985583,0.08236751,0.027636873,-0.70838445,-0.09604448,0.09555688,0.12057656,0.15501224,-0.05097119,0.01645085,0.011744831,-0.02245361,0.013407217,0.06895253,0.032806415,0.092100896,-26.910431000000003,0.849625,12694.718719482422,5623.183495044708,2950.5621910095215,3447.5581423044205,818.5089116096497,1092.251817703247,1246.7037743330002,525.531824350357,528.908289283514,1279.5550549030304,314.92470747232437,472.24968019127846,401.8704631924629,1094.7379274219275,262.90133495628834,300.30682446807623,224.49279820919037,171.96694998443127,103.01330417394638,89.38429443538189,94.21837678179145,62.32294601202011,126.45035094954073,134.29634631052613,58.66590669006109,56.36528806947172,423.31203037686646,117.74762171320617,100.53720807144418,45.558375619351864,50.37468082457781,46.148706667125225,39.90113005414605,56.93694017082453,31.20009806007147,50.89877353562042,45.41170589718968,21.97725737094879,39.62604586780071,0.0,0.0,1520.571089336172,2828.5848787475866,0.0,0.0,0.0,1536.9327782563666,0.0,0.0,0.0,0.0,0.0425000,0.0725000,0.0725000,0.1825000,0.1825000,0.3125000,0.3125000,0.4025000,0.4025000,0.4325000,0.4325000,0.4625000,-27.267038,-26.400669,-25.970369,-24.089891,-30.719442,-27.015177
0,-508.59756,105.75888,10.095569,19.259398,-11.2666855,22.726616,-1.2675202,4.7401466,-9.082991,10.813968,-7.5830283,-6.9851246,-4.2964883,-3.8494573,-0.082675725,-0.00901786,-0.9047909,0.41624236,0.18330075,0.13606603,-0.11203053,0.14533862,0.402198,0.5015199,-0.07787886,-0.0058627985,0.28477725,-0.029995777,0.021537999,0.15208903,-0.024566453,-0.030804407,-0.14343503,-0.02844306,0.065664336,0.030760089,-0.0057989545,0.059659783,0.07803483,-27.748751166666665,0.7161875,13774.635559082031,5840.675735473633,2336.281976222992,1643.0754302740097,370.7853136062622,1391.5092177391052,739.0112425684929,355.87478333711624,592.0562189221382,2095.6194712519646,768.1300356090069,374.79538810253143,284.1850269138813,1051.077720850706,463.9018260538578,380.0669627711177,242.395612642169,153.6897664219141,112.91384942829609,121.1526547819376,52.76554771699011,105.59495674073696,146.42592534422874,103.33845622837543,66.97119863331318,84.6765114068985,274.8784922994673,130.32074668630958,116.06247159466147,62.964214105159044,39.0132404807955,36.01931126601994,52.93514813110232,50.3549153059721,33.40931131085381,51.10191096365452,49.13634754344821,23.99659231118858,33.39207293651998,250.94961585360187,1506.8039146050885,0.0,689.6634863583088,0.0,953.0374963298115,0.0,1196.0411554253183,694.173570718651,1537.340865300171,962.9199347175066,1281.079929644458,0.0425000,0.1925000,0.1925000,0.2825000,0.2825000,0.3125000,0.3125000,0.3425000,0.3425000,0.4525000,0.4525000,0.6325000,-27.991619,-28.023037,-33.514973,-31.133524,-23.863953,-21.965401
0,-528.5242,91.918144,12.079205,31.63572,-11.88352,14.951426,5.0325828,-0.5675538,-4.059804,-3.769581,6.525879,-12.524725,-10.109444,-0.91661525,-0.5082365,-0.123283684,-0.30092752,-0.18157172,0.025226073,0.056274664,0.074414484,0.42490575,0.051398516,0.007442017,0.34270033,0.060654238,-0.18876337,-0.021563005,0.0011084387,0.05111388,-0.04980116,-0.09483035,-0.014610632,0.16197135,-0.027199661,-0.07455358,-0.08470989,0.052968975,0.12540935,-25.459453833333335,0.9139375,9629.623626708984,4992.820947647095,1693.9536889791489,2222.824307024479,751.7361776828766,1029.083757519722,994.3365726470947,442.38174952566624,770.267236828804,1040.1552508473396,893.3100038170815,707.1819688677788,428.0360759049654,1598.7157181799412,339.3733393922448,433.23858883976936,239.7107750363648,146.8359937518835,70.72441284358501,136.73763591237366,110.49135703593493,77.73255381733179,119.01964399218559,98.07128194347024,86.74548472464085,113.42047465220094,332.9869379103184,148.44972393661737,117.05713625065982,54.05054093897343,46.403579864650965,42.03713012672961,52.19058663211763,69.61487218737602,32.120560850948095,50.54089395701885,50.62929067388177,27.421043487265706,36.39293838571757,0.0,1142.8875710708428,0.0,791.8976545526117,0.0,2553.2162670285315,338.64407617529287,2339.3916552594815,1014.0835038192689,1374.162024009544,0.0,1059.191137466175,0.0625000,0.0925000,0.0925000,0.2725000,0.2725000,0.4625000,0.4625000,0.6125000,0.6125000,0.6425000,0.6425000,0.8325000,-27.460571,-24.998772,-24.095566,-22.788843,-29.774942,-23.638029
0,-501.4257,78.654045,15.609119,34.66164,-15.642219,26.606607,-1.493643,10.097802,-6.9160748,4.6557193,-3.6718588,-4.2719445,-1.6694187,-0.007331221,-0.42043555,0.29208407,-0.11932127,-0.08703115,-0.027427852,0.033698674,-0.1041811,-0.13511308,0.0026473992,-0.046993695,0.01986635,0.12628648,0.01737933,0.25316322,-0.044855155,-0.12649491,0.20778438,-0.024960566,-0.04827841,0.10210963,-0.04125884,0.012811056,0.04171533,-0.009423322,0.008097622,-26.9578245,0.9315,11609.606903076172,5437.344277381897,1700.4479637145996,2302.810541987419,890.9992218017578,1855.8721413612366,849.655019402504,661.4260597229004,626.2286011576653,1438.2360535860062,446.6344704031944,223.4461635351181,549.3035127818584,1347.8283531665802,595.7279486432672,388.8537612389773,278.7974334061146,222.30333445966244,126.05658750236034,159.0101320669055,93.00660689920187,80.10513409599662,126.11331418156624,81.5598555766046,72.48645693063736,114.58777405321598,358.779334127903,164.64104445651174,117.01012883335352,79.86691288277507,70.55931924283504,51.17513749189675,54.582177666947246,61.73778590373695,35.20000835042447,46.05860581994057,43.75413900241256,29.791095638182014,41.278477512300014,250.38818894482827,2494.7523891507603,0.0,0.0,0.0,1357.425893910913,666.6408026444016,1530.09186054154,0.0,991.51094051051,0.0,1332.5358356816282,0.1725000,0.3925000,0.3925000,0.5725000,0.5725000,0.6025000,0.6025000,0.6325000,0.6325000,0.6725000,0.6725000,0.8525000,-29.489605,-26.290663,-27.875082,-29.798502,-25.730133,-22.562962
0,-491.2867,97.39832,10.880479,33.490837,-11.697315,22.174385,8.06852,3.4694118,-2.4287214,-4.285396,9.602573,-5.774621,-7.8619785,0.10772755,-0.22884935,-0.5147342,-0.88395697,-0.5016561,-0.012722444,0.024396148,0.11868954,0.30629924,0.29544565,0.20777978,0.19933233,-0.050318487,-0.8516021,-0.17605266,0.29409492,0.1755158,0.20052037,0.015086949,-0.11979758,0.19011396,0.041160483,0.0415709,-0.11466009,0.058888026,0.27624542,-26.1169425,0.7734375,10709.525970458984,7015.066604137421,1493.1726680994034,2130.2294647693634,508.7356398701668,1577.641793191433,1049.2248952388763,309.9938521385193,656.2026909589767,980.8695447444916,1047.286720275879,578.9756914377213,375.0991229712963,1610.7693727528676,347.56584495306015,483.9100421760231,242.48616543412209,262.7589479982853,53.23352785035968,131.98342715203762,121.11170457489789,72.45479451492429,143.51851227879524,67.30299281235784,82.80681166052818,107.84001121670008,350.2782277613878,121.38976059667766,134.91606443747878,64.28596685826778,58.23761707637459,37.5313311945647,56.38926009251736,61.18910563737154,38.11140513047576,62.73507960792631,56.3305465336889,25.664172738790512,54.61176801845431,0.0,1025.900383405988,148.72970455601222,1171.7243382679103,0.0,2387.869453560445,514.5665130327478,1767.059297865429,826.4026711146331,1385.3113565189065,0.0,1054.5010383276053,0.0425000,0.1025000,0.1025000,0.2125000,0.2125000,0.4025000,0.4025000,0.5225000,0.5225000,0.5525000,0.5525000,0.6925000,-25.778883,-25.117348,-25.084486,-24.713297,-31.076864,-24.930777
0,-532.46765,57.829536,19.625423,53.434612,-0.35771504,21.73161,-9.002685,11.291932,-1.3227834,2.969176,-2.282132,-6.1782856,-3.814437,-7.907671,-0.65583813,1.5973767,0.105246216,0.9790587,-0.0254741,0.52107316,0.4871408,-0.16959804,0.30404449,0.020552691,0.44676137,0.63760585,0.33288407,-0.10100538,0.3453389,0.25652248,-0.053684983,0.10128614,-0.11513261,0.031706456,-0.0051973835,-0.063123316,-0.048055455,0.03473847,-0.05033202,-27.595092,0.5181875,16046.282348632812,4255.964022636414,3481.1777110099792,3125.9319055080414,817.2513809204102,1127.0017129182816,931.9405497312546,739.6105091571808,562.9919241070747,1102.9441204369068,411.7105175256729,717.6838154494762,333.5930839776993,1275.1524593830109,360.6332359313965,289.88031205534935,256.212867051363,136.89756172895432,109.41410964168608,110.04858262836933,149.61638670787215,102.4658639356494,111.66589038074017,113.86074176430702,77.0670330747962,113.10915667563677,357.73177191615105,162.7158695757389,120.37896541506052,73.22288949787617,39.94178008940071,51.7891035284847,49.313301764428616,59.03797119110823,35.01906521804631,47.607595063745975,49.12906438112259,23.79984401166439,38.2141125947237,683.0860384825529,1558.1207868922813,455.5898453654942,1699.0703547585786,0.0,0.0,220.741694424574,2345.2360825940577,0.0,1225.5787921857282,0.0,1530.3388779330426,0.0425000,0.0725000,0.0725000,0.1025000,0.1025000,0.3025000,0.3025000,0.4125000,0.4125000,0.4425000,0.4425000,0.4725000,-31.172598,-30.270502,-25.302818,-23.958586,-29.964111,-24.901937
0,-512.019,86.86099,14.5465145,37.578453,-6.5023885,30.146906,8.116299,11.308373,-0.86929417,-4.178786,11.040902,-2.494542,-2.2608128,-2.817351,-0.9020415,0.33767968,0.19910663,0.20414428,-0.28161758,0.037571903,0.14570715,0.37683195,0.51540244,0.09720327,0.151699,0.44697282,0.08605219,-0.022261733,0.019484552,0.009573736,-0.011762996,0.028410317,-0.007600918,-0.0032144296,0.020809153,0.056151036,0.00097151473,-0.0881718,-0.09790555,-26.765200666666665,0.7128125,15177.978149414062,6184.65619802475,1283.5889978408813,2190.379981279373,637.3868424892426,2755.233392715454,853.1263093948364,735.4378337264061,640.854955971241,1430.0331444740295,1045.5088276267052,386.32732781767845,547.3487731218338,609.9709516465664,248.54097771644592,287.73766781389713,158.31815518811345,100.69522968679667,95.88939973711967,126.94205257901922,81.12126488983631,90.20188000798225,114.28196245059371,73.22455161437392,49.43060137704015,115.79239097237587,262.3273781426251,127.69421771913767,115.46232280135155,74.0495026037097,37.31807123683393,44.911991169676185,44.56329349800944,49.90951302461326,34.759116269648075,48.40032126009464,39.79283009469509,36.20579377748072,44.737375788390636,0.0,0.0,0.0,0.0,0.0,2747.333022711401,0.0,0.0,694.7315357836522,902.4550737461541,0.0,1374.2380259668362,0.0425000,0.0725000,0.0725000,0.1025000,0.1025000,0.2725000,0.2725000,0.3525000,0.3525000,0.4525000,0.4525000,0.6025000,-27.350256,-28.241755,-24.561867,-26.341194,-26.866583,-27.229549
0,-526.7372,68.81856,18.960154,48.553173,-5.384019,24.373455,-8.948244,10.273606,-1.4000822,2.1958625,-3.7221735,-2.801177,-0.493022,-3.3279366,0.3951665,-0.23254748,-0.18219331,0.34496072,0.056988057,0.33260837,-0.11136185,-0.11004757,0.20200218,0.43477315,0.003145509,-0.36349973,-0.9448572,-0.23413888,0.053076547,0.10762414,-0.019843502,-0.0030774297,0.08824067,0.11963238,-0.020304667,-0.02135116,0.004721421,-0.0021586702,0.03810366,-26.218207,0.6514375,16450.597045898438,3546.2802662849426,2696.303830385208,3546.726004600525,782.530326962471,1579.3948316574097,919.4165889024734,577.6316518783569,636.6169607639313,1114.000390946865,440.6340872645378,478.08287090063095,419.7869181036949,984.9661332964897,330.5055269226432,375.1328912079334,205.21472564339638,109.91946143656969,109.4670347571373,126.99103900790215,122.74858294427395,79.8610988073051,121.12860171496868,92.67179016396403,66.06474276259542,70.7909782808274,327.5871997177601,160.2082582525909,103.96832837164402,65.28856387920678,36.59233494102955,41.76158005185425,44.74495171941817,62.896428134292364,24.241547618061304,41.2068937048316,46.05426907539368,22.95300117135048,32.56328675895929,595.7796606308823,1614.5950364150092,779.5907053622374,1796.1928729654499,2692.2314854408005,3549.2832983413023,190.13899436256355,2246.455248360331,0.0,0.0,0.0,0.0,0.0425000,0.0825000,0.0825000,0.2125000,0.2125000,0.4225000,0.4225000,0.5125000,0.5125000,0.5425000,0.5425000,0.5725000,-29.064009,-24.55459,-24.18774,-23.8589,-30.795776,-24.848227
0,-480.3973,85.26711,13.877509,29.39035,-5.9158626,24.232807,5.301828,9.418716,-2.713511,-2.549476,10.32961,-4.1276784,-3.7678013,-4.490555,-1.148082,0.90589446,0.21796814,0.6034229,-0.14970447,0.17350401,-0.2868413,0.038553562,0.6088684,-0.34523693,0.01332726,0.55791426,0.2782467,0.053306043,0.03298622,0.12641725,0.016390665,-0.009901255,-0.0736063,-0.043896157,-0.049190953,-0.031545818,-0.076686375,-0.026354209,0.07404161,-26.400449666666667,0.6904375,15807.665740966797,7236.2359919548035,1615.3439722061157,1676.7429524064064,1057.2955206632614,1888.8734447956085,949.0963964760303,566.4569086432457,511.00578647851944,1327.2121667861938,1018.3033784627914,418.1402505040169,473.3944987654686,1353.6128160655499,425.72275626659393,374.9636559933424,182.0980874747038,220.23968825489283,87.94544783234596,147.73458179086447,101.54390513896942,73.31587527692318,127.58577752485871,106.56367054209113,82.29747278988361,111.91267018020153,383.9066756218672,149.12525413930416,116.10441810637712,53.81297392398119,54.24075244739652,41.55622809380293,48.12723744288087,49.94882083684206,34.40695619955659,69.8622598350048,51.31834952533245,27.557992208749056,37.29432599246502,0.0,981.683641762286,0.0,1096.6280248579897,0.0,2613.1682504354853,372.0627123666935,2411.462204153844,0.0,936.7717751788216,0.0,1234.7120406715155,0.0425000,0.0725000,0.0725000,0.1325000,0.1325000,0.2425000,0.2425000,0.3325000,0.3325000,0.4725000,0.4725000,0.6125000,-29.376558,-27.351624,-25.706261,-24.762133,-26.208981,-24.997141
0,-555.9867,85.383255,19.824286,31.405533,-10.320986,18.887516,3.0987384,3.6043499,-2.4418254,6.7080183,4.798973,-4.6539536,-2.4074564,-1.4871006,-0.10198759,0.13854647,-0.2650511,0.06482069,-0.6766961,-0.13708793,0.36292312,0.18896183,0.37136447,-0.036194008,-0.0001839722,0.1552666,-0.31906545,-0.04869716,-0.009157289,0.13059038,0.04343316,-0.010144291,0.05591751,0.05504727,0.10971862,0.062874906,-0.02165474,-0.07995564,-0.058036577,-26.746413833333335,0.8964375,13683.044067382812,5058.210129261017,1573.5149984359741,2107.2781108021736,1065.3962190151215,1390.7215880155563,534.8283812999725,635.6092165410519,632.5391689836979,1582.7989241480827,731.445775359869,553.8902814388275,343.5913643464446,1037.240740723908,273.7917674276978,264.0125185251236,190.97450756654143,175.08925111219287,126.78683051466942,122.07787370262668,87.09687718376517,80.53100103884935,122.6598185673356,114.39927253127098,65.8946778587997,69.05707013327628,320.35534680914134,126.33363334462047,104.17927562072873,56.24486873485148,49.015909688547254,40.11366993561387,52.777875802479684,60.73519800230861,40.04763368703425,52.260280940681696,48.40993474191055,33.34879680164158,31.40371199324727,0.0,788.5213930950569,407.0319791133426,2011.1410749701436,0.0,0.0,0.0,1370.3941429484605,0.0,0.0,0.0,1513.6325831685588,0.0425000,0.0725000,0.0725000,0.1925000,0.1925000,0.3525000,0.3525000,0.4525000,0.4525000,0.4825000,0.4825000,0.6025000,-29.570654,-25.29224,-24.908958,-24.641272,-31.206299,-24.85906
0,-496.57983,97.5068,10.146542,40.68689,-9.903797,26.773834,8.697857,11.042517,-1.7969604,-9.723438,2.5261912,-11.303065,-4.210797,-0.6095762,-0.2046835,0.14616656,-0.78227854,-0.40407354,-0.21723405,0.18680589,0.24708468,0.3689097,-0.02459896,-0.059475243,0.09659553,0.073522605,0.105830975,0.23502605,-0.048635706,-0.02426786,0.07067003,-0.16098587,0.04543305,0.05725099,0.056914523,0.002642521,0.04936183,-0.107008815,0.012170177,-26.408095,0.8295,13947.267150878906,7083.535140991211,1056.6041684150696,2346.5171251893044,547.4980835914612,1981.8628668785095,1176.4732366800308,515.4002789258957,651.1755747795105,816.7316217422485,583.6165093779564,931.9668576717377,443.5364698767662,959.6660371124744,239.63732266426086,343.5706809461117,217.19698864594102,201.64850135147572,80.9069098457694,175.82833024859428,97.31538066826761,69.49279771745205,161.1325794160366,117.90116460248828,111.86424849554896,79.59639539569616,470.7213861942291,162.00836861506104,145.60356430709362,59.78354962170124,53.29082592763007,50.90399498306215,56.37369488179684,49.72172696143389,31.83183417469263,54.2898774407804,43.62338952347636,39.96331360191107,41.470398642122746,0.0,918.4831082476364,0.0,0.0,1962.1518831003177,2664.2757280665487,240.3368825830225,2309.2792920485044,796.2869578127401,1539.4255739664313,0.0,1348.578664483249,0.0425000,0.0825000,0.0825000,0.1825000,0.1825000,0.3925000,0.3925000,0.5325000,0.5325000,0.5625000,0.5625000,0.7225000,-27.029572,-24.274792,-24.581379,-24.825823,-32.323933,-25.413071
1,-567.84625,90.247635,16.333212,24.791416,-7.1302342,19.219873,2.9114594,7.911753,-8.4257,8.581553,-4.570116,-5.7332025,-5.2102113,-0.08578423,-0.07311915,0.043596707,0.026327088,-0.037187457,-0.042979132,-0.07734719,-0.056108758,0.049569968,0.025206737,0.015824882,0.07178535,0.020004213,0.002559138,0.04216103,-0.00010246307,-0.014344095,0.034736406,-0.023194036,0.004117464,-0.021289924,0.012870994,0.034252305,0.009548648,-0.0029082617,-0.008812738,-25.204938,1.197375,10186.663055419922,5048.8190903663635,1721.650857925415,1886.7491900324821,575.0476053953171,1490.4010805487633,665.4307092428207,430.17649376392365,565.2292132079601,1570.986794769764,392.68815433979034,650.9936632514,370.5071984231472,504.3403294235468,281.64038188010454,279.9453738555312,143.7862028479576,110.3531826660037,128.05171592906117,174.35557740926743,84.04502413421869,70.78135045990348,108.74843576550484,71.33010839670897,99.67792086675763,57.921068385243416,227.09588341228664,139.37628671899438,110.33393862470984,44.983876856043935,48.19901028648019,41.54702649638057,56.203044538386166,47.741339075379074,28.510276639834046,50.253450486809015,45.40707764029503,36.29000257886946,31.820335973985493,0.0,973.0172272337916,0.0,0.0,175.8716254935307,2353.5363306997892,0.0,0.0,1047.9867952466489,1330.4442083030872,0.0,1197.4461921319846,0.2125000,0.2725000,0.2725000,0.4325000,0.4325000,0.5925000,0.5925000,0.7125000,0.7125000,0.8325000,0.8325000,0.9925000,-26.124884,-26.749279,-24.663536,-24.613394,-26.021627,-23.056908
1,-545.9102,91.331505,6.9845667,34.841484,-12.733552,22.487366,4.5784454,10.799133,0.7033822,-5.733271,13.144397,-8.772568,-3.3080544,0.8093623,-0.23243839,-0.49734452,-0.43197685,-0.06908759,-0.011183071,-0.44289327,-0.047536377,0.21219496,0.3399277,0.32096872,-0.30018178,0.013612866,-0.44516933,-0.15066949,0.12369838,-0.041857567,0.037407897,0.07165027,-0.026021471,-0.06857372,0.009804963,0.008876875,0.020695934,0.0761506,-0.0035976057,-25.134120833333334,0.759125,16728.659606933594,6899.955975294113,2601.9054478406906,2239.423173367977,1366.5485870838165,1762.1548100709915,1097.3609013557434,824.1804246604443,354.11188420653343,1030.3164941072464,1275.7866157889366,886.7475252151489,636.3911820054054,1033.5074290633202,342.61053624749184,313.6020306497812,148.95063799619675,147.96731235831976,120.81757460534573,161.33803689479828,94.47133429907262,63.80723652616143,122.63131404668093,88.76863833516836,97.77170096337795,102.9210475385189,255.23401822522283,144.8106176480651,106.59911564737558,42.77751396596432,40.714812085963786,47.043813882162794,59.5271112434566,52.04615378379822,34.2069022138603,47.589312221854925,38.41570076160133,27.039685560390353,38.620397090911865,0.0,747.3912666071554,0.0,1123.1949982942858,0.0,2558.967250094864,269.630767906466,2426.7823167861548,0.0,0.0,859.8480519158447,1397.7641743156403,0.0425000,0.1325000,0.1325000,0.1925000,0.1925000,0.3625000,0.3625000,0.4825000,0.4825000,0.5925000,0.5925000,0.7225000,-23.014259,-24.5194,-26.196009,-27.342337,-25.991688,-23.741032
1,-564.8357,82.66982,24.04848,32.06522,-0.28232738,20.142088,8.387547,12.810208,1.5404673,6.8915677,3.5472417,-3.3019211,-1.8755616,-2.792193,-0.34269503,0.20401205,0.38168478,0.45395872,-0.17146282,0.07145044,0.21013854,0.023196364,0.057418615,0.2041823,0.15966392,0.3462094,0.041414343,0.019611988,-0.003997353,0.051214717,0.034366954,0.14506754,-0.01467291,-0.048245773,-0.029741878,0.020137364,0.04020721,0.003288824,0.0068777767,-25.641015833333334,0.7434375,14100.770111083984,5910.199508905411,1877.5462799072266,1850.7433295845985,1045.51797413826,1535.1311802864075,1094.9595708847046,654.4973366260529,523.9534709751606,1381.8300006389618,698.1363549828529,353.68444526195526,547.7582077085972,701.823220834136,319.7618288472295,252.39627914130688,171.3423827290535,181.61069259420037,104.04257365316153,121.33138275519013,89.31192987784743,62.100992223247886,127.27899420261383,96.60751317068934,65.75620885193348,85.2188546359539,258.43578250240535,118.72508569061756,79.37506438791752,47.44681242108345,40.15724317729473,53.674521915614605,44.34578840248287,53.33181707561016,28.023669313639402,43.06536243110895,45.525615476071835,17.936841615475714,36.517254173755646,0.0,897.1377966770962,0.0,1338.6386773565398,0.0,0.0,0.0,0.0,0.0,1163.2259774125885,0.0,1412.6547785948292,0.0425000,0.0725000,0.0725000,0.1425000,0.1425000,0.2525000,0.2525000,0.3525000,0.3525000,0.4425000,0.4425000,0.5225000,-26.166803,-23.881479,-24.024542,-25.842571,-26.920492,-27.010208
1,-508.5298,73.743195,6.188973,23.129723,-15.09777,33.00452,-2.8208146,8.04439,0.13348843,-2.671625,12.61854,-5.0686336,1.9926326,-2.7016702,-0.08326284,0.052752443,-0.6602683,0.28125918,-0.19063741,0.14884704,0.3257551,0.52240056,0.38604337,-0.08563049,0.0052710464,0.2767488,-1.2954812,-0.100564994,0.5498664,0.28855196,0.3425385,-0.15005547,0.011895097,-0.119733416,0.057685286,-0.035600297,-0.017049283,0.12114272,0.06539404,-26.721558166666668,0.7088125,11729.473083496094,5371.031726837158,1051.092143535614,1473.067732334137,561.2214127779007,2857.680883407593,576.7496701478958,606.9997118711472,796.5634098649025,1191.0427582859993,1204.4925493597984,705.5930258631706,811.3103030920029,1529.4294673502445,283.74261932075024,397.6684838235378,237.93523278832436,224.9846614934504,66.91104516386986,185.46031033992767,103.51933392137289,96.67725898697972,131.6160974353552,89.39465352520347,119.81806523352861,90.66234214231372,333.67183512449265,158.6217128559947,150.03396554291248,47.814046531915665,62.07750889658928,48.90815715864301,49.643769638612866,49.76718705706298,30.130678911227733,51.670771449804306,46.59763150289655,40.58805760741234,33.85482153017074,0.0,1064.0935196156713,269.1910249535781,1137.1129703679103,0.0,1948.9939551121033,0.0,0.0,597.4132196216584,1679.4644671768626,859.651814558738,1469.9230790214747,0.0425000,0.0725000,0.0725000,0.1925000,0.1925000,0.3725000,0.3725000,0.4025000,0.4025000,0.4925000,0.4925000,0.6525000,-27.314535,-26.011251,-24.834286,-27.671448,-27.405613,-27.092216
1,-493.3145,67.22173,14.935307,22.998339,-9.835671,26.856771,-0.7744824,8.409419,6.53739,11.131429,1.9528551,-4.1466794,-2.9938724,-3.3428588,-0.7255315,0.40928742,0.28669655,0.4542493,-0.07482548,-0.16616347,0.2719031,0.12215938,0.14276469,0.17156208,0.045305632,0.25196868,0.13561381,0.1206636,-0.095513105,-0.047723148,0.025544422,0.10431667,-0.022111332,-0.008603015,0.03688904,-0.030616319,0.044593707,-0.046527106,0.0033720594,-25.9731055,0.7016875,16306.404541015625,5710.23631477356,1569.9854486584663,1290.3389253616333,1022.8765988349915,1972.7287222146988,975.3314952850342,380.13132701814175,700.2639030218124,1814.7630712985992,721.5269186496735,625.68547976017,348.75642305612564,739.4808080792427,292.91408944129944,288.57415314018726,218.8897884786129,125.73326982557774,85.04895557463169,139.01932798698545,89.52162346243858,73.60370882600546,169.1118205850944,98.72562898881733,92.10308450460434,82.26728504151106,298.55226327478886,157.52766348049045,107.14685672521591,55.79129949212074,54.19087106734514,45.87279796600342,45.26827875897288,51.264363972470164,47.30680054053664,56.32372388150543,52.98558591492474,39.6320884488523,41.6347023928538,0.0,756.957504250203,0.0,1060.705770660328,1686.465490193112,3243.7058071341467,0.0,1664.8556295374267,694.4346118756731,1670.2995611011263,0.0,0.0,0.0425000,0.0725000,0.0725000,0.1425000,0.1425000,0.3225000,0.3225000,0.3525000,0.3525000,0.4425000,0.4425000,0.6125000,-25.818666,-24.740206,-24.200573,-29.595053,-25.935356,-25.548779
1,-592.68304,67.06845,3.3029842,19.817244,-4.228555,22.199463,1.6046234,8.528374,0.80077827,7.4343686,9.5156765,-8.547773,2.253088,-1.3208894,-0.5498527,0.12134791,-0.22607784,0.11245309,0.056088775,0.05297569,-0.0054584225,0.12600301,0.065754294,0.24072257,0.26177317,0.18667325,-0.16130283,-0.09916336,0.19171293,-0.06332099,0.085554175,-0.05779015,-0.10490181,0.19549249,-0.024259754,0.004011394,0.00069338165,-0.0367322,0.0467844,-26.817539333333333,0.70125,6505.646057128906,4313.419181346893,1343.0015904903412,1306.4584278464317,755.7094547748566,1330.8857198953629,821.95048391819,461.98748207092285,414.4578205347061,1466.861149072647,975.3742970228195,548.8147479891777,574.0742630362511,1331.903833821416,290.2893357872963,467.4637641906738,287.2607879936695,250.6126883327961,99.35085215419531,140.20572685077786,139.27983574569225,72.40718786977232,147.21437379717827,91.67017621733248,103.87693349272013,74.88550642505288,410.02680310606956,156.9951442629099,134.2001017499715,67.68297750502825,60.90266723558307,39.08020095620304,52.02659311518073,69.24585381150246,37.183145344257355,51.619524654001,44.511398061644286,26.8555405754596,34.80471932515502,0.0,0.0,0.0,0.0,0.0,2592.987188523147,575.3722930584728,1998.3145538039987,765.85805443483,1767.6915014073352,951.5668028680512,1795.1155768947854,0.0425000,0.0825000,0.0825000,0.1825000,0.1825000,0.3325000,0.3325000,0.3725000,0.3725000,0.4225000,0.4225000,0.6125000,-26.428249,-25.575392,-25.288839,-29.78717,-27.32666,-26.498926
1,-468.9591,87.39618,29.96932,27.999134,-8.165438,24.290777,0.0929481,8.536773,-1.7847573,0.2994139,1.13839,-7.8438826,-5.230904,-0.15132448,1.3243873,-0.7151069,-0.86926717,0.2029577,-0.524736,0.45472264,0.15519267,0.3305205,0.26730534,0.06790171,-0.037158486,-0.14503416,-1.1614459,0.26101905,0.14049761,0.10957377,0.20369193,-0.044406682,-0.0117229475,-0.08760889,-0.02374618,0.105879694,0.055031996,0.022372372,0.06665041,-26.4483235,0.63,20482.714935302734,5415.73690366745,2360.768205165863,2133.1409740149975,812.4354615211487,1722.8233711719513,807.5020306110382,553.2910925149918,448.12998139858246,1087.1240026950836,576.9552951455116,1026.5044337511063,560.2132375836372,1284.0504435300827,328.08744552731514,344.2833473496139,196.4160049110651,189.69831726700068,105.05498944967985,213.95904844999313,112.07674142718315,62.82717075571418,97.57498437445611,83.80009728483856,86.73928013443947,72.4880704395473,343.15934620052576,138.12343166396022,91.89822297170758,59.394568137824535,55.48750097863376,45.248229309916496,43.55482171033509,51.32141970470548,27.42327132821083,45.45536305941641,45.152747029438615,28.34791174530983,36.064488927833736,0.0,969.3368457030407,0.0,969.1131490591133,0.0,2441.9286004007413,235.40044261051975,2748.9863281108237,472.68915887955745,1784.5752409964196,0.0,1176.0286814861422,0.0425000,0.0725000,0.0725000,0.1725000,0.1725000,0.2925000,0.2925000,0.3925000,0.3925000,0.4825000,0.4825000,0.5925000,-31.850103,-25.261673,-24.625053,-24.53775,-28.706944,-23.708418
1,-552.8794,87.147194,18.065523,27.98962,-4.89377,16.239738,0.6814133,5.8623614,-5.2491603,3.1812403,8.440672,-9.182885,-7.772731,2.7267888,0.72872615,-0.7325823,-0.95733076,-0.80792964,0.21786815,-0.2640741,0.115695156,-0.038368065,0.2002085,0.36206156,-0.2664247,-0.36070397,-0.3813017,-0.24537931,0.06915962,-0.10257101,-0.006390623,0.059731875,-0.013352984,-0.026737915,0.055977423,0.05367284,-0.039087303,0.06838678,-0.06317746,-26.218956166666665,0.8174375,12719.13818359375,5865.195352077484,2255.399303793907,2250.3977632522583,1319.657753109932,1260.0556139349937,1231.4208409786224,460.6737358570099,356.2046555876732,1111.8381915390491,1008.9054329991341,641.0672561526299,392.5896569788456,1296.1895471215248,389.3837262094021,356.19072226434946,175.42591398954391,220.45681785047054,102.25022138655186,189.2175316773355,111.79679227806628,74.97310405597091,118.77915128320456,96.14213312417269,118.79327802360058,103.49000900238752,351.55025025457144,99.36560440808535,113.9311501570046,64.57608839869499,55.83861130475998,49.57121258974075,65.76374841108918,45.746818874031305,37.385035599116236,50.344570751301944,48.044613271951675,34.30330424674321,39.555481819435954,0.0,654.2040451579272,0.0,965.4255435142102,0.0,2773.9997813964865,292.4184359785941,2426.031116346624,481.84301613954966,1795.3350947618353,750.7818182459117,1355.4510812149463,0.0725000,0.1425000,0.1425000,0.2825000,0.2825000,0.4025000,0.4025000,0.5625000,0.5625000,0.6725000,0.6725000,0.7825000,-27.622467,-26.622614,-27.115011,-26.021606,-25.480324,-24.451715
1,-560.07635,90.04646,19.021072,24.233723,-1.4202887,19.47686,6.699168,9.578877,-1.9933233,5.0899467,-1.8599046,-4.933452,-6.0953045,-2.9452717,-0.43521821,0.020049527,-0.21515536,0.24413903,-0.24291782,0.12186319,0.2534925,0.14996295,0.015324771,0.06323669,0.07909998,0.15424925,-0.31743726,0.0377015,0.11409802,0.1374035,0.12246566,0.014897415,0.025424069,0.016474571,0.012751205,0.027253555,-0.029032385,-0.058156464,-0.0014207773,-26.5104705,0.988125,13778.395111083984,5714.666299343109,1972.3183460235596,2038.046863079071,879.205899477005,1320.4534024000168,970.1847676038742,516.9577705264091,884.3581360578537,1403.8561325371265,616.3846813738346,459.6414016485214,432.59591045975685,901.7371233701706,264.9876121133566,280.4813532438129,236.7650494594127,206.82085879147053,126.8887302428484,116.36839716695249,114.62558738142252,62.96195571124554,111.91531844437122,89.64491192996502,70.29895291849971,91.69653345271945,305.7626928091049,111.30160569399595,107.28191999718547,59.776553839445114,58.203199952840805,47.22246915474534,41.92995638772845,53.668523874133825,25.6897688023746,48.57570722512901,44.86525771766901,33.161825301125646,35.182184640318155,0.0,593.3186041520732,316.9729799149036,1185.2285190708444,0.0,0.0,0.0,1978.1236249183437,880.9301291672472,1565.0313303731546,0.0,1315.899827314198,0.0425000,0.0725000,0.0725000,0.2225000,0.2225000,0.3425000,0.3425000,0.5025000,0.5025000,0.5925000,0.5925000,0.7925000,-30.903465,-28.43618,-25.068579,-23.380157,-26.552408,-24.722034
1,-558.2132,85.26552,-4.418447,24.76384,-0.66680276,5.5857506,-0.39604598,3.5503461,-3.398257,-0.14186607,6.3901787,-14.985113,-4.436433,-1.4474572,-0.5633622,-0.097674906,0.015112687,-0.11809355,0.2013964,0.076947175,0.18759234,0.33742452,0.101255,0.1239885,0.36609942,0.124120235,-0.16453137,-0.025513286,0.018390782,0.15258586,0.18860932,-0.05048452,0.01872695,0.021437539,-0.09141905,-0.08373696,-0.08665795,0.027130932,0.13386531,-26.885538166666667,1.0914375,10102.134948730469,4827.0434584617615,1925.2615973949432,2879.6688621640205,1065.06454539299,757.8733767271042,754.6974437236786,664.9459258913994,703.7707124650478,981.982831120491,873.8084486722946,1043.6028563976288,575.7443313002586,1589.758900001645,423.64047664403915,413.3379198368639,328.29978862032294,213.934230517596,122.04305362701416,211.81242513470352,114.23884349688888,86.72659965604544,114.81285208463669,93.81526764854789,132.29646317474544,105.92966535687447,438.3219281286001,161.87245527654886,108.0338350199163,79.97816581092775,78.06727107428014,52.97286567837,55.5366765037179,55.41223439946771,50.76469910517335,65.44160538353026,52.92869838979095,42.65899999067187,45.85802115313709,283.3769097757971,1375.7041781628213,0.0,882.2494605524774,0.0,2677.907515170139,257.4849455920908,2252.90017617518,459.7142251106215,1744.3902200883563,787.9361411471732,1442.8551047252297,0.0425000,0.0825000,0.0825000,0.3025000,0.3025000,0.4725000,0.4725000,0.6325000,0.6325000,0.7825000,0.7825000,1.0225000,-27.920643,-25.648619,-26.492851,-25.118492,-29.689722,-26.442902
1,-500.9786,78.16261,16.70987,18.111137,-6.171229,27.971367,4.5054135,12.398756,2.3200278,8.802964,6.347834,-7.555426,-0.67233616,-3.6480076,-0.12761004,0.15863529,0.14161968,0.6307959,-0.30218375,-0.02740841,0.27400532,-0.013903086,0.12247337,0.12419379,0.1333876,0.35064268,0.09954178,-0.018759152,-0.00617271,-0.041588902,0.0590257,0.1300531,-0.03151327,0.0313152,-0.046214614,0.00942172,0.08140943,0.076814085,0.06936319,-26.7462345,0.708,16478.054901123047,5746.7062702178955,1586.7090842723846,1140.7315732836723,1189.7120323181152,1786.9117231369019,872.1913973689079,744.2360761165619,569.3500647842884,1623.0970754623413,747.0429964065552,660.0383044183254,414.827842772007,735.2766493037343,305.145715046674,252.4259225949645,154.31370027549565,126.35761439055204,116.0457418486476,120.87695426493883,100.47960362583399,72.04302455484867,142.31162637844682,105.08965929597616,91.62393800914288,87.32552713155746,254.3034794330597,137.5484073460102,115.29038843512535,48.663059156388044,36.19941886514425,53.91413376480341,44.49629959464073,50.953180227428675,42.72798906266689,48.18213904649019,46.946937557309866,25.15342939645052,32.12287176866084,0.0,814.0564409919973,0.0,1331.2192903038724,0.0,2861.0862066790546,677.2339571345258,1721.0615181938085,807.5064549415061,1431.6088582206573,0.0,0.0,0.0425000,0.0725000,0.0725000,0.1525000,0.1525000,0.3125000,0.3125000,0.3425000,0.3425000,0.4025000,0.4025000,0.5825000,-27.324684,-26.007374,-25.051769,-27.464865,-28.24003,-26.388685
1,-541.8448,64.3618,23.798895,18.157028,-6.6613536,31.639437,2.617217,11.4649935,1.5927875,9.60494,3.916068,-1.8173827,-3.514907,-1.4369532,-0.25386,-0.34993485,-0.6136293,-0.18449591,-0.2547383,0.055303223,0.4680726,0.37112173,0.21426436,0.31986034,-0.17733261,0.24511187,-0.68903565,-0.00863463,0.08251981,0.27142876,0.1679957,-0.08178196,-0.04826352,-0.010395979,0.05600751,0.020929575,-0.008157172,-0.009094065,0.012791892,-26.3186845,0.690625,12086.193359375,5637.278603076935,1927.2998542785645,935.464804828167,387.10743474960327,2739.234631538391,960.7117511034012,894.8219981193542,911.7686524391174,1692.2841693758965,883.9135928750038,946.4436015188694,523.0220046639442,1211.700800895691,298.1189440190792,387.50198951363564,242.13863334059715,149.04255594313145,78.38268389552832,182.98352234065533,102.86849499493837,85.28708314150572,167.50599366426468,100.48747134953737,74.43648876762018,91.84474837779999,381.2478879839182,132.06938668061048,102.31749297492206,59.04408599436283,55.93525977432728,55.20889540924691,49.25621082959697,46.318325996398926,31.60104743950069,51.61678808182478,48.25381656549871,21.204269509762526,45.127286105416715,0.0,1044.7267783041564,257.8699839055952,1216.088815926778,1346.1871730983069,2920.4934045300492,0.0,1717.7239874382026,0.0,523.1870254858169,0.0,0.0,0.0425000,0.0825000,0.0825000,0.1925000,0.1925000,0.3825000,0.3825000,0.4125000,0.4125000,0.4925000,0.4925000,0.6125000,-27.842167,-27.556761,-24.46364,-26.918945,-27.039642,-24.090952
1,-543.1104,63.883366,26.829323,25.815199,-4.1758146,29.35417,4.93215,10.842881,3.307729,11.358318,-0.13722156,-1.4535048,4.1332808,-3.4417317,-0.08665283,-0.19516973,-0.10799423,0.25319454,-0.4200918,0.069423616,0.019489432,0.17192483,0.15328485,0.13205601,0.19442575,-0.03881484,-0.36452523,0.07965436,0.074724734,0.088449106,0.14718819,-0.016683182,-0.013849649,-0.012353369,-0.059295077,0.009107749,0.016893066,0.050605346,0.024345865,-27.906736,0.740125,15511.06234741211,4828.389664649963,2204.6736941337585,1439.5973873734474,841.2985433340073,2490.384759426117,772.4904789924622,470.3304022550583,832.116672039032,1787.47576546669,781.0811348557472,690.1333164870739,646.2145012617111,902.1754906177521,268.6290583088994,376.2088044434786,221.5822266191244,192.8822803646326,108.42073701322079,112.22749059647322,80.20475117862225,62.25677708722651,141.57535801827908,127.2772586941719,79.78966110944748,71.61745418608189,329.19024048000574,144.8559623826295,129.40409153699875,42.70285525545478,52.41295187175274,41.90199916809797,50.21240818500519,51.773918255232275,29.970245994627476,47.92830962315202,42.798335168510675,24.305664774030447,34.80182812362909,0.0,857.8012776233649,0.0,0.0,1597.2659145578543,3426.8841273335847,0.0,1615.272845387116,1046.3953788696806,1847.454269126912,0.0,0.0,0.0425000,0.0725000,0.0725000,0.1625000,0.1625000,0.3225000,0.3225000,0.3525000,0.3525000,0.4425000,0.4425000,0.6025000,-32.401722,-27.963289,-24.704777,-30.268209,-27.045946,-25.056473
1,-530.6589,82.33705,21.569515,36.561634,-8.700771,23.460806,-0.5931712,11.840071,-3.1511726,5.6802635,1.1301241,-4.701837,-3.8365417,-0.48721462,-0.33669695,-0.047285996,-0.1539091,-0.14601882,-0.14500737,0.09382188,0.1609958,0.17935015,0.022769649,0.030378662,0.115418404,0.02193579,-0.4984273,0.028721305,0.0902486,0.15910591,0.21227513,-0.13570033,-0.04800155,0.01430021,0.00711613,0.045098986,0.04491441,-0.057394717,-0.034666166,-26.368917166666666,0.804375,11606.20004272461,5453.6977186203,2017.7804329395294,2142.4646310806274,592.2550228834152,1948.8444185256958,594.0272973775864,581.6617631912231,488.4072185754776,1413.0695518255234,540.2036912739277,319.0781850218773,339.84137761592865,911.5193308591843,246.9337845146656,322.1657567322254,215.48848970234394,184.56733193993568,73.5807127431035,133.27170844376087,98.02107387408614,61.89162066578865,137.14572048187256,100.47889329493046,45.898138102144,70.35023634135723,267.15850406885147,106.52513323538005,97.14004107378423,60.716161623597145,57.13041226938367,60.44647982344031,47.56028723344207,50.69922555796802,29.379074801690876,53.662974286824465,48.13861347921193,27.733633637428284,36.562663462013006,0.0,975.9075071402126,0.0,0.0,0.0,0.0,1716.110338568403,2527.900607761639,0.0,863.9398858919519,0.0,0.0,0.0425000,0.0725000,0.0725000,0.2125000,0.2125000,0.3425000,0.3425000,0.4525000,0.4525000,0.5425000,0.5425000,0.6625000,-27.789454,-25.07864,-25.382263,-27.12718,-27.044258,-25.791708
1,-522.1218,75.17508,6.466305,22.87867,-16.591366,33.12143,-0.17624345,11.669679,1.8681227,-2.3528275,13.598786,-5.272422,2.8418767,-3.2820926,0.2927975,0.9238354,-0.9232274,0.2898063,-0.40606895,-0.014095927,0.39409053,0.40186045,0.31796518,0.10509018,0.009308289,0.41345954,0.48015857,0.45463666,0.0009948846,0.00902188,-0.02744759,-0.07659239,0.012459971,-0.019603468,-0.015729472,-0.023419622,0.11921744,0.028064374,-0.009516033,-27.1467155,0.6988125,13400.93179321289,5761.928235054016,1280.6311964988708,1354.066803574562,854.227891087532,2662.906452178955,648.5023441314697,733.5315095186234,778.4177321195602,1280.8373954296112,1363.6394577026367,774.3296698331833,713.2901010513306,976.4163635671139,253.77660947293043,424.03914403915405,163.56369276344776,139.55647210776806,122.84420992434025,137.75582365691662,112.01423492282629,97.84183228760958,132.73941053450108,105.9111550450325,115.51824221387506,79.54907286912203,472.815528601408,195.40277682244778,105.92829289846122,44.388347160071135,68.38732730597258,51.19306468218565,42.68609577976167,52.393892873078585,23.54386404156685,50.741423796862364,56.982108384370804,27.894930386915803,33.86214419454336,0.0,874.6571815046306,0.0,0.0,0.0,2494.9959544629864,0.0,0.0,732.2579917493063,1520.1904415318775,0.0,1368.9937646130934,0.0425000,0.1025000,0.1025000,0.1725000,0.1725000,0.3525000,0.3525000,0.3825000,0.3825000,0.4625000,0.4625000,0.6125000,-29.309061,-27.541029,-24.518305,-27.732992,-27.456169,-26.322737
1,-551.295,80.05498,23.16038,32.74179,-1.1895747,25.04691,3.6773975,12.880978,-3.9502437,7.638199,-1.9175469,-4.3735948,-3.742381,-1.7060834,0.66276824,-0.0014917274,-0.2962054,0.13634576,-0.43002707,0.3406455,-0.06038253,0.047001325,-0.03768046,-0.21005718,0.14020398,0.119547375,-0.561897,0.1386887,0.14802541,0.16115922,0.104428895,-0.049704093,0.030038795,-0.014703864,-0.05554003,-0.017949497,-0.040967967,0.0035490203,0.050018135,-26.721674166666666,0.819,12614.312103271484,4621.583937168121,2128.6257313489914,2002.7170351147652,607.8343448638916,2184.096326828003,911.5129218101501,686.8027024269104,741.775128185749,1447.5442210435867,355.5967389345169,566.7771062254906,451.0059015005827,892.3086217716336,356.7761199846864,352.3534673154354,252.51176026836038,176.09879700094461,55.799142986536026,156.38288928940892,104.61585638858378,75.53342592716217,134.19839714467525,92.53177053108811,78.6325304955244,69.00882160663605,327.31363444402814,137.88952234108,107.93665160797536,63.230882830917835,40.82654497772455,43.82532746531069,46.66947019100189,53.72276997938752,31.842615301255137,50.910738069564104,43.342688923701644,24.238496109843254,34.48067747429013,0.0,935.3552443237221,0.0,1182.9598431651,0.0,0.0,0.0,0.0,938.8664689989438,1944.1482792247114,0.0,0.0,0.0425000,0.0725000,0.0725000,0.1825000,0.1825000,0.3025000,0.3025000,0.3925000,0.3925000,0.5325000,0.5325000,0.5725000,-30.872808,-25.735518,-26.009394,-28.020739,-24.888699,-24.802887
1,-522.3471,100.483086,9.616481,43.144527,-11.4895115,24.632208,3.3246994,7.764849,1.9370881,-5.555878,11.764838,-5.2444134,-4.0154405,-3.5691931,-1.1590571,0.8053564,0.3735035,0.45589334,-0.0068629566,0.07020818,-0.10770739,0.18937226,0.5848246,-0.14118321,-0.00091640727,0.5688406,0.36410707,0.10398017,-0.05189066,0.01540586,0.044312373,0.077242434,0.020786308,-0.01584582,-0.0892697,0.07030063,0.04660204,-0.019309929,-0.010770705,-25.974312666666666,0.7115,13534.105102539062,6646.022161960602,1414.357118010521,2343.7005345225334,844.4396679997444,1984.9118285179138,795.5405633449554,650.5752972960472,441.24976563453674,1344.709214091301,1135.0594984292984,520.0898199081421,645.2088576704264,876.5210974216461,316.3188230395317,395.8239272683859,227.55427592992783,161.93279829621315,64.28212746232748,184.9315221607685,87.89258877560496,50.723435290157795,126.95720814168453,119.59616491943598,72.41731816530228,115.76523873209953,312.3669803123921,147.07780403643847,133.7457378730178,70.67743875086308,52.91221036016941,46.54850803967565,55.97039292380214,47.572516767308116,31.449085873551667,52.3814605101943,53.99566893093288,22.507523687556386,45.66915075108409,0.0,0.0,0.0,814.4089838947264,0.0,0.0,0.0,0.0,744.8235703901057,1645.5238377380497,0.0,1460.2968187106858,0.0425000,0.0725000,0.0725000,0.1425000,0.1425000,0.2725000,0.2725000,0.3825000,0.3825000,0.4925000,0.4925000,0.6125000,-29.414434,-25.961416,-24.394026,-24.16287,-26.006392,-25.906738
1,-557.439,81.55131,21.861755,26.83224,-3.8404322,21.125834,0.693104,7.7246113,-8.381788,2.8915136,-1.362124,-6.7693605,-8.612053,0.86392933,0.09819948,-0.5798382,-0.58072317,-0.23147117,-0.008923987,0.10241979,0.31426275,0.34360144,0.118840225,-0.018468544,-0.06905892,-0.2836906,-0.14371221,-0.14040102,0.03977123,-0.043379925,-0.08835394,0.037253365,0.0018535638,-0.022577973,0.044420656,-0.018553754,0.023601804,0.06936001,-0.05039602,-26.392798166666665,0.923375,12421.19418334961,5294.326709747314,2452.9080262184143,2564.118845462799,602.2192080020905,1203.4046614170074,935.5074007511139,715.1505589485168,968.2473479509354,1224.3416361808777,429.7090344429016,787.9922733306885,531.0459441021085,1212.7499197721481,324.8333375006914,361.84293109178543,180.75586218759418,126.75694408267736,73.16973043605685,195.68880924209952,110.97201780974865,88.02944328635931,134.88140784483403,98.34436020627618,99.52068096026778,106.16147253289819,307.3945412039757,136.8358047567308,99.57437790744007,77.68082928285003,66.96433005854487,48.879895217716694,53.4164234995842,49.86594775877893,35.03940098360181,51.91500449553132,46.88764911983162,39.77924571186304,46.08824582770467,261.1121493913413,1740.985961645164,0.0,0.0,2140.30854407162,3571.7717984701735,137.29109196972345,2783.302618285577,0.0,1454.6731571513271,845.9940691793853,1597.1255570327862,0.0425000,0.1425000,0.1425000,0.3325000,0.3325000,0.5025000,0.5025000,0.6325000,0.6325000,0.7625000,0.7625000,0.8725000,-25.733288,-28.562426,-25.544296,-25.048031,-26.703623,-26.765125
1,-498.86008,83.73,20.09603,26.712498,-16.966099,27.211376,-3.081004,10.954669,-4.6795235,-1.0869327,8.968605,-3.7403154,3.2845197,2.119883,-0.71572685,-1.0428286,-0.66533214,-0.6154875,0.49691635,0.031811055,0.015727235,0.31176573,0.1520757,0.37951344,-0.12526485,-0.25782853,0.22792429,-0.30517995,-0.001158298,-0.09061018,-0.15461062,0.111830175,-0.09509126,0.042467274,0.06932997,0.09714289,0.026682775,0.016765326,-0.06641296,-26.306381833333333,0.768125,15376.56118774414,6002.721067905426,2520.4290087223053,1605.525050163269,1136.418960571289,1879.65429854393,821.3349407017231,502.1548984050751,616.5724225640297,1084.5331845581532,933.0627240538597,1069.0802186131477,757.9555084109306,1164.788450717926,392.2466710358858,348.35736805200577,157.9480200111866,173.08428540825844,122.91785523295403,194.24367928504944,103.94454899057746,109.22866723313928,172.40778747200966,87.99061246961355,82.5465872795321,115.76028607413173,360.5530995130539,130.56471161171794,94.01740582892671,45.102400133386254,64.31288957037032,61.709027241915464,62.160307441838086,54.982548765838146,35.4439124725759,57.37463803961873,42.12560711801052,22.76705021923408,38.13553135842085,238.4111356989584,2460.764914258885,149.19616612545423,1081.848049301566,0.0,0.0,0.0,0.0,533.1174259308661,1681.2723149758647,0.0,0.0,0.0425000,0.1325000,0.1325000,0.2825000,0.2825000,0.4825000,0.4825000,0.5125000,0.5125000,0.5925000,0.5925000,0.7225000,-26.927391,-27.397081,-24.18623,-28.136312,-26.898102,-24.293175
1,-430.28522,67.50842,8.496816,12.316657,-14.46156,27.92587,-4.5525894,9.481169,-3.5075538,6.377578,3.107062,-7.1755095,-3.650777,2.3089094,0.6490986,-1.701448,-0.66733676,-0.46818554,-0.24336429,-0.091856696,0.21938743,0.6827309,0.20015723,0.22439064,-0.44929355,0.14720954,-1.4081907,-0.11980913,0.17311098,0.25259587,0.24955785,-0.0673191,-0.06286884,-0.0039636292,0.017363032,0.10732085,-0.016490066,-0.03635407,0.10163231,-27.8702815,0.6496875,23303.550567626953,5212.863880634308,3280.6850004196167,976.4512946009636,844.3274965286255,1953.1181510090828,1176.5123316049576,581.0753180980682,658.509906321764,1422.5277564525604,587.067603468895,1578.8272576332092,249.42242524027824,1273.2660458385944,312.9211221933365,364.2103422880173,227.0996682010591,174.71815017610788,123.17466519773006,141.52396234869957,112.86285225301981,101.47194340080023,147.61303905770183,103.74159881845117,126.78578757867217,56.67128628492355,370.23691242188215,150.88356069475412,114.99822770804167,54.805463783442974,59.636566039174795,51.4841054584831,46.92549381032586,48.66711285151541,32.471269806846976,59.711890168488026,46.37235626205802,26.528396109119058,43.93789753317833,0.0,1051.9706620992235,0.0,0.0,1742.9217323130176,3723.3401982629834,0.0,1445.7845885875531,0.0,0.0,872.8863031032475,1502.200419189143,0.0425000,0.0725000,0.0725000,0.1825000,0.1825000,0.3725000,0.3725000,0.4025000,0.4025000,0.4725000,0.4725000,0.6125000,-32.671616,-27.564653,-25.344606,-29.459513,-25.821411,-26.35989
1,-508.84567,75.46595,11.881349,27.954544,-17.686485,33.09109,2.5958738,8.677229,-3.5183938,4.6280646,12.55669,-2.7477572,0.16249138,0.734504,-0.14237778,-0.63451254,-1.0569463,-0.5919432,0.09011374,0.13635492,-0.05574759,0.18355168,0.28321728,0.31697,0.25439948,-0.13876769,-0.75610524,-0.14346331,0.22574149,-0.04081961,0.17119732,-0.015027292,0.010369849,0.09931969,0.020432176,0.02864635,-0.051684324,-0.004147056,0.096452735,-25.8306705,0.8864375,13477.792022705078,6708.349747657776,2032.8770061731339,1620.46701836586,961.103663444519,3297.701238632202,760.8164346218109,367.8784709572792,821.7587729096413,1606.5918354988098,1377.3190132975578,630.9852096438408,685.2301886677742,1456.8874262571335,342.0594020932913,392.2252923697233,250.68247005343437,240.42882595211267,54.43342575058341,194.78434178233147,112.89006715640426,96.75584699213505,152.70076236408204,79.06799958273768,81.49448134750128,85.43560868129134,339.6891468986869,138.1391115039587,108.24318820238113,78.28068643063307,59.91997629776597,50.39582206122577,49.44256095774472,51.05339405313134,29.24135145917535,52.482780542224646,47.59577305614948,25.722384007647634,40.74330346286297,335.5021821657368,1484.2316064144463,0.0,1054.6135026692318,0.0,2559.939362033417,0.0,1658.659137429968,0.0,0.0,885.0301145754177,1315.9224274597939,0.0425000,0.1225000,0.1225000,0.2325000,0.2325000,0.4825000,0.4825000,0.5125000,0.5125000,0.6725000,0.6725000,0.8525000,-27.850777,-27.128473,-24.212046,-27.977743,-24.396866,-23.418118
1,-524.9085,83.963066,11.613927,18.673557,-6.632667,17.223772,1.6483496,4.1160307,-7.53284,4.6187096,-1.8002087,-8.620518,-4.6350513,-0.33285862,-0.34506968,-0.21496709,-0.4143776,-0.15542208,-0.15653776,-0.08626661,0.11436781,0.20463967,0.03608502,0.23277737,0.248969,-0.091878645,-0.5297627,0.1507191,-0.00093537173,0.07261045,0.09901617,-0.12201273,0.015546206,0.019162707,0.06972191,-0.048581254,-0.049249552,-0.062338457,0.08917335,-26.167134666666666,0.8909375,10711.40933227539,5204.925544261932,1643.0718814134598,1466.9727934598923,503.6298842430115,1305.3542323112488,577.0770652294159,371.4705882668495,881.075037240982,1317.9127443432808,530.8150666356087,626.1425752043724,358.02349354326725,885.135006994009,210.76445929706097,331.3506709933281,273.4732745140791,208.1070737168193,95.88363081216812,135.8981272727251,80.37962039606646,74.50877702981234,102.55532844830304,87.9214719813317,70.96421548444778,64.52905259095132,241.757916405797,128.3856071382761,97.16676881723106,51.776184897869825,39.983641259372234,57.32069034129381,44.14912233687937,47.04047676548362,34.758626479655504,55.25361896492541,44.34592171944678,23.855203110724688,39.04010392911732,0.0,0.0,0.0,0.0,0.0,0.0,0.0,1469.3122995693268,1049.3743075272457,1332.2065668493656,0.0,1231.20753768437,0.0425000,0.0925000,0.0925000,0.2225000,0.2225000,0.3425000,0.3425000,0.4325000,0.4325000,0.5225000,0.5225000,0.7025000,-27.278856,-25.944263,-25.804239,-25.905416,-27.774576,-24.295458
1,-520.67883,74.534386,4.6714387,16.572046,-6.5279803,31.111084,-5.5438547,16.729649,6.140087,3.0340748,16.060743,-5.395199,8.671293,-5.2702603,-1.3926706,0.53962237,0.48304924,1.0706877,0.23992082,0.21895821,0.10008561,0.48204166,0.74015236,-0.13911952,0.1197962,0.32828715,0.16980486,-0.075776085,0.20605515,0.31932256,0.052847654,-0.19505998,-0.032119755,-0.061750483,-0.12583919,-0.05391687,-0.09770089,0.047433257,-0.023790142,-28.546196666666667,0.5998125,13587.020111083984,5644.280900001526,1136.8168284893036,1113.3597440719604,993.2103141546249,2453.119867324829,579.6868419647217,866.1012661457062,851.597961306572,1557.0715203285217,1345.317200422287,448.38705372810364,844.1130059957504,1540.0371568500996,437.6502106189728,435.53531059622765,217.50575467944145,192.67861848324537,119.34163228049874,157.3265585526824,120.90927661955357,98.600172072649,134.50889447331429,73.15103491395712,103.55720067769289,68.93365275114775,369.2816593647003,160.2609963938594,128.73104497790337,65.47682861611247,45.78474990837276,42.93455928936601,55.42082254961133,63.77486767247319,40.480497892946005,64.52116302773356,49.04122252762318,31.643251724541187,43.339629612863064,0.0,0.0,0.0,1181.5587692101233,0.0,2369.5134897796893,0.0,0.0,677.2807523199377,1671.8917138863505,1087.5284916855321,1354.7932828518278,0.0425000,0.0725000,0.0725000,0.1025000,0.1025000,0.2425000,0.2425000,0.2825000,0.2825000,0.3425000,0.3425000,0.5325000,-32.69722,-31.51763,-25.609049,-27.816559,-27.223318,-26.413404
