0,-402.1684,-36.214085,33.92614,33.035072,-9.252669,11.084344,-1.0522114,1.7959052,-4.899255,-5.26422,-1.4585894,6.539601,-12.247928,-5.6375756,0.5744468,0.14210652,-0.7993718,0.007369691,0.36532724,-0.054913178,0.42563644,-0.004122373,0.5329552,-0.006148161,0.2812955,-0.05431942,-0.15574518,0.066970475,0.026952013,0.0012592832,0.05564613,0.018561978,-0.032655254,-0.03533999,0.034891162,0.010244488,0.004717635,0.024280842,0.01641308,-27.838490333333333,0.6821875,0.0425000,0.1725000,0.1725000,0.2025000,0.2025000,0.2325000,0.2325000,0.2825000,0.2825000,0.3925000,0.3925000,0.5125000,-27.414734,-28.181509,-28.896057,-27.659718,-25.488686,-29.390238
0,-382.52405,-54.940907,42.70053,35.225452,-6.101693,3.3398266,-0.14968461,-7.285027,-11.718901,-0.15226275,-3.45693,6.2355647,-11.408194,2.0226538,0.6671425,-0.60952264,-0.6605247,0.093605734,0.14361005,0.44671836,-0.9012505,0.87624997,-0.30562922,0.2636129,-0.3721856,-0.38323525,-0.20909719,0.023600664,0.18862414,-0.30765724,0.07294907,0.15474424,-0.12382149,0.09288189,-0.11732956,0.027375594,0.045299266,0.031389467,0.06526889,-27.216076833333332,0.57375,0.0425000,0.0725000,0.0725000,0.1125000,0.1125000,0.2825000,0.2825000,0.3825000,0.3825000,0.5025000,0.5025000,0.5325000,-29.127045,-24.415771,-29.184452,-25.763824,-24.462107,-30.343262
0,-534.1526,87.71377,29.245619,67.9212,12.077431,-3.2125525,8.9175005,17.787132,-18.200811,-3.6669848,-1.3591241,1.7073777,-4.6737833,-3.91661,-0.13315572,-0.4022836,-0.5686287,0.19452165,0.32360867,0.0637103,0.056437653,0.5579374,0.24131665,0.29843038,-0.019042471,-0.023671811,-0.06816145,-0.2258934,0.014518167,0.006617159,-0.06339694,0.08977907,0.11922785,0.036242858,0.07198324,0.070740476,0.10106888,0.012287331,0.066951625,-25.8360825,0.76125,0.1425000,0.2725000,0.2725000,0.3825000,0.3825000,0.4125000,0.4125000,0.4425000,0.4425000,0.5525000,0.5525000,0.7125000,-26.794079,-22.332348,-29.901388,-26.19808,-24.943981,-24.846619
0,-398.16782,-33.008842,49.291924,32.156334,4.550423,11.202012,-11.580415,6.817283,-6.9338717,-9.263104,-1.8390772,4.791765,-20.370598,-0.584133,-0.113844134,-0.18402079,0.05915766,0.23510073,0.0050286236,-0.20822835,-0.1313082,-0.08333604,-0.38166827,-0.18596561,-0.2530426,-0.2986341,-1.0759615,-0.18769278,-0.0809482,0.031955693,0.04606048,-0.07903094,0.050149743,0.022671474,-0.0008931164,0.034397583,0.01602324,-0.0114419805,0.0020875377,-29.056227666666665,0.907125,0.0425000,0.0725000,0.0725000,0.2425000,0.2425000,0.2725000,0.2725000,0.3025000,0.3025000,0.3625000,0.3625000,0.4025000,-32.100086,-22.687531,-29.775778,-30.677835,-27.091543,-32.004593
0,-512.56665,29.74306,43.955074,89.85988,-11.186036,17.204107,15.018391,10.368927,-2.2614312,-13.125273,0.33924478,-0.11240599,-12.175831,-3.3403285,0.65471417,0.14044629,-0.14516383,0.11641023,0.07037821,0.4381939,-0.19910295,0.56160116,0.09645375,-0.1361164,-0.121045046,-0.011960008,-0.5899403,0.11931472,-0.27996504,-0.15755826,-0.15329477,0.0155285075,-0.120495595,0.097979516,0.034525957,0.096042834,0.13200739,0.09330032,0.17161913,-27.36466,0.7921875,0.0425000,0.0725000,0.0725000,0.1625000,0.1625000,0.3425000,0.3425000,0.5125000,0.5125000,0.5525000,0.5525000,0.7525000,-35.996445,-24.100685,-24.861437,-23.98012,-30.363861,-24.885412
0,-537.89105,47.67464,57.820644,67.7958,-4.510565,18.563835,14.636631,17.474648,-9.840491,-11.464991,-0.8958378,-1.0109934,-2.5345724,-3.021761,0.4992016,0.12378436,-0.48970902,-0.042706836,-0.045445107,-0.12910554,-0.27309278,0.5025368,-0.029132511,0.054027528,0.053679813,-0.100089535,0.04535542,-0.17240359,-0.22782153,-0.13952403,0.015022846,0.044119794,0.048786767,-0.020832473,-0.031675212,-0.024384499,0.061907843,-0.048907496,-0.012562138,-25.660408,0.8710625,0.0425000,0.0725000,0.0725000,0.1625000,0.1625000,0.3525000,0.3525000,0.4925000,0.4925000,0.6525000,0.6525000,0.7525000,-31.270197,-23.93005,-25.56394,-23.736206,-24.97773,-24.484325
0,-537.6945,60.940647,33.351048,70.05385,-3.5967839,13.773798,13.274711,13.348218,-14.482149,-6.091008,2.4525046,-4.0017815,-1.0335805,-2.2641037,0.6564247,0.24714135,0.20206603,0.38200164,-0.14866185,0.16233286,-0.10517365,0.32764024,-0.102627106,-0.03468816,0.0898696,-0.18712473,-0.41130143,-0.043710984,-0.11615014,-0.14102086,-0.09393916,-0.041932546,0.008837038,0.019043043,0.07097845,0.038529646,0.04528536,0.012875259,0.0376839,-25.970835666666666,0.861125,0.0425000,0.0725000,0.0725000,0.1925000,0.1925000,0.3725000,0.3725000,0.5425000,0.5425000,0.7925000,0.7925000,0.8225000,-30.746592,-22.31354,-25.598177,-24.600611,-23.98984,-28.576254
0,-322.92825,-33.71827,46.347797,17.15621,6.475633,15.649984,-10.296108,13.258603,-9.824879,1.6682174,-1.6377392,3.3126826,-11.629086,-2.816168,-0.92727965,0.1831334,-0.57330054,0.80148864,0.34657934,-0.42781198,-0.03129526,-0.10315782,0.60688454,-0.009215252,0.05305607,0.22529285,-0.040849324,0.16770697,0.022243641,-0.08966337,-0.106302015,0.1157408,0.15323591,0.06800718,0.06593319,0.09415828,-0.024951791,-0.03764762,-0.051157597,-29.404980833333333,0.8494375,0.2725000,0.3025000,0.3025000,0.4125000,0.4125000,0.4425000,0.4425000,0.4725000,0.4725000,0.5425000,0.5425000,0.5725000,-28.305643,-23.139904,-30.508036,-33.076092,-28.88719,-32.51302
0,-520.9697,15.61492,48.963787,78.400795,-8.948352,15.849932,12.601418,21.3981,-8.295932,-2.4016957,-3.053411,3.7460654,1.3220258,-3.1502311,0.26329315,-0.2995324,-0.6670248,0.058997996,-0.1814699,0.039973326,-0.072127424,0.3990129,0.17150475,0.17069645,0.058266923,-0.0007479962,-0.13530006,-0.15769762,-0.08779395,-0.14729358,-0.053870868,0.084947355,-0.05432041,0.05242502,0.1345474,0.06662396,0.016114248,0.036049504,0.108733594,-24.8559065,0.835375,0.1125000,0.3225000,0.3225000,0.4025000,0.4025000,0.6025000,0.6025000,0.6325000,0.6325000,0.7325000,0.7325000,0.7925000,-25.776052,-23.49324,-25.374538,-25.082031,-21.46809,-27.941488
0,-539.5425,31.458027,51.345303,79.425476,-21.909771,13.076518,15.651034,3.9039128,-11.4339075,-24.647047,4.093578,-10.880828,-12.877679,-3.7776031,0.23725055,-0.0591765,-0.37220296,0.5007589,-0.025542373,-0.18995728,-0.2610764,-0.012242737,0.097675614,-0.23179516,-0.1006934,-0.1193219,-0.46161622,-0.100198336,-0.47935164,-0.31077296,0.050660692,-0.019383343,-0.026692685,0.01375393,0.11650675,0.13146946,0.1464346,0.10450717,0.072965555,-25.8983915,0.8199375,0.0425000,0.0725000,0.0725000,0.1525000,0.1525000,0.3225000,0.3225000,0.4725000,0.4725000,0.5625000,0.5625000,0.7825000,-29.973021,-25.519974,-26.957035,-23.198408,-25.945597,-23.796314
0,-545.7613,60.843025,16.19919,86.27193,3.9569266,5.698216,11.53127,5.924575,-10.656246,-18.54908,-0.12781028,-3.4543476,-15.939864,-2.8189058,-0.21647847,-0.75599945,-0.36487922,0.48886746,0.42967433,-0.5281261,0.07796094,0.33521286,0.070572354,0.24878453,0.0783142,0.16482155,0.045177247,-0.110581465,0.01457895,-0.047237527,-0.1673389,0.013559943,0.15707183,-0.04902134,-0.05221932,0.054017175,0.05482699,-0.010621839,-0.032381926,-25.772222833333334,0.8760625,0.0425000,0.0725000,0.0725000,0.2625000,0.2625000,0.2925000,0.2925000,0.4825000,0.4825000,0.6325000,0.6325000,0.8025000,-31.322363,-21.526346,-29.75358,-22.883339,-25.052523,-24.095186
0,-523.9339,38.28797,41.166435,74.67666,-3.0463123,20.35921,11.527157,17.967701,-4.1836953,-3.7266276,3.4937649,-0.60351354,-0.35752362,0.29858488,0.1553086,0.011132471,-0.16329773,0.09971482,-0.0044853543,-0.11136782,-0.09414156,0.056243137,0.0521454,0.17820653,0.033609264,0.036976896,-0.64302295,0.1393026,0.29672962,0.002172839,0.045926206,0.10029968,0.061782457,0.021286292,0.06279503,0.023424085,-0.07466103,0.06896497,-0.08438391,-24.204842,0.714,0.0525000,0.1025000,0.1025000,0.2425000,0.2425000,0.4425000,0.4425000,0.4725000,0.4725000,0.5625000,0.5625000,0.6325000,-27.222513,-22.120508,-24.407938,-25.533365,-21.369289,-24.575439
0,-562.50507,14.751781,45.917046,70.221054,-20.723442,16.580902,8.482351,6.103244,-15.912086,-17.682716,2.570392,-10.144903,-7.6324825,-4.168058,-0.077312514,-0.079053305,-0.4997974,0.19032687,-0.16224608,-0.18701866,-0.1808017,0.06289551,0.14753948,0.102848396,-0.024321815,-0.11936612,-0.1922195,-0.0025241373,0.03855117,-0.008460313,-0.15625378,-0.051007055,-0.0020727408,0.036315843,0.04797536,-0.029074907,-0.020326888,0.03253036,0.057029467,-26.528228833333333,0.89575,0.0425000,0.0725000,0.0725000,0.1625000,0.1625000,0.3625000,0.3625000,0.5225000,0.5225000,0.6325000,0.6325000,0.8325000,-31.179314,-25.201149,-27.921307,-24.276588,-26.025414,-24.565601
0,-548.426,61.761234,14.871602,70.1666,13.338802,-1.3573008,11.218195,15.6933,-14.230154,-13.975407,-0.6406746,1.1082232,-10.768398,-1.9356996,1.1589402,0.6510529,-0.28922105,0.13569848,0.18627301,0.14830956,-0.33654743,0.0599452,0.0656433,-0.17233108,-0.023206912,-0.15828867,0.012459295,0.044879135,-0.11905481,-0.05258463,-0.047054086,-0.02831946,-0.03719426,-0.0036192823,0.033605788,-0.017809182,-0.014599497,0.015559891,-0.007530907,-25.8615525,0.9915625,0.0525000,0.0825000,0.0825000,0.2425000,0.2425000,0.3925000,0.3925000,0.5525000,0.5525000,0.7125000,0.7125000,0.8725000,-29.535812,-22.168722,-29.011629,-24.190655,-25.848686,-24.413811
0,-585.59784,28.74517,46.26433,66.26547,-8.314852,16.589027,19.97757,12.936011,-15.375835,0.18840943,-8.364138,6.0440125,-2.6892948,-0.9508279,0.73211414,-0.5894741,-0.2923323,0.16132376,-0.23434313,0.14075829,-0.08007321,0.0064452672,0.037203107,0.018368647,-0.0762097,0.184651,0.0005693297,0.16640928,0.047715753,0.06484393,0.08427792,-0.0031704023,0.005079574,-0.00719652,-0.005782798,0.014332649,-0.026647566,-0.026553111,0.012757484,-25.739528166666666,1.0153125,0.0425000,0.1925000,0.1925000,0.2525000,0.2525000,0.4925000,0.4925000,0.6025000,0.6025000,0.8825000,0.8825000,0.9325000,-26.219814,-24.275217,-25.264578,-25.579668,-24.266788,-28.831104
0,-536.0589,45.220272,32.362736,87.787926,-11.023597,6.3067718,12.004589,1.3479847,-13.333307,-24.220947,1.5822326,-7.85797,-14.86404,-3.855122,0.30590984,0.21294817,-0.32025746,0.37514186,-0.40046725,-0.30168885,-0.3222907,0.14755361,0.016140081,-0.26681453,0.10666733,-0.09822427,-0.36527497,-0.11613158,-0.44188404,-0.22799386,-0.030908735,0.006905432,0.06375552,0.06603877,0.06356714,0.026090194,0.11029402,0.040613778,0.06294099,-26.050359333333333,0.846375,0.0525000,0.0825000,0.0825000,0.2825000,0.2825000,0.3125000,0.3125000,0.4925000,0.4925000,0.6425000,0.6425000,0.8025000,-30.063263,-23.778475,-29.234762,-24.011684,-24.30406,-24.909912
0,-536.4931,76.55202,-3.085499,66.000244,2.1804855,4.1704626,-3.3333163,5.5261297,-12.31817,-24.252554,4.8120546,-5.7170568,-18.731958,-4.308502,0.15927663,0.5357769,0.18911962,0.18258111,-0.11421346,0.18855898,-0.19720775,-0.06286388,0.0037830777,-0.2746357,0.243507,-0.25743997,-0.72749996,-0.06664808,-0.28177333,-0.31911653,0.13399792,-0.098277114,-0.034818713,-0.01922967,0.15245876,0.05739172,0.04865356,0.048580706,0.09988583,-27.089022333333332,0.838,0.0425000,0.0725000,0.0725000,0.2225000,0.2225000,0.2525000,0.2525000,0.2825000,0.2825000,0.6225000,0.6225000,0.8025000,-31.947851,-22.658369,-28.71871,-30.863485,-21.720366,-26.625353
0,-594.6502,53.48474,57.250793,66.90009,0.6463277,14.300532,17.734161,16.925123,-15.856969,-6.1190443,-6.705982,5.1171565,-7.1254287,0.4042609,-0.6783003,-0.14173569,-0.61874425,0.3766828,0.315891,-0.15806168,-0.01564781,0.13099454,0.25931725,-0.0099459905,-0.17173766,0.026854144,-0.22758193,0.15400001,0.18780485,-0.1361763,0.1004196,0.10173275,0.05950443,0.03250245,-0.05755572,-0.08989408,-0.008494563,-0.021608166,0.031684354,-26.244193333333335,1.066,0.0425000,0.0725000,0.0725000,0.2125000,0.2125000,0.4325000,0.4325000,0.6425000,0.6425000,0.7625000,0.7625000,0.9325000,-34.743275,-24.925228,-26.161304,-22.486618,-23.63143,-25.517305
0,-582.8759,61.21314,28.709822,86.66744,-8.310189,8.38833,9.036906,3.5818071,-9.534146,-24.110704,3.2462926,-17.13995,-2.4845753,-2.5832424,0.29244414,-0.13983436,-0.14759882,0.021566913,-0.28527167,0.03360869,-0.15254739,0.017046256,-0.13562109,-0.22863236,-0.0594696,-0.23351714,-0.67804164,-0.2569399,-0.37715706,-0.30780464,0.0069763004,-0.020179467,-0.04325195,0.060753662,0.018827317,0.074506424,0.10657526,0.0073318467,0.070972316,-27.2445065,0.794,0.0525000,0.0825000,0.0825000,0.2225000,0.2225000,0.3525000,0.3525000,0.5025000,0.5025000,0.5925000,0.5925000,0.7525000,-29.938059,-24.537996,-30.689627,-27.505131,-27.144096,-23.65213
0,-586.0579,51.37265,56.948063,65.06629,-1.0168868,18.863882,28.056578,13.128946,-10.683566,-7.270617,-6.470286,8.615712,-6.9714046,-1.6518534,0.034603655,-0.49788025,-0.2902106,-0.09158929,-0.111690186,-0.079075985,0.25372005,0.21980095,0.29528475,0.11297488,-0.12911905,0.17246994,0.08784101,0.035551727,0.04398569,-0.00047517635,0.025259955,0.046682324,0.00083998404,-0.01900667,-0.01270816,-0.026783803,-0.013233167,0.011429711,-0.004900026,-25.21703966666667,0.9745625,0.0625000,0.0925000,0.0925000,0.1225000,0.1225000,0.3425000,0.3425000,0.5425000,0.5425000,0.7825000,0.7825000,0.8625000,-27.031733,-26.966574,-25.99473,-21.869671,-23.223282,-26.216248
0,-541.37054,34.31999,30.622776,85.56101,-12.531976,11.107944,7.5367236,6.7985764,-11.891679,-20.69943,2.0639467,-10.353221,-12.025103,-2.1023595,0.48089594,0.69061923,-0.0043087243,0.11968733,-0.07001178,0.2924517,-0.13041438,-0.109836735,-0.085714296,-0.34677908,-0.13419363,-0.19979373,-0.94669795,-0.032271292,-0.3650612,-0.31424627,0.102948666,-0.01908741,-0.0044587795,-0.015485746,0.09789715,0.10752889,0.08378151,0.09249233,0.050747648,-25.5672255,0.8319375,0.0425000,0.0725000,0.0725000,0.2025000,0.2025000,0.4025000,0.4025000,0.5325000,0.5325000,0.6625000,0.6625000,0.7925000,-29.057915,-23.904308,-28.57119,-23.355835,-24.436787,-24.077318
0,-500.32776,26.949213,46.947124,70.85504,-10.699782,17.760386,1.8422554,24.18292,-10.963652,-5.620144,1.270306,-2.7007947,-3.0335658,-4.653456,1.3180088,0.20208763,-0.36636022,0.34976193,0.5415968,0.11282391,-0.20858729,0.60775477,-0.045900367,-0.05721651,0.26908207,-0.1181623,-0.61110264,0.045034144,-0.3952746,-0.309422,0.020328177,-0.07392894,0.022787888,0.06380402,0.15241756,0.11188612,0.13658619,0.12994805,0.16662489,-25.62204,0.5915,0.0525000,0.0825000,0.0825000,0.1925000,0.1925000,0.3925000,0.3925000,0.4525000,0.4525000,0.4825000,0.4825000,0.5425000,-30.146637,-24.050318,-24.987719,-23.833048,-25.509562,-25.204956
0,-541.1467,37.760025,30.577158,90.425514,-9.047712,5.5250087,16.66849,3.1628742,-9.657521,-20.481583,-1.9893909,-7.7621155,-14.963219,-2.5677676,0.5550758,0.34348196,-0.17005861,0.08703387,-0.23477714,0.25754997,-0.36723492,-0.17959706,-0.15473223,-0.23906215,-0.007829688,-0.2157156,-0.57712996,-0.11244393,-0.34671748,-0.23599777,0.07831569,-0.031912297,-0.057393674,-0.0123824775,0.14146733,0.051927835,0.04447641,0.042894773,0.061425526,-26.246011,0.889625,0.0425000,0.0725000,0.0725000,0.2425000,0.2425000,0.3625000,0.3625000,0.5525000,0.5525000,0.6825000,0.6825000,0.8525000,-29.699526,-24.192656,-31.936331,-22.355906,-24.924496,-24.367151
0,-513.04834,15.663432,49.05302,63.435932,-9.187706,17.8968,9.428118,20.110636,-3.7230968,-3.2593155,2.8498569,0.010766092,-1.5441772,-2.4352243,0.3351826,0.01484729,-0.53641456,0.11079435,0.30528888,0.106890514,-0.039621428,0.33285323,-0.01645423,0.13731466,-0.10958548,-0.20411636,-0.102900736,0.04573423,-0.25675634,-0.049038243,-0.018784847,0.023541003,0.022636285,-0.072392724,-0.038082313,0.018937334,0.050058685,0.056799218,-0.025662143,-26.059234666666665,0.8801875,0.1325000,0.3125000,0.3125000,0.3525000,0.3525000,0.5425000,0.5425000,0.5825000,0.5825000,0.6125000,0.6125000,0.6925000,-27.206242,-27.621536,-24.381903,-24.970764,-25.466146,-26.708817
0,-530.7724,16.122164,54.9474,66.39489,-2.3685224,17.267666,2.8670967,22.933495,-6.045842,-3.1930366,2.7754617,-2.391757,0.20671101,-3.5558062,1.211681,0.115195625,0.15467483,0.32553294,0.027749306,0.29439038,0.25794214,0.19770625,-0.25868103,0.07612643,-0.07156431,-0.43281367,-0.5807595,-0.009211307,-0.25908807,-0.3169443,-0.06382756,-0.021661533,-0.07396557,0.0029504853,0.06380839,0.08214421,0.14519994,0.053760033,0.074055314,-25.496115833333334,0.668,0.0425000,0.0725000,0.0725000,0.2425000,0.2425000,0.4425000,0.4425000,0.4925000,0.4925000,0.5625000,0.5625000,0.6325000,-32.260178,-22.476749,-25.224079,-24.380713,-23.939768,-24.695208
1,-345.9944,-21.140638,36.29075,29.079874,-11.981557,24.26388,-2.055755,-3.1227584,-7.080059,3.8403637,-4.8243585,8.47045,-12.88853,-4.5311594,0.41223857,-1.0806667,-0.63700366,0.59836274,0.30202624,0.18989584,-0.16476247,0.13595615,0.11738782,0.24164516,0.157146,-0.011274232,-0.09831307,-0.21791907,-0.18329911,-0.07215125,0.100717865,0.086276524,-0.023723776,0.13871351,0.015346346,0.035806436,0.06251514,0.05699692,0.057212226,-27.8409035,0.6705,0.0925000,0.1925000,0.1925000,0.2225000,0.2225000,0.2625000,0.2625000,0.3425000,0.3425000,0.4425000,0.4425000,0.5725000,-27.763729,-29.456268,-29.167953,-27.269936,-25.034668,-28.352867
1,-448.96286,-62.8481,52.448635,48.393517,-8.915516,4.5561576,2.3347955,1.8189194,-14.370341,3.1531763,-4.735339,5.5595512,-8.46327,-3.4851553,1.682335,-0.5314085,0.53310716,0.09211179,-0.3963581,-0.011933862,0.10240773,0.21742865,0.008632966,0.04502052,-0.22883704,0.018051451,-0.49127197,0.06268394,-0.24942942,-0.48271105,-0.025747666,0.13824186,0.012081652,-0.022896072,0.14185858,0.19308175,-0.035796355,0.15395148,0.024309054,-27.277619666666666,0.636375,0.0425000,0.0725000,0.0725000,0.1325000,0.1325000,0.2625000,0.2625000,0.3625000,0.3625000,0.4625000,0.4625000,0.6025000,-31.349314,-24.493849,-29.537233,-27.223614,-25.071081,-25.990627
1,-560.50507,54.16952,56.997272,67.640495,-3.854733,21.84825,14.872479,14.731928,-12.285313,-3.4708283,-1.8500514,2.9017742,-3.973618,-2.7504032,0.8335111,-0.17859906,-0.4089756,0.095196776,0.037037093,-0.19650242,0.005492736,0.54406935,-0.031362426,0.191503,0.16654044,-0.027466174,-0.21104464,-0.23339275,-0.17196156,-0.06287832,-0.10229121,-0.031028342,0.023695752,-0.010326919,-0.005625942,0.028795112,0.057062164,0.041257787,0.1298046,-25.732992,0.8870625,0.0425000,0.0725000,0.0725000,0.1625000,0.1625000,0.3525000,0.3525000,0.5125000,0.5125000,0.7825000,0.7825000,0.8225000,-31.624399,-21.686293,-24.556992,-22.966629,-22.884562,-30.679077
1,-592.15393,40.4806,44.498306,65.99205,-2.9606607,10.774303,11.449056,9.967045,-8.706631,-9.393077,-3.1766322,-1.9335991,-7.573926,-3.1607409,0.6822672,0.39651853,-0.26245376,0.026597956,-0.122324266,-0.0692258,-0.11614188,0.26782936,-0.028346498,-0.044337146,0.1938724,-0.20436563,-0.10538968,-0.07149536,-0.22976606,-0.19982885,-0.08968279,-0.047889158,-0.005419104,-0.034208182,0.019948693,-0.00430593,0.048679333,-0.016053807,-0.017496845,-27.103656166666667,0.856625,0.0525000,0.0825000,0.0825000,0.1625000,0.1625000,0.3525000,0.3525000,0.4625000,0.4625000,0.5725000,0.5725000,0.6725000,-32.659821,-24.791939,-27.38101,-24.605013,-28.415039,-24.769115
1,-583.4271,39.276104,34.25042,72.97257,-12.830772,5.7260995,14.764807,7.372293,-12.934786,-15.546459,-2.4078333,-4.0661693,-9.281299,-2.916594,0.3116148,0.104932144,-0.48359796,0.21529996,-0.11962585,0.02490383,-0.038486153,0.06036381,-0.036634475,0.012872879,0.06902516,-0.090865165,0.12509787,-0.16195613,-0.15109509,-0.057159744,-0.104893535,0.0066281063,0.004283587,-0.04893328,-0.046009682,-0.0035694216,-0.013083693,-0.0010205796,0.059722662,-26.5334375,0.9154375,0.0425000,0.0725000,0.0725000,0.1525000,0.1525000,0.3425000,0.3425000,0.4925000,0.4925000,0.6525000,0.6525000,0.8325000,-31.193193,-25.938755,-27.170715,-22.505476,-24.892494,-27.499992
1,-571.58777,34.19163,49.459618,71.809074,-15.163092,10.545711,3.0629594,8.635634,-17.50158,-15.999355,-2.6726925,-6.17884,-7.636944,-3.6542456,0.67742693,-0.29441613,-0.31277826,0.28153303,0.057965323,0.08960954,-0.14476293,0.38004777,-0.18549618,0.0991991,0.0639523,-0.14030074,0.0196645,-0.029983573,-0.06393459,-0.09283086,-0.0802081,-0.02412615,-0.027117178,-0.06983012,-0.058962133,-0.005074476,0.03431795,0.026618712,0.025662743,-26.839063666666668,0.807625,0.0425000,0.0725000,0.0725000,0.1825000,0.1825000,0.3425000,0.3425000,0.5025000,0.5025000,0.5925000,0.5925000,0.7325000,-31.451645,-25.84832,-26.599464,-21.771736,-26.536852,-28.826365
1,-542.3365,41.77984,39.254402,84.685326,-12.013603,16.06617,7.5778203,9.369344,-6.626013,-19.09228,4.0496125,-7.7606177,-2.2884104,-2.7915795,0.42889196,0.08954685,-0.40930575,0.422657,-0.3807019,0.007779958,-0.28152943,0.03059027,-0.06836843,-0.1003367,0.045718998,-0.35210413,-0.2586513,-0.30870575,-0.31405798,-0.14602399,-0.1523452,-0.027277038,-0.05195031,0.07811965,0.042154208,-0.040630657,0.14281082,-0.03197775,0.007367852,-26.07434466666667,0.8299375,0.0525000,0.0825000,0.0825000,0.1825000,0.1825000,0.3925000,0.3925000,0.5125000,0.5125000,0.6425000,0.6425000,0.7825000,-29.313864,-24.211979,-25.657755,-24.242773,-27.36146,-25.658237
1,-628.3167,35.44567,46.61787,59.123592,-4.5026603,9.697314,10.178894,10.922557,-14.597323,-8.28579,-7.8110065,0.47263616,-8.226639,-1.8187237,0.47686157,-0.3502409,-0.5459883,0.30979338,0.10319495,-0.1710301,-0.013454915,0.28980973,-0.09264176,0.20133997,0.08255923,-0.04774728,-0.21817794,0.053261667,-0.071197286,-0.03504775,-0.0501099,-0.028625986,0.022341058,-0.056901876,-0.016660236,-0.0046132957,0.010111575,-0.034309216,-0.06781151,-26.0818175,0.99,0.0425000,0.0725000,0.0725000,0.1825000,0.1825000,0.3625000,0.3625000,0.5225000,0.5225000,0.6525000,0.6525000,0.8425000,-31.508255,-24.574989,-25.243835,-21.33503,-25.005323,-28.823473
1,-289.3939,-25.009565,46.118023,23.727892,-0.15621111,6.9987793,-10.96162,10.818953,-9.133558,-4.252271,-2.1554298,4.1125593,-15.68504,-1.6925359,-0.56735414,0.018243406,-0.72329265,0.180502,0.017428707,0.21372294,-0.17656302,-0.21922982,0.13113135,-0.32110542,-0.17348759,-0.2538605,-0.93130434,-0.102918856,0.17007524,-0.058796633,0.061746486,0.011068749,0.05171151,0.023949249,-0.017475214,0.11722644,-0.0147791505,-0.021259382,0.012633032,-28.455461666666665,0.834125,0.0425000,0.0725000,0.0725000,0.1025000,0.1025000,0.1325000,0.1325000,0.1625000,0.1625000,0.1925000,0.1925000,0.2225000,-30.996614,-23.315796,-31.127584,-25.216482,-30.460104,-29.61619
1,-467.60513,41.370613,17.577343,81.93477,-4.4214187,9.80256,6.682442,8.52691,-8.241289,-11.852288,-6.3452067,3.8626409,-10.937888,-2.202754,0.5569556,0.7193459,0.12245531,0.79618025,-0.08787448,0.03988339,-0.06958301,0.07517312,0.06322967,-0.1919548,0.09471458,-0.27724573,-0.93555504,-0.084956445,-0.24656792,-0.19324394,0.062102057,0.09056089,-0.16711237,0.06349586,0.14055876,0.08478743,0.11673262,0.043004137,0.09690166,-25.511993,0.984,0.0425000,0.0925000,0.0925000,0.3025000,0.3025000,0.4525000,0.4525000,0.6425000,0.6425000,0.7525000,0.7525000,0.9425000,-31.519093,-21.164389,-26.819601,-22.753996,-26.372637,-24.442242
1,-583.55493,44.75858,60.68052,65.97304,3.5444834,17.757122,15.409882,15.261724,-8.468935,-5.7452717,-5.654737,-0.12128005,-5.083017,-2.0716908,0.6495308,-0.008156455,0.13697863,0.38511574,-0.07222429,0.22366425,0.026643557,0.2884768,-0.12873939,0.11204263,0.09889719,-0.12288654,-0.30091804,0.0472193,-0.090009764,-0.06924952,-0.021739937,-0.054974783,-0.014734257,0.048829906,0.021166768,0.05438257,0.06315857,0.055684425,0.022902463,-26.184253166666668,1.025,0.0425000,0.0825000,0.0825000,0.2025000,0.2025000,0.4425000,0.4425000,0.6125000,0.6125000,0.7425000,0.7425000,0.7725000,-30.518639,-26.072954,-27.039055,-22.729406,-24.355328,-26.390137
1,-293.98206,-20.34477,44.96218,14.3196745,-0.34587106,15.555493,-8.382048,13.491789,-12.613193,-1.9078157,-2.564144,3.5397584,-10.997027,-1.9869274,-0.6721515,-0.06617087,-0.27887428,0.094379984,-0.15585046,-0.286312,0.04449579,0.2617348,-0.07122343,0.010873218,0.06395584,-0.23594491,-0.23170315,-0.21224283,-0.1255098,-0.0020332888,0.026301365,-0.047363564,-0.047985397,0.030223554,0.04122019,-0.05642679,0.06818962,0.042777743,-0.005110141,-28.600002166666666,0.9075,0.1825000,0.4225000,0.4225000,0.5325000,0.5325000,0.5625000,0.5625000,0.5925000,0.5925000,0.6925000,0.6925000,0.7225000,-24.029594,-24.285988,-31.071695,-32.708862,-27.535084,-31.96879
1,-553.9636,54.384197,21.299776,72.04783,10.302663,9.872545,7.6072454,14.944809,-11.362336,-16.995443,0.5163741,-1.5440354,-10.442892,-3.0891495,0.35873467,-0.4410314,-0.37452534,0.31648102,0.0405258,0.1996799,0.2220659,0.32184774,0.014440506,-0.028258517,0.16748083,0.16294855,-0.3420001,-0.023127591,0.30751076,0.022731075,-0.24491137,0.010075338,0.21858013,-0.13163848,0.02524923,0.06328637,-0.018677767,0.09147656,0.054852918,-25.370472499999998,0.9273125,0.0425000,0.0725000,0.0725000,0.2025000,0.2025000,0.3925000,0.3925000,0.5525000,0.5525000,0.6625000,0.6625000,0.8525000,-31.0376,-22.518009,-27.512455,-24.581734,-22.381104,-24.191933
1,-583.2235,50.1211,40.683243,72.60689,0.37908754,8.321072,12.992141,11.916173,-8.023213,-8.724617,-3.014548,-0.4051712,-3.7406652,-3.0912976,0.5600137,0.24510027,-0.25287524,0.09436486,0.15259112,0.14434758,-0.015191546,0.38150913,-0.077700995,-0.06405035,0.04672367,-0.0479091,-0.24049947,-0.11609768,-0.17893285,-0.09770844,-0.02794648,-0.05404799,-0.010231458,-0.02321721,0.023258613,-0.005463658,0.0020757013,-0.03542216,-0.020071782,-26.396049166666668,0.812125,0.0425000,0.0725000,0.0725000,0.1525000,0.1525000,0.3325000,0.3325000,0.4425000,0.4425000,0.5425000,0.5425000,0.6725000,-31.940191,-23.769053,-26.15583,-23.89826,-27.893299,-24.719662
1,-357.7594,-25.292822,50.704254,13.546668,8.088847,11.72548,-8.978237,12.738204,-7.853834,2.188717,-1.8158354,4.499435,-10.394228,0.42520297,0.010439861,0.2764373,-0.4003182,-0.014131171,0.11220861,0.059540763,0.25853524,0.07246459,0.117262274,0.036149118,0.21272151,0.122793354,-0.66640395,0.11858222,-0.025625428,-0.07627862,-0.21687213,-0.028489562,0.06706424,-0.05813057,0.054475892,-0.013012424,-0.009361149,0.0013135128,-0.031241465,-27.3070135,0.992875,0.2225000,0.4525000,0.4525000,0.5325000,0.5325000,0.5625000,0.5625000,0.5925000,0.5925000,0.6925000,0.6925000,0.7225000,-24.725866,-23.872253,-27.806519,-28.836954,-28.527857,-30.072632
1,-532.2791,37.05746,23.94883,82.91019,-10.948958,7.0406985,2.9151578,8.191328,-10.104027,-19.592709,6.745746,-5.5905485,-7.8811474,-3.781742,0.14655119,0.07743597,-0.27440727,0.07767068,-0.3080237,0.12762088,-0.25696757,0.021957513,0.058162287,-0.26055592,0.08710784,-0.20257904,-0.55198437,-0.14611027,-0.039343093,-0.23331533,0.16827367,0.0336658,0.03081589,-0.017503848,0.053629443,0.09842087,0.06361037,0.00317485,0.081497714,-25.420370666666667,0.929,0.0425000,0.0725000,0.0725000,0.2325000,0.2325000,0.3925000,0.3925000,0.5825000,0.5825000,0.7025000,0.7025000,0.8925000,-30.070555,-23.866091,-26.989719,-21.821472,-25.983347,-23.79104
1,-565.8015,38.213577,45.268322,73.685,-1.4839163,11.230534,13.869747,13.8186245,-11.457291,-12.191739,-2.6370153,3.1546285,-6.9493628,-3.0187788,0.26752234,-0.075926736,-0.30362377,0.069505796,0.06281427,0.21804425,0.003886247,0.3281507,0.24961954,0.19718769,0.2256216,-0.049545534,0.1268566,-0.19442575,-0.094273865,-0.11356391,0.036810666,0.10753375,0.07246358,-0.002455523,-0.055312634,0.046661895,0.04085829,0.044065785,0.07312022,-24.483446,0.905875,0.0425000,0.0725000,0.0725000,0.1625000,0.1625000,0.3325000,0.3325000,0.4725000,0.4725000,0.5925000,0.5925000,0.7825000,-29.975885,-22.084867,-25.97682,-21.09866,-24.88442,-22.880024
1,-316.4739,-16.770655,45.6694,20.195675,-2.031991,12.554558,-4.316639,13.006177,-5.4292045,-3.6095061,-0.3232,2.4300668,-13.350233,-0.18610717,-0.45534834,-0.37349707,0.119118385,-0.112832025,-0.1030259,-0.2198315,-0.32107556,0.2533367,-0.43208885,-0.16036914,0.089842975,-0.49947035,-0.30477068,-0.15077674,-0.008949284,0.09886277,0.017886832,0.027838055,0.041837912,-0.05465343,0.0080291405,-0.015309448,-0.011725599,-0.052884657,0.024248565,-28.209085166666668,0.8145,0.1825000,0.4025000,0.4025000,0.5225000,0.5225000,0.5525000,0.5525000,0.5825000,0.5825000,0.6725000,0.6725000,0.7025000,-25.451292,-23.108286,-29.097372,-30.289185,-28.959297,-32.349079
1,-521.093,41.79169,54.183575,66.94102,-2.1901877,15.743099,10.702126,17.57418,-10.231753,-9.399105,-2.9755692,1.2371731,-4.1162887,-2.7831192,0.27927214,-0.5196843,-0.40336367,0.18197986,0.5120646,-0.23161988,-0.105642356,0.40927544,0.15779342,0.28139022,0.10323654,0.06512489,0.37738436,-0.27050626,-0.16218229,-0.20029691,0.09079937,0.07633604,0.018914707,0.039064437,0.066680014,0.03625607,0.011376523,0.038705178,-0.0138434265,-25.9587575,0.847,0.0425000,0.0725000,0.0725000,0.1725000,0.1725000,0.3825000,0.3825000,0.5225000,0.5225000,0.6325000,0.6325000,0.7425000,-32.208672,-23.752291,-25.55784,-23.057726,-25.351219,-25.824797
1,-327.00595,-25.757856,44.881855,20.27777,-0.7753362,14.745405,-6.215283,8.670297,-7.703849,-3.3268,-2.4759703,3.951577,-14.130508,0.2700048,-0.21321131,-0.31024066,-0.19091384,-0.16041882,0.19381273,-0.16799724,-0.25727507,-0.16574337,-0.28370735,-0.4387884,-0.10915606,-0.37049806,-1.0624392,-0.32655722,-0.073824525,0.15690771,0.06920646,-0.05998861,0.014390867,0.059581913,-0.001975361,0.026581233,0.06916011,-0.004125699,0.038627613,-27.6339385,0.8499375,0.1925000,0.4225000,0.4225000,0.5225000,0.5225000,0.5525000,0.5525000,0.5825000,0.5825000,0.6725000,0.6725000,0.7025000,-25.033367,-23.229004,-31.034342,-28.783407,-27.616781,-30.10673
1,-561.7151,48.716316,42.932575,71.978836,-1.3603579,14.458044,5.026594,19.521746,-8.065339,-12.5591,-0.6572609,4.4806843,-2.1017768,-1.3984053,0.46225822,0.09600523,-0.09503618,0.08545285,-0.05408798,0.10142952,-0.11499625,0.41271067,0.06374761,-0.15911533,0.02803074,0.02837994,-0.23171532,0.100713775,0.016224796,0.020426426,0.014623308,-0.014428643,-0.021381686,0.010452848,0.007797939,-0.0064387866,-0.036148425,0.021810688,-0.016961845,-25.181143166666665,1.102875,0.0425000,0.0725000,0.0725000,0.3225000,0.3225000,0.5125000,0.5125000,0.7425000,0.7425000,0.8725000,0.8725000,1.0025000,-28.892675,-21.631065,-25.478615,-23.464716,-26.587975,-25.031813
1,-326.59088,-16.947262,43.275818,18.57271,6.871806,9.1927805,-5.653001,12.311866,-11.295341,1.3367614,-4.8082385,3.9457867,-12.180906,-1.1195731,-0.29688007,-0.35058668,-0.12034883,0.35474712,-0.2216113,-0.1854955,-0.16445579,-0.11585462,-0.25177634,0.0053931703,-0.14604554,-0.28668097,-0.98613805,-0.26612532,-0.1187493,-0.062862344,0.07909642,0.022868719,-0.03217049,-0.031470865,0.0071099843,-0.0677386,0.044363346,0.049429063,0.10565562,-27.716396666666668,0.87125,0.0425000,0.0725000,0.0725000,0.1125000,0.1125000,0.1425000,0.1425000,0.1725000,0.1725000,0.2025000,0.2025000,0.2325000,-31.460815,-27.979156,-30.059357,-23.898062,-24.858225,-28.042765
1,-495.47098,24.372715,43.059475,78.868515,-11.392937,11.148774,11.118875,6.7313275,-8.866844,-18.797298,4.9693456,-8.848306,-7.4834075,-2.4514635,0.95803297,0.8406072,0.03378099,0.42603388,-0.21409474,0.1167813,-0.22216995,-0.28870377,-0.042204585,-0.32876563,-0.0045073912,-0.37295017,-1.202436,0.088804215,-0.38223127,-0.28143477,0.11190828,-0.16467898,-0.10844349,-0.04842801,0.032360137,0.030253392,0.024767052,0.07031936,-0.032174315,-26.238388,0.7680625,0.0625000,0.0925000,0.0925000,0.1725000,0.1725000,0.3625000,0.3625000,0.4925000,0.4925000,0.6025000,0.6025000,0.7325000,-32.276669,-26.318356,-26.140181,-23.553368,-25.530596,-23.611158
