0,-494.1881,106.83915,-4.9474454,30.644716,-2.549963,14.383858,-10.754125,11.970794,4.5154476,12.145122,3.5396426,-9.5848675,-3.8487208,-0.8677216,-0.09848963,-0.23342332,-0.28319126,-0.018151665,-0.2372221,0.1397912,0.09300232,0.07582073,0.18471625,0.41924092,0.17945185,-0.008511122,-0.46894494,0.102802224,0.11214895,-0.09285547,0.042825866,0.04357114,0.050130915,-0.0065096077,0.0135410875,-0.0226306,-0.007566833,-0.048711866,-0.039116733,-25.239840333333333,0.827125,0.0425000,0.1025000,0.1025000,0.2125000,0.2125000,0.2925000,0.2925000,0.4325000,0.4325000,0.5425000,0.5425000,0.6025000,-25.676226,-25.089317,-26.935539,-24.339813,-25.934381,-23.463766
0,-473.72827,127.43433,-25.598085,21.424294,-12.39652,9.356169,-12.925788,3.7851055,0.28654927,-10.875093,21.09926,-20.539036,0.6942478,-4.397066,-0.96996546,0.41219962,-0.37668326,0.08001459,-0.02157069,0.6978816,0.13509808,0.11914902,0.48339528,0.117520615,0.3356079,0.059360053,-0.45540702,-0.018349795,0.1010308,0.277903,0.15062705,0.17832127,0.037481677,0.03551253,-0.044928342,-0.15782216,-0.091707155,-0.029855492,0.04344668,-26.74949266666667,0.7524375,0.0425000,0.0725000,0.0725000,0.2225000,0.2225000,0.2525000,0.2525000,0.3825000,0.3825000,0.5425000,0.5425000,0.6825000,-28.547857,-22.506292,-29.873148,-25.439152,-30.361847,-23.76866
0,-452.65015,130.14977,-26.545143,22.649612,-22.575336,30.027374,-2.4837887,2.7828968,1.3322495,10.217971,8.6403055,-13.578272,-6.3221707,-2.5439785,-0.17259805,0.09726109,-0.10774428,0.31627023,-0.25088948,0.32354107,0.05266846,0.04292258,-0.093749106,0.1116206,0.28843373,0.15415469,0.10297672,0.056781515,0.10117577,-0.02418035,0.13167587,0.056188714,-0.115601785,-0.03548595,-0.06761417,-0.028286643,-0.058268722,0.04265894,0.10922873,-26.1891945,0.917125,0.0425000,0.0725000,0.0725000,0.2725000,0.2725000,0.3525000,0.3525000,0.5225000,0.5225000,0.6125000,0.6125000,0.6425000,-25.616583,-22.316347,-28.050644,-25.593718,-29.926405,-25.63147
0,-493.9199,125.279076,-18.078585,32.455364,-19.576359,11.664008,-14.597488,2.9660473,-0.38017222,-5.3251343,19.23612,-15.925668,3.1139965,-3.194821,-0.5208981,0.1752656,-0.68837345,0.34846118,-0.23958474,0.4482165,0.1105442,0.097542286,0.22803997,0.24783285,0.2111915,-0.094165236,-1.086729,-0.37560043,0.24316923,0.26383618,0.30815616,0.047431387,0.043483853,0.044519514,-0.00483049,-0.08802437,-0.1510388,-0.012444488,0.109622195,-26.756579666666667,0.680625,0.0425000,0.1025000,0.1025000,0.2125000,0.2125000,0.2425000,0.2425000,0.3325000,0.3325000,0.4625000,0.4625000,0.6125000,-27.014135,-23.827654,-30.610107,-25.123997,-29.448383,-24.515202
0,-479.6855,128.05711,-16.85255,16.308228,-3.217674,14.179532,-7.631323,9.152091,0.7178635,6.3400626,15.926875,-13.013907,-6.6153493,-0.59089905,0.47225553,-0.3471219,-0.9530802,-0.41562897,-0.12282372,0.4783381,0.15880875,0.011487187,0.38771477,0.32478452,-0.037873816,-0.1866467,-1.3391958,-0.2230556,0.24489836,0.14182875,0.1926378,0.012934941,0.1999462,0.01845178,0.061397925,0.02815801,-0.12987663,0.082261726,-0.041060597,-26.084151833333333,0.7955625,0.0425000,0.0825000,0.0825000,0.2425000,0.2425000,0.3225000,0.3225000,0.5225000,0.5225000,0.6025000,0.6025000,0.7625000,-28.251648,-23.150791,-27.08136,-23.439508,-30.434341,-24.147263
0,-438.45242,118.23234,1.1047599,19.309052,-3.2019622,12.081543,-19.574482,4.0491567,-5.6780543,-5.409792,12.288969,-18.15079,1.0056704,6.04985,0.6243443,-1.420523,-1.3598919,-1.1954715,0.067855656,0.064010926,-0.3796032,0.31341538,0.19796054,0.7976176,0.30283794,-0.46256208,-0.6214033,-0.11297562,0.21195975,-0.10903725,0.1050454,0.037619736,0.28808278,0.061388224,0.099390164,0.08627435,-0.059321374,0.04960357,-0.07199472,-27.950654833333335,0.579625,0.0425000,0.1125000,0.1125000,0.2425000,0.2425000,0.3225000,0.3225000,0.4025000,0.4025000,0.5125000,0.5125000,0.5425000,-27.051241,-28.566439,-31.525452,-24.702698,-27.819036,-28.039063
0,-492.98578,115.817535,-12.100369,22.717386,-6.0215883,6.42152,-11.749071,13.952545,-1.5449057,7.8172727,15.433239,-15.71031,3.692232,-3.4965186,-0.7702245,0.25056398,-0.118269235,-0.167776,-0.09536679,0.78867286,0.26766595,0.17635135,0.27250108,-0.06762039,0.43983245,0.13943948,-0.2001297,0.08681183,0.054989055,0.06400939,-0.011367434,0.070250064,0.07384052,0.100282826,-0.015601844,-0.08354838,-0.09949017,0.023685824,0.053095683,-26.385289833333335,0.7396875,0.0425000,0.0725000,0.0725000,0.1925000,0.1925000,0.2225000,0.2225000,0.3925000,0.3925000,0.5025000,0.5025000,0.6225000,-28.489426,-24.561892,-31.644236,-23.583176,-26.120289,-23.91272
0,-485.49652,136.043,-12.632706,19.189901,-12.369181,15.549392,-13.023133,-0.013625403,-2.3935938,-0.8760806,13.299042,-17.205086,-9.631795,-1.3883624,-0.29144967,-0.047464833,-0.98896116,-0.36402312,-0.2587025,0.25661346,0.107976094,0.16780108,0.39653274,0.36637902,0.4504585,-0.12159259,-1.1195318,-0.45627514,0.27280575,0.14147599,0.17658012,0.05066952,0.17077078,0.11737734,0.12582786,-0.019466791,-0.14225738,0.0014768649,0.09091391,-26.52616,0.833125,0.0425000,0.0925000,0.0925000,0.2725000,0.2725000,0.3225000,0.3225000,0.4125000,0.4125000,0.6225000,0.6225000,0.7825000,-28.593876,-23.663275,-29.054443,-26.211819,-27.202463,-24.431084
0,-450.8006,118.17481,-37.26894,23.745441,-10.836004,7.6269546,-10.985021,3.6231544,12.968574,12.305576,12.109129,-23.542206,3.477162,-0.608698,-0.34755003,-0.21552217,-0.36113495,-0.12779649,-0.26769087,0.32853305,-0.15770575,0.16317858,0.17792147,0.23194656,0.41537037,-0.0093076145,-0.22154482,0.03352259,0.15711333,-0.06895293,0.02031687,-0.048486963,0.14149313,-0.059171684,-0.007421288,0.06375576,-0.0626831,0.10530801,0.013929823,-25.4995515,0.83025,0.0425000,0.1225000,0.1225000,0.2625000,0.2625000,0.2925000,0.2925000,0.5125000,0.5125000,0.5425000,0.5425000,0.5725000,-29.362703,-22.478632,-26.833069,-23.038359,-26.910196,-24.37435
0,-488.34708,114.83737,-21.125431,22.832119,-11.993413,6.995139,-9.679966,2.3814692,8.618922,-3.0941756,12.019317,-18.09019,-3.0137272,-1.502177,-1.2122257,0.027662957,-0.30172363,-0.2766256,-0.14826527,0.14124002,0.1893825,0.240078,0.11577103,0.17248589,0.53525776,0.101904325,-0.30785152,-0.066266775,0.08558746,0.008720726,0.085428126,0.05159757,0.08104027,0.033843745,-0.003767578,0.011376239,-0.07120093,-0.0047999574,0.060649525,-24.7809255,0.8215625,0.0425000,0.0925000,0.0925000,0.2525000,0.2525000,0.2825000,0.2825000,0.4525000,0.4525000,0.5725000,0.5725000,0.7325000,-26.807316,-22.379845,-27.646057,-23.038319,-25.437551,-23.376465
0,-498.8418,119.36463,-17.748577,32.72277,0.16020076,0.27501258,-5.744044,14.771883,0.26302472,8.671404,8.736917,-9.953432,1.4916021,-4.965526,-1.3164095,0.7660596,0.0757073,-0.025998741,0.09831999,0.54331785,0.13081598,-0.003474508,-0.073547095,-0.09488149,0.19809899,0.08720121,0.07529839,-0.09863311,-0.03515062,-0.07907338,-0.0073887324,0.035589207,0.12828779,0.05465366,0.0006641187,0.030600756,0.054331716,0.061549008,-0.012981463,-26.374911833333332,0.583875,0.0425000,0.0725000,0.0725000,0.2125000,0.2125000,0.2925000,0.2925000,0.3925000,0.3925000,0.4225000,0.4225000,0.4525000,-26.681023,-23.121302,-25.832043,-21.640148,-30.399231,-30.575724
0,-482.5244,140.56915,-20.99454,14.46501,-3.0559647,15.984987,-7.010991,5.2102914,7.021701,5.130915,22.61226,-17.32642,-5.5649586,-2.2235737,-0.23615658,0.37385723,-0.08941822,0.08891606,-0.08999307,0.5144804,0.29722193,-0.008210396,0.07659492,0.010795971,0.33946273,0.09840058,-0.38640538,-0.042034056,0.15350707,0.07281714,0.07102283,0.058273464,0.005862434,0.08144243,0.0009813341,0.0031378793,-0.024020867,0.011066711,0.058539115,-25.62923066666667,0.872875,0.0425000,0.0725000,0.0725000,0.1925000,0.1925000,0.2225000,0.2225000,0.3625000,0.3625000,0.4925000,0.4925000,0.6125000,-26.281088,-24.273409,-28.587088,-25.204058,-27.563316,-21.866425
0,-526.9594,106.85526,-23.277752,30.49493,-5.7288885,5.2689085,-8.123393,8.05257,1.5149428,-0.14176491,6.4185166,-17.473839,-0.93269163,-1.4905399,-0.84629744,0.1961761,-0.28893816,-0.17050797,0.0660009,0.1795087,0.06073274,0.20834702,0.034141485,0.122122236,0.35404596,-0.052965064,-0.26747873,-0.05880913,0.07572803,0.013460602,0.07552195,0.038487602,0.052405313,0.05076845,0.02162762,-0.034706388,-0.015583724,-0.0029398857,-0.049602076,-24.525136333333332,0.98975,0.0425000,0.0825000,0.0825000,0.2825000,0.2825000,0.3525000,0.3525000,0.5325000,0.5325000,0.6525000,0.6525000,0.8225000,-24.95183,-22.284132,-26.162842,-23.412252,-25.577627,-24.762135
0,-516.4889,121.8794,-20.173014,14.401862,-5.0135283,23.119745,-7.925862,20.01728,-1.6687514,14.941603,5.3545365,-2.163111,-13.711939,-3.564401,-0.7604618,0.49341685,0.30978185,0.1998616,-0.5688651,0.1682959,-0.24408583,0.03531377,-0.06830726,-0.016567117,0.26740465,0.2730593,-0.1580539,-0.018806582,0.0447984,0.0142104905,-0.0212314,-0.03706891,0.01847156,-0.01154486,0.039136514,0.027921902,0.013801174,0.013989505,0.039388433,-26.051460666666667,0.879875,0.0425000,0.0725000,0.0725000,0.2325000,0.2325000,0.3125000,0.3125000,0.4425000,0.4425000,0.5725000,0.5725000,0.7225000,-26.793427,-23.293337,-27.10231,-24.73962,-30.901058,-23.479012
0,-534.67084,84.45972,13.968801,69.39893,0.27876186,13.852245,1.2502263,10.145596,0.8230534,-4.1428223,8.062466,-10.064566,-6.4441977,-2.96898,-1.1438286,0.029144477,-0.24208334,0.4571921,0.16541058,0.21173093,0.45235178,-0.020323439,0.25626883,0.085721105,0.04832292,0.09592762,-0.38590366,0.112381846,0.25257477,-0.0050798533,-0.017605597,0.08889739,0.057999983,-0.02694604,0.019296149,-0.04629018,-0.032564797,-0.022918982,-0.032576635,-26.387261,0.7950625,0.0425000,0.0725000,0.0725000,0.1525000,0.1525000,0.2425000,0.2425000,0.3625000,0.3625000,0.5425000,0.5425000,0.5725000,-28.199167,-22.866585,-26.375282,-25.986313,-26.280212,-28.616007
0,-497.97577,111.27544,-33.389973,32.25556,-11.077778,11.703091,-16.15805,11.54884,-1.3440238,-1.775053,11.620202,-13.055848,-1.6240267,-3.5401392,-0.9898297,0.47418678,-0.39187723,0.23757055,0.17756066,0.5259052,0.23458895,0.13050714,0.050267197,-0.08063438,0.2885258,0.059913553,-0.009922017,0.111402325,0.004988633,0.072558865,0.031130245,0.08216012,0.0588132,-0.021867651,0.051075447,-0.02825294,0.016031649,0.010463745,-0.005505646,-25.169642666666668,0.921875,0.0425000,0.0725000,0.0725000,0.2125000,0.2125000,0.2525000,0.2525000,0.4525000,0.4525000,0.6025000,0.6025000,0.6925000,-25.820108,-22.068579,-30.432999,-23.0275,-26.481632,-23.187038
0,-524.9894,118.73629,-20.209864,23.850452,-6.9206395,22.97866,-9.874201,26.053322,-4.8680654,13.812811,7.28807,-2.0817857,-12.239387,-3.351436,-0.69772905,0.29756293,0.539762,0.07184491,-0.65341145,0.1513018,-0.31558666,0.044699986,-0.02135408,-0.24559893,0.015306238,0.21303359,-0.3270604,-0.15420015,0.047743045,-0.026353013,0.1347665,0.0361341,-0.0077445107,-0.07550302,-0.0025579217,0.01532701,0.082319304,-0.018868614,0.019222444,-25.95004266666667,0.8416875,0.0525000,0.0825000,0.0825000,0.2125000,0.2125000,0.2925000,0.2925000,0.4225000,0.4225000,0.5725000,0.5725000,0.6825000,-27.515051,-21.523254,-27.290646,-25.533592,-29.603271,-24.234442
0,-493.30804,107.68901,-10.901034,24.103527,-8.324778,12.187976,-8.259976,10.794948,1.0314393,-0.02370605,8.988852,-11.46055,-0.5326065,-1.8452227,-0.6024456,0.12454278,-0.32794625,0.08793528,-0.30622253,0.3229238,-0.1554156,0.029427443,0.26680467,0.023556057,0.2656257,0.20157962,-0.23323825,-0.1617143,0.021038879,0.14915821,0.038416646,0.053576984,0.080736026,0.043731276,0.026671372,0.03925866,-0.08522041,0.008591159,0.0055097747,-25.724016,0.7475,0.0425000,0.0825000,0.0825000,0.1725000,0.1725000,0.2525000,0.2525000,0.3525000,0.3525000,0.5125000,0.5125000,0.6525000,-27.284279,-23.249678,-26.498062,-22.614527,-27.783173,-26.914377
0,-520.6529,125.39627,-17.862823,17.872574,-7.3971796,17.769104,-1.7256691,3.4293985,-3.6827178,-2.974881,5.458072,-13.291167,-11.041494,-1.6280583,-1.1594478,0.5206698,-0.30646282,-0.38590023,0.24814989,0.2805526,0.19330363,0.086108156,0.07504991,0.24533741,0.20839114,-0.010341404,-0.37267998,0.029415252,0.1522572,-0.12001954,0.22258388,0.03623443,0.0017344895,0.036342118,-0.08470024,0.057484113,-0.051263236,0.042578615,0.0016187596,-25.818586,0.9906875,0.0425000,0.1025000,0.1025000,0.2725000,0.2725000,0.4125000,0.4125000,0.4825000,0.4825000,0.6225000,0.6225000,0.7825000,-29.010525,-23.984629,-24.057783,-28.197126,-26.236389,-23.425064
0,-504.23242,125.24743,-15.699583,12.722129,-7.235989,23.98357,-12.170211,18.267994,0.57952094,15.349827,12.657235,-12.049897,-7.5784974,-2.289483,-0.70901495,0.46076334,-0.31554234,-0.3865141,-0.21160991,0.68523353,-0.19814052,0.29470512,0.45743024,0.27962384,0.2264354,0.06555473,-0.1571879,0.09130701,0.07322041,-0.2276752,-0.0052348264,-0.010054002,0.07367687,-0.01805854,0.025526933,0.1493917,0.056532905,0.011505881,-0.07091864,-28.031494333333335,0.696,0.0425000,0.1225000,0.1225000,0.2625000,0.2625000,0.2925000,0.2925000,0.3225000,0.3225000,0.3725000,0.3725000,0.5425000,-25.781799,-26.270216,-31.444702,-31.163961,-29.009632,-24.518656
0,-488.01205,130.26192,-21.377363,15.219955,-7.701528,11.716737,2.6515448,6.8736115,6.3630795,-0.33865386,10.331833,-15.125975,-3.015416,-2.998983,-0.5434857,0.058477927,-0.241857,0.20356579,-0.08407478,0.34340408,0.1384332,0.24793482,0.14592591,-0.06663702,0.25458393,-0.05849196,-0.40084583,-0.11087344,0.02914132,0.12335207,-0.0016111623,0.05414726,0.059084933,0.051616665,-0.07308187,0.061927903,-0.0041808626,-0.047852635,0.009644551,-25.5901585,0.8653125,0.0425000,0.0725000,0.0725000,0.1725000,0.1725000,0.2625000,0.2625000,0.3925000,0.3925000,0.5225000,0.5225000,0.6825000,-27.669668,-23.283602,-28.247044,-22.062984,-28.438595,-23.839058
0,-511.69907,123.489006,-7.6291437,6.0356474,-2.054343,20.318945,-4.0097485,10.087197,-0.8917509,15.800004,8.16553,-7.838645,-8.310055,-0.33269846,-0.2003755,-0.36438623,-0.22231579,-0.21504933,-0.29318172,0.44151258,-0.09059186,0.4165491,-0.009423591,0.36467338,0.2658921,0.09387883,-0.3268673,-0.08042515,0.14790924,-0.17369558,0.049984854,-0.09061962,0.1481432,0.035608016,0.0059399987,0.08699429,0.022577431,0.009637085,0.03893485,-27.374136,0.749625,0.0425000,0.1325000,0.1325000,0.2825000,0.2825000,0.3125000,0.3125000,0.3425000,0.3425000,0.4125000,0.4125000,0.5625000,-28.637348,-26.667002,-29.080709,-29.272421,-27.913662,-22.673674
0,-486.57523,138.82552,-28.34121,22.426695,-11.496893,11.765631,-4.77098,-5.646601,2.1394432,-12.011693,12.113717,-17.307064,-6.097613,-0.23292871,-0.030555472,-0.6003333,-1.0218518,-0.49909702,-0.18198839,0.7535187,0.0687598,-0.043456513,0.1913461,0.2534819,0.5080795,0.08264305,-0.9220091,-0.16613226,0.23681189,0.18764032,0.19752318,0.050105907,0.09101647,-0.016214726,0.039150752,0.06944568,-0.06991603,0.01744654,-0.045014165,-26.673407666666666,0.78375,0.0525000,0.0925000,0.0925000,0.1925000,0.1925000,0.2825000,0.2825000,0.4425000,0.4425000,0.4925000,0.4925000,0.6525000,-28.330866,-24.106319,-27.44795,-24.400925,-32.059814,-23.694572
0,-430.96356,91.693695,-28.956066,42.55035,-18.73129,18.843403,-20.16777,12.1182,4.0777187,13.272438,8.743522,-15.079664,-4.633679,0.057758257,-0.53456604,-0.112215854,-0.6892512,0.07817092,0.007651801,0.41149208,0.039473664,0.19708054,0.23427692,0.08190383,-0.080589935,-0.08074824,-0.8301183,-0.4278957,0.21798483,0.19076282,0.13901395,-0.0125765,0.077681966,-0.013745453,0.036376387,-0.04966443,0.015224071,0.06073382,0.07655279,-23.882055666666666,0.8634375,0.1325000,0.1625000,0.1625000,0.2625000,0.2625000,0.3425000,0.3425000,0.5625000,0.5625000,0.6225000,0.6225000,0.8225000,-25.981445,-22.30423,-27.094162,-21.385498,-25.510355,-21.016644
0,-475.92252,137.64583,-27.662777,26.1373,-16.677937,3.0806217,-15.020226,-1.1594671,4.1482754,-9.628343,13.724785,-22.03656,1.0103192,-4.320108,-0.5291863,0.37302035,-0.48418298,0.025467483,-0.39734814,0.6112147,-0.13393947,0.34668326,0.16924468,0.024204293,0.47567183,0.092555866,-0.053478323,-0.009794118,0.015061788,0.09151557,0.0033447766,0.18818364,0.12529564,0.09270745,-0.03323899,-0.05177057,0.0071101845,-0.030744856,0.0064883623,-25.522367333333335,0.701,0.0425000,0.0825000,0.0825000,0.1625000,0.1625000,0.2525000,0.2525000,0.4225000,0.4225000,0.4525000,0.4525000,0.5225000,-26.556971,-23.835089,-26.400961,-24.306597,-28.360636,-23.67395
1,-486.58316,112.004715,-22.367205,33.55992,-5.105974,22.405893,-7.9142833,12.545751,8.583533,7.840433,17.624949,-15.825875,-1.5643818,-2.9755762,-0.28362432,0.15542893,-0.55383825,0.20420986,-0.5725987,0.5865776,-0.010747469,0.029757872,0.40939096,0.07715968,0.49249324,-0.14232938,-0.5903559,-0.05504985,0.16730326,0.13783771,0.09447557,-0.06900674,0.044754963,0.03756429,0.010965538,-0.0328071,-0.041151516,0.028919565,0.07450238,-24.931776166666666,0.8154375,0.0425000,0.0825000,0.0825000,0.2325000,0.2325000,0.3025000,0.3025000,0.4725000,0.4725000,0.5925000,0.5925000,0.7525000,-27.530056,-21.911819,-26.728725,-22.249279,-28.062204,-23.108574
1,-551.78125,121.99038,-8.392621,19.083096,-1.6808314,10.383322,-8.223228,-1.4317405,4.28401,0.006423339,18.859089,-11.589101,-9.728435,-0.91788274,0.24143498,0.03288596,-0.6621421,-0.120308205,-0.2921698,0.34980285,-0.034841165,-0.0544344,0.4610898,0.32090512,0.08335605,0.03365901,-0.8109279,-0.15196681,0.29973277,0.30187002,0.23175095,0.025650583,-0.036335617,0.03004225,-0.041285656,-0.026386574,-0.096983075,0.011148321,0.048995104,-27.241737166666667,0.85025,0.0425000,0.0725000,0.0725000,0.2425000,0.2425000,0.3225000,0.3225000,0.4725000,0.4725000,0.6425000,0.6425000,0.8025000,-29.706846,-24.087778,-29.045586,-28.764099,-28.591719,-23.254395
1,-480.1529,114.860344,-20.68808,30.493446,0.048978038,16.82205,-6.7514906,7.857975,1.8152583,7.176106,16.674746,-15.556178,-2.6118507,-1.0630717,-0.18246742,-0.097823925,-0.21023807,-0.1408408,-0.2569466,0.3485031,-0.15720254,0.13498148,0.29568455,0.16650067,0.2871967,-0.12086119,-0.8407838,-0.17202172,0.32281837,0.3661316,0.2154208,-0.13844498,0.056358714,-0.008463823,0.033195388,-0.026981272,-0.09724349,0.10504596,0.025998617,-24.520953,0.8645,0.0425000,0.0925000,0.0925000,0.2525000,0.2525000,0.3125000,0.3125000,0.4825000,0.4825000,0.6025000,0.6025000,0.7925000,-26.841009,-22.379799,-26.107016,-22.20649,-29.005198,-20.586206
1,-481.93854,115.58802,-20.075205,17.851646,-1.6461946,4.209594,-16.20906,-1.4806907,-4.056728,-1.7203097,13.942403,-22.833221,-6.4346294,-0.73634595,0.41412812,-0.7068106,-0.7673129,-0.22288129,-0.17724644,-0.2111192,0.11617505,0.15942432,0.22290573,0.29216504,0.005707392,-0.0022750662,-0.87886196,-0.12995495,0.19133705,0.048740543,0.090050735,-0.027139831,0.076869346,-0.079047985,0.04413078,0.002650829,-0.013977033,0.18883298,0.026855284,-26.600629833333333,0.7685,0.0925000,0.1325000,0.1325000,0.2625000,0.2625000,0.3425000,0.3425000,0.4725000,0.4725000,0.5725000,0.5725000,0.7125000,-28.806007,-23.084805,-27.149239,-25.675997,-29.783178,-25.104553
1,-510.443,102.83811,-8.793042,26.589867,2.3782098,14.765226,-0.19836135,8.433643,1.4239933,7.5675592,10.298856,-11.309685,-3.2058809,-0.9776944,-0.13699146,-0.24974184,-0.08403319,-0.09943634,-0.36155167,0.25036082,-0.04726456,0.28075403,-0.076815195,0.22673841,0.22382458,-0.062637314,-0.204643,-0.07899617,0.093362585,-0.06557378,-0.0022084063,-0.012001696,-0.02295679,0.080538854,0.04261435,0.07356515,0.01716793,0.034956988,0.006312545,-24.581214666666668,1.0108125,0.0525000,0.1025000,0.1025000,0.2825000,0.2825000,0.3525000,0.3525000,0.5325000,0.5325000,0.6525000,0.6525000,0.8825000,-26.335751,-21.313391,-26.60989,-23.202623,-27.799591,-22.226042
1,-508.02945,119.37211,-6.585276,32.73755,-10.222795,13.090342,-7.581789,1.6536945,0.31099755,-5.082519,24.022213,-6.375483,-4.8316927,-1.548379,0.015056109,0.280844,-0.1905189,-0.00031444384,-0.30225644,0.34608734,-0.088954225,0.0018549456,0.26708883,0.15226293,0.19051905,0.0066435346,-0.73716027,-0.4124762,0.07490467,0.20766647,0.16574322,0.06999399,0.013764512,0.108854316,0.07285096,-0.10502501,-0.14102164,-0.015055271,0.08674468,-25.294688166666667,1.071375,0.0525000,0.0825000,0.0825000,0.3025000,0.3025000,0.3925000,0.3925000,0.6225000,0.6225000,0.8225000,0.8225000,1.0125000,-28.020437,-23.214315,-27.744114,-23.436043,-26.089472,-23.263748
1,-523.3482,130.93756,-16.804317,22.640282,-2.7474725,9.196778,1.475632,5.9347224,8.757811,8.949093,14.305403,-17.397259,-3.394673,-0.25211823,-0.40234712,-0.20705236,-0.1285538,-0.24241608,-0.21646388,0.30548114,0.3756478,0.21602686,-0.038263608,0.00998581,0.23782104,0.0575125,-0.32782808,-0.1318802,0.16591884,-0.013888634,-0.005726791,0.039668713,0.06378839,0.025647344,0.04415621,0.037283897,-0.0010853403,0.02581865,-0.047036406,-25.4002305,0.9545,0.0425000,0.1525000,0.1525000,0.2825000,0.2825000,0.3625000,0.3625000,0.4925000,0.4925000,0.6325000,0.6325000,0.7825000,-25.801596,-21.388842,-28.732391,-23.726305,-29.831961,-22.920288
1,-507.46423,126.61018,-22.161142,20.174019,-19.364248,12.318813,-5.6757674,3.598817,6.9023576,-7.265597,16.006472,-17.001915,-6.157597,-2.441138,-0.5595071,0.5019083,-0.53917986,-0.20587555,-0.39935026,0.30157337,0.28023753,0.05660945,0.31516537,-0.03921134,0.37332007,0.058905993,-0.4181451,-0.08006549,0.14353018,0.09362852,0.10834982,0.035655487,0.055381503,-0.013372234,-0.08154709,-0.016573204,0.014700059,0.04380685,-0.013242439,-25.408329000000002,0.8504375,0.0425000,0.0725000,0.0725000,0.1825000,0.1825000,0.2625000,0.2625000,0.4025000,0.4025000,0.5325000,0.5325000,0.6825000,-26.587585,-23.857529,-28.527267,-24.845377,-25.339352,-23.292864
1,-513.4885,120.595024,-3.8057077,26.263641,-0.43052074,16.065905,-7.412222,15.673645,6.952806,11.188061,14.4995985,-7.7036595,-4.1250224,-2.6302006,0.10605906,0.26929542,-0.11797881,-0.06545063,-0.60624063,0.47362438,0.058201153,0.16286844,0.1326002,0.08752022,0.09234946,0.043755785,-0.5284204,-0.020367932,0.14660425,0.08245512,0.045234147,0.08887965,0.0020732163,0.053891607,-0.027970765,-0.003582154,-0.077289715,-0.017887296,0.009833402,-25.314916500000002,0.812375,0.0425000,0.0725000,0.0725000,0.1425000,0.1425000,0.2225000,0.2225000,0.3425000,0.3425000,0.4525000,0.4525000,0.5925000,-27.637398,-22.798782,-26.627987,-23.567236,-27.981712,-23.276384
1,-521.61835,113.17888,-27.458551,26.68201,-7.858231,6.129655,-10.220917,2.397379,3.8517096,-5.1801476,16.270758,-20.458681,-0.8642001,-2.0850449,-0.6393377,0.24148385,-0.5274816,0.026093623,-0.12094369,0.5924936,0.26714125,0.2762359,0.08900393,-0.0137098,0.1677873,-0.049258962,-0.7421026,-0.05135294,0.17412755,0.0025254283,0.104769684,0.07491955,0.09801365,0.01931378,-0.027710622,0.039585397,-0.038017467,-0.009838347,0.029668907,-25.964782166666666,0.8146875,0.0425000,0.0725000,0.0725000,0.1725000,0.1725000,0.2425000,0.2425000,0.3525000,0.3525000,0.4925000,0.4925000,0.6525000,-27.039148,-23.589632,-27.337961,-24.013155,-28.840078,-24.968719
1,-490.53915,126.26777,-22.576345,19.314634,-13.458609,10.494142,-10.267221,5.3499227,3.8807147,-3.7564092,11.316487,-15.865131,-6.4059463,0.052713413,-0.1811273,-0.0593377,-0.7850009,-0.6102049,-0.12896472,0.13927169,0.106096014,0.28687403,0.21344864,0.32443383,0.4683146,0.052130006,-0.3427071,-0.18399028,0.16733852,0.029657386,0.03818224,-0.024132885,0.12379885,0.08024223,0.06792153,-0.052528754,-0.1507492,0.058481097,0.017062543,-25.437473166666667,0.825,0.0425000,0.1125000,0.1125000,0.2425000,0.2425000,0.2825000,0.2825000,0.4525000,0.4525000,0.5825000,0.5825000,0.7225000,-27.550943,-23.93379,-26.416122,-24.961748,-26.181059,-23.581177
1,-497.57803,125.07173,-18.816294,14.368401,-7.8555446,10.666201,-9.783976,13.232862,0.43750638,19.626625,2.5812817,-12.148832,-7.049015,-3.5422878,-0.52734923,0.31425014,0.4900277,0.3006241,0.024413835,0.69204456,0.0041144765,0.20208804,-0.2409805,0.18827212,0.20806965,-0.12050038,-0.26698554,0.032616768,0.13943148,-0.051101033,0.017077928,0.042917486,-0.030000644,0.0654494,-0.027273046,-0.008176751,-0.034933563,0.016852535,0.04505673,-26.29240383333333,0.8831875,0.0425000,0.0725000,0.0725000,0.2325000,0.2325000,0.3125000,0.3125000,0.4825000,0.4825000,0.5925000,0.5925000,0.7725000,-28.656477,-25.340137,-29.224907,-24.292631,-27.875389,-22.364882
1,-549.97095,115.45604,-25.081287,25.879513,-4.654847,2.6863313,-11.564752,0.30450955,2.546711,-4.6645284,12.943492,-15.100289,-5.72768,-3.0697265,-0.7202092,0.32196602,-0.39921376,0.16851014,-0.3706592,0.647573,0.13254249,0.29617178,-0.05484908,0.053022783,0.30336872,0.07988253,-0.124175556,0.02042029,0.011318401,-0.02785384,-0.034353025,-0.013864358,0.07694428,0.059528932,0.050990842,0.021380363,0.004417848,-0.08879858,0.008015435,-25.6680785,0.8146875,0.0425000,0.0725000,0.0725000,0.1825000,0.1825000,0.2525000,0.2525000,0.4125000,0.4125000,0.5725000,0.5725000,0.7125000,-28.71637,-23.207426,-26.633575,-23.026951,-27.030167,-25.393982
1,-535.8133,118.69221,-25.91111,29.5168,-6.6549616,10.228142,-6.418481,5.1074705,5.712022,-4.4625444,11.945676,-14.211484,-5.6997147,-1.8191848,-1.1251868,0.66555417,-0.10354517,-0.5166375,0.08165471,0.26021433,0.2589376,0.1558273,-0.078795925,0.2520208,0.31384912,-0.027566405,-0.4933609,-0.013917686,0.22272441,-0.077381216,0.08157151,0.120988496,-0.02060973,0.057969164,-0.003176313,0.016694935,-0.0443802,-0.066506594,0.02478785,-24.3071985,0.869,0.0425000,0.0825000,0.0825000,0.2025000,0.2025000,0.2925000,0.2925000,0.4425000,0.4425000,0.5925000,0.5925000,0.7025000,-25.531746,-22.041105,-26.113712,-22.915413,-24.917229,-24.323986
1,-526.6792,112.193275,3.540579,28.023817,-2.7905314,18.422092,-6.2854214,13.7956915,-3.8086567,10.525414,8.13771,-7.8425975,-6.953622,-0.044785205,-0.5337236,-0.32855323,-0.19191638,-0.20628259,0.02216089,-0.04393529,0.25145692,0.29786953,0.14870863,0.092385404,0.10344727,0.14229509,0.19486591,-0.09547824,-0.016357819,-0.049474142,-0.08425922,0.03870741,-0.0285789,0.0640414,0.08664962,0.058491454,0.046479877,-0.0023762702,-0.03549959,-25.510887166666667,0.9345,0.0425000,0.1525000,0.1525000,0.2925000,0.2925000,0.3725000,0.3725000,0.5125000,0.5125000,0.6525000,0.6525000,0.7225000,-27.371088,-23.467747,-27.052315,-24.098619,-27.598276,-23.477278
1,-468.22208,129.69492,-18.424564,25.68025,-10.590212,9.649377,-9.626019,4.1063657,5.1156588,-9.458664,17.630465,-19.90934,-1.5392509,-5.6826696,-1.2619277,0.43361664,0.112299256,0.39381284,-0.065242335,0.6371197,0.18595529,0.06422877,0.09974675,-0.20474067,0.28305882,-0.022361595,-0.0049153473,0.022724597,0.1742824,0.028752442,0.047720253,-0.006072419,-0.11697883,0.05156426,-0.092102066,0.025008688,-0.055612095,0.036221556,0.05449358,-24.954146,0.7071875,0.0425000,0.0725000,0.0725000,0.1325000,0.1325000,0.2025000,0.2025000,0.3425000,0.3425000,0.4625000,0.4625000,0.6125000,-26.979685,-22.041517,-26.817152,-24.898779,-25.572891,-23.414852
1,-502.25284,116.48815,-26.637959,30.771452,-15.768966,14.871152,-11.458275,8.981583,0.088387355,2.3262622,10.679775,-11.638318,-6.086492,-2.4573119,-0.727882,0.37737587,-0.34525293,0.056897707,0.051596604,0.39540395,0.26599923,0.13243017,0.124859884,0.021785168,0.27497256,-0.04418461,-0.3451329,0.049716804,0.12931043,-0.032194495,0.123690665,0.038371276,0.06671403,0.0016108251,-0.03411284,0.043670006,-0.004591744,-0.015425627,-0.088943325,-25.098887,0.9038125,0.0425000,0.0725000,0.0725000,0.2325000,0.2325000,0.3225000,0.3225000,0.4725000,0.4725000,0.6125000,0.6125000,0.7625000,-26.847303,-21.661144,-27.231153,-23.34934,-27.086966,-24.417416
1,-468.85666,110.61056,-10.381527,15.641824,-19.523163,25.26384,-6.040486,16.148142,-4.240174,12.848877,13.402397,-14.555451,4.638603,-2.2208,-0.5240998,0.06833771,-0.023923036,0.03643594,-0.32786652,0.4523534,0.24261297,0.3227573,-0.016587168,-0.053934082,0.1994983,0.039828945,-0.27510926,0.053086042,0.19512498,0.0109088905,0.0278311,0.05074859,-0.026437486,0.06952313,-0.042601313,0.08191967,-0.00095744524,-0.006203358,-0.05866765,-25.880036833333335,0.9114375,0.0425000,0.0825000,0.0825000,0.2425000,0.2425000,0.3125000,0.3125000,0.4825000,0.4825000,0.6425000,0.6425000,0.7925000,-26.035017,-23.558739,-28.202742,-25.042318,-27.752106,-24.689299
1,-505.2734,123.46602,-16.914862,24.021198,-10.079223,10.571043,-10.926797,7.6031275,5.013842,-8.734661,16.005322,-16.90543,-5.4107795,0.57508,0.2966693,-0.4996761,-0.7551021,-0.32992086,-0.16830269,0.26997355,-0.087685294,-0.036099616,0.2712273,0.34618685,0.1434666,-0.2392711,-0.69726217,-0.22602001,0.028879981,-0.14989665,0.019846845,-0.032105174,0.08849172,-0.0032083592,0.00211395,0.14177093,0.009394563,0.06989435,0.06573587,-25.842526166666666,1.003,0.0625000,0.1325000,0.1325000,0.3825000,0.3825000,0.4525000,0.4525000,0.6525000,0.6525000,0.8025000,0.8025000,0.9625000,-29.159369,-23.486347,-27.228298,-23.698994,-27.692652,-23.789497
1,-485.21646,117.753044,-12.846646,14.014231,-4.411263,10.6961975,0.4602454,4.2039647,1.4521338,13.34971,10.649376,-14.904834,-4.4614596,-1.755351,-0.4058567,0.18283103,-0.37067387,-0.07952285,-0.4175753,0.39060846,0.035365056,0.21526004,0.13149187,0.18455651,0.32886666,-0.23994124,0.035376094,0.14231443,-0.1301189,-0.0925409,0.020664046,-0.025644587,-0.049119893,0.07567038,0.010438025,-0.020617528,-0.01368225,-0.071299486,0.0030379712,-25.488072333333335,0.949,0.0425000,0.0925000,0.0925000,0.2725000,0.2725000,0.3425000,0.3425000,0.5325000,0.5325000,0.6425000,0.6425000,0.8425000,-27.417698,-23.907341,-26.458706,-23.312555,-28.640825,-23.191309
1,-483.82407,125.76378,-12.662779,28.606451,-13.46646,8.487542,-16.080942,4.047644,-0.78378433,-5.6339235,13.488146,-17.634531,1.4163644,1.056068,1.0495969,-0.9759014,-1.179902,-0.3865699,0.084337436,0.09495217,-0.015334412,0.20403555,0.2629495,0.62782216,0.33430964,-0.1096529,-0.92898804,-0.62355447,0.20801125,0.057257563,-0.021935174,-0.105491646,0.15769881,0.013956437,0.123437315,0.043026295,0.04753069,0.058299758,-0.050173137,-26.751021666666666,0.6908125,0.0625000,0.1225000,0.1225000,0.2125000,0.2125000,0.2925000,0.2925000,0.4025000,0.4025000,0.5225000,0.5225000,0.6525000,-28.112312,-24.838169,-27.649902,-26.721941,-28.6745,-24.509306
1,-460.1892,106.90815,-17.799452,29.209171,-7.6051664,20.196238,-9.540912,7.8876376,4.6697664,6.4548573,17.802618,-16.707098,-1.5428714,-3.4779599,0.30211025,-0.25617537,-0.52415496,0.1779954,-0.4415962,0.44539255,0.1495745,0.14868139,0.47440377,0.30717507,0.26591128,0.09793762,-0.9229017,-0.055893864,0.2435161,0.33572608,0.12411048,-0.0031286527,0.09061263,-0.040937737,-0.012147092,-0.12490203,-0.0058322474,0.14653489,-0.003804469,-25.807404,0.69425,0.0425000,0.0925000,0.0925000,0.2025000,0.2025000,0.2625000,0.2625000,0.3825000,0.3825000,0.4925000,0.4925000,0.6225000,-28.834927,-21.936398,-27.547903,-23.753397,-28.959234,-23.812565
1,-495.8438,125.48777,-18.769419,26.044708,-9.467388,11.848622,-14.2482815,6.563836,0.1789071,-0.20930168,17.004269,-15.792229,-8.8537655,-4.3865585,-0.4660608,0.16051103,-0.062147003,0.23115993,-0.15870339,0.40195945,0.29919338,0.1561963,-0.04705918,-0.09559562,0.029163186,0.087017834,-0.24639201,-0.11634623,0.05451345,0.09389865,0.0032845272,0.04778438,0.050117947,-0.011741159,0.007353658,-0.037078466,-0.025651902,-0.001669085,0.054318033,-25.698867666666665,0.8355625,0.0425000,0.0725000,0.0725000,0.1725000,0.1725000,0.2625000,0.2625000,0.3925000,0.3925000,0.5425000,0.5425000,0.7425000,-27.081964,-23.168646,-27.224779,-24.567289,-30.092648,-22.05788
