0,-557.2072,1.2159225,52.71836,14.183687,-5.3207207,20.462074,-16.57702,17.502392,-7.621833,10.699967,-1.7367016,5.0927877,8.1265955,-1.6071634,0.11229786,-0.07631022,0.07687618,-0.111239545,-0.12320009,0.027532779,-0.0029805065,0.016028106,-0.16391112,-0.0068066465,-0.021831878,0.07249876,-0.033048768,-0.04930803,-0.060374644,-0.04863087,-0.02822034,0.002235146,0.006866941,-0.0017739283,0.017886983,0.058729656,0.02852482,-0.024154752,0.018772073,-26.526644833333332,1.740375,20743.764739990234,4702.628002643585,5306.466571807861,2169.799357175827,1618.744440317154,2094.56978482008,2049.865780353546,1905.0687372684479,1051.6849185228348,1368.983873307705,617.3212404847145,1079.7008647620678,1303.25951372087,1073.9447305165231,361.35675932466984,271.3419272080064,252.42195754125714,257.63386838138103,176.65348669327796,197.19051218032837,138.85025998950005,102.16239613946527,187.24835158139467,98.42994106374681,134.08932257443666,124.4805179014802,397.9726046025753,143.25298990681767,115.77435342222452,86.17102801799774,105.13107968866825,56.34944768436253,58.697385306470096,42.283704054541886,44.16309532010928,52.67077123466879,56.74028361123055,55.266618225723505,51.11831149458885
0,-534.84644,13.895138,49.09929,2.4400237,-2.3635557,19.20254,-16.36506,22.70126,-9.225748,15.547912,-1.7848253,5.2987647,5.8373303,-1.9833807,-0.13924642,-0.17981325,0.10930324,-0.0624985,-0.05191783,0.07550739,-0.035771124,-0.01685981,-0.08252471,0.015867298,0.054297537,0.05179253,-0.03699656,-0.042018995,-0.02160852,-0.024956789,0.011479505,0.01897337,0.009385934,-0.019249717,0.0011127429,-0.0037221434,0.023318455,-0.011289028,0.0031085496,-26.56115283333333,1.761625,21634.161010742188,3966.4699363708496,5295.874810218811,1239.1601725816727,1498.463092803955,2253.292695581913,2216.7043730020523,3233.641501367092,1465.5152807235718,2233.6426370739937,907.7479800581932,1200.7789114415646,991.9891121387482,983.3629105836153,249.90873432159424,285.6349017219618,197.61927707493305,288.86223499290645,163.51795100048184,204.04620230942965,146.2430181801319,125.06688882783055,130.2343832217157,94.99341184087098,108.27853219211102,128.23880989849567,379.854734800756,117.25708858668804,122.03160975128412,77.95730101875961,115.73393034748733,55.824753714725375,65.33036349341273,49.47499313671142,56.86076131090522,50.320710869506,51.64928061608225,47.807196252048016,52.430625695735216
0,-511.21494,-18.884739,56.332275,14.726927,-4.944252,6.9646106,-14.196273,17.840767,-7.9757075,-5.8389688,1.4716429,10.153539,-9.008775,-1.5410646,0.7314923,0.1052683,0.2202458,-0.038356647,0.09724284,-0.01041184,-0.12756301,0.18898185,0.029296733,-0.14587206,-0.025866339,0.091680154,-0.21277976,0.028649678,0.029392699,0.056597933,0.019783845,0.014926149,0.0046005296,-0.004184744,0.002636356,-0.028932303,0.0033697984,0.015095048,-0.010622614,-26.139656,1.386625,16680.491668701172,6604.748821735382,4400.882541656494,1929.4896408319473,1474.8050928115845,1248.8075349926949,1324.8679435253143,1759.4927880764008,1224.0204684734344,659.3255937695503,840.36607837677,1066.7017477154732,1089.8648955523968,774.6113660931587,256.50012074410915,282.6326016932726,215.6751229800284,211.11890068650246,102.60726884566247,168.60697100311518,67.96230180561543,82.57561602257192,125.45204805582762,95.80764099094085,82.557805435732,85.2830085940659,335.56944224238396,131.3013721704483,112.35478745773435,92.1382647883147,81.05465325154364,48.385944589972496,65.86980824917555,35.972124486928806,36.580457143485546,47.556601168587804,39.919546513818204,34.76891966164112,28.844797670841217
0,-579.83984,-10.712682,61.035873,17.791908,1.6160547,13.974886,-13.256042,18.961847,-7.818209,2.7476459,-1.7183164,9.823031,-7.303261,-1.1230646,0.23052602,-0.14127856,-0.25168744,-0.09135326,0.077938706,0.23548454,-0.05274985,0.053710245,0.16235127,0.07546433,-0.013998493,0.025651345,-0.05547863,-0.027187914,0.0042185537,-0.031750906,-0.011845202,0.0034088525,0.02068639,-0.003221329,-0.04030051,0.027893668,0.0056912843,0.0032353573,0.023100715,-26.16721533333333,1.5209375,15320.824768066406,5549.917775630951,6143.482288360596,2581.812073022127,1949.2488315105438,1537.0601935982704,2104.6420800685883,2007.481638789177,848.8804520368576,1705.949979543686,1160.2244182229042,1222.4264389276505,847.9207541197538,806.434314891696,260.1964724138379,250.6170131713152,241.47299598529935,253.37102050334215,165.58549362421036,128.87311720848083,82.91466485708952,100.61841122433543,127.47925401479006,85.53233427554369,107.830486305058,100.99305645376444,365.6694879345596,108.37987358868122,102.65120673645288,75.94868893176317,80.47962971404195,48.75527726486325,58.93106519989669,34.67021364532411,33.48578745685518,44.04668485932052,41.73338343016803,37.73307806998491,35.99872050434351
0,-491.85297,99.00447,22.266823,22.020435,-3.4309745,20.84725,-6.658468,5.6075554,-2.6801953,-11.132424,4.2523427,-3.9249558,-1.0645345,1.2877218,0.14444083,-0.15311563,1.6380364,0.17110412,-0.848239,-0.33408526,-0.19645452,0.40153253,-0.7230531,0.12801495,-0.440556,-0.058130637,-0.56766987,0.1267588,0.07744584,-0.052445028,-0.07824472,-0.036122527,-0.046509705,-0.03187865,0.020305848,-0.024777275,0.04293378,0.003189302,-0.01643107,-26.569094833333335,0.640375,19251.599853515625,4296.051572799683,2033.9808440208435,1784.6345674991608,1637.2180287837982,2025.560364663601,1844.184670805931,565.536138176918,997.7641205787659,660.4250998497009,569.454981803894,1008.2783541083336,460.895107626915,1070.676930963993,249.34017349779606,239.718505859375,255.40988402068615,264.14070120453835,108.40725901722908,143.44380754232407,136.1668906658888,75.92072024103254,113.7441838607192,104.76093647629023,74.29297177586704,101.75316063314676,296.0691253375262,108.68279746174812,89.91508673131466,48.043448615819216,91.83431483060122,46.725827395915985,50.43920419551432,36.609458406455815,23.70296753756702,28.769929233938456,33.14070849865675,34.45087669044733,35.224526847712696
0,-558.8875,99.728485,12.545468,53.68476,2.2134387,24.076513,-4.599484,7.970621,0.3429145,-4.467187,1.012923,-1.7096171,7.0010676,-2.3412893,0.058113348,0.5399771,-0.026382577,-0.13066752,-0.17156895,0.38561487,0.2377652,-0.18521471,-0.053167537,0.0071183876,0.08057689,-0.10305767,-0.27888602,0.23564143,-0.027031021,-0.28006762,-0.16214333,-0.102971815,0.108421296,0.04876102,0.01213168,-0.01972614,0.07384646,0.11014555,0.10849348,-27.0780215,0.883125,12888.577697753906,3261.310571670532,1323.0917234420776,4006.179582118988,1480.997057914734,1821.9207133948803,1031.8231932222843,538.0776427984238,356.8005893230438,464.45839190483093,509.7965101003647,647.1147117614746,815.5338482111692,790.3303003013134,258.18113404512405,255.86272624135017,205.25017429888248,196.0851770490408,76.32227852195501,157.33331470936537,72.16450936812907,97.52333638258278,88.28664277493954,65.20309125259519,102.5824116691947,103.09552356600761,331.4071752130985,120.62326604500413,90.40372252464294,76.88175079599023,74.61768542788923,48.27996768243611,60.39763347432017,35.89496442489326,34.987206779420376,34.66523761861026,50.34617721661925,41.599329771474004,27.792310386896133
0,-459.0901,93.542854,15.477395,27.053457,-9.787494,16.96118,-2.9814856,-2.1416538,-0.951161,-11.178874,5.9014583,-6.848639,0.79518294,2.1862912,-0.009351175,-0.07002833,1.1497196,0.32907724,-0.6191505,-0.22397582,-0.56135243,0.1237028,-0.027234687,0.31107193,-0.1520031,-0.71687543,-0.5593171,0.254398,-0.036920145,-0.20420875,0.0071433657,0.039682917,-0.03816983,-0.03777754,0.017621899,-0.029768977,0.015039606,-0.035095014,-0.038641088,-28.114746,0.62175,21188.87368774414,4653.768311023712,1790.6673988103867,1889.955177307129,1668.1402990818024,1518.4244777560234,1522.2945392131805,654.5882480144501,615.679988026619,762.9639303684235,622.3450084328651,724.0043548345566,412.4959691762924,1170.1272080689669,271.28073278069496,216.42564642429352,193.44808258116245,225.27499744296074,134.3776782527566,140.67533913999796,98.42127254605293,88.1731698284857,77.26467826962471,97.67638107389212,70.2797501757741,125.73863722383976,375.33608309552073,97.52642896398902,80.99699616245925,50.282829616218805,81.69971826300025,54.52684226818383,60.60759827122092,29.011778984218836,29.31201058253646,30.26561564859003,35.37289730831981,36.93487595021725,29.27712858747691
0,-549.5283,136.91057,20.141275,37.83533,-8.465318,15.42099,3.207721,-1.0922905,-6.012972,-0.94558674,-2.0592453,-10.670062,-1.7756604,0.13324767,1.2557381,0.35218582,1.369767,0.25273782,-1.03692,0.11591089,0.018929645,-0.20318191,-0.17783615,-0.60222006,0.20199269,-0.37347674,-0.12273665,0.12455356,-0.14102702,-0.22083104,-0.18704095,-0.14142463,-0.01721047,-3.066967e-06,0.094152726,0.09811625,0.11464658,0.20208313,0.09875693,-30.095396666666666,0.6335,16732.888671875,7095.614204406738,1822.4289498329163,2555.917202234268,941.5344309806824,952.8746663928032,1125.8667125999928,589.6958249807358,579.410441339016,473.7639688849449,556.489820510149,1088.3534137010574,344.18781737983227,1050.4676137566566,320.2879114896059,327.38535134494305,299.1344691067934,199.18892188370228,117.26573193073273,146.83956544101238,87.87382777780294,118.40721835196018,105.44453494995832,108.18758500181139,112.26445459574461,97.0305798202753,341.2485117316246,83.18460009992123,95.91198032349348,66.273921828717,73.07357965502888,48.30672254227102,49.91264771670103,35.467493429780006,36.681950559839606,40.232800260186195,41.5583857037127,50.54452273249626,23.25265320762992
0,-492.30807,102.07265,12.68259,29.234169,-11.666451,18.705853,-5.5464344,9.746885,-7.1138434,-8.191091,7.5798497,-3.204434,4.169311,-3.4608867,-0.7015716,0.5911313,0.8241256,0.44471818,0.032578565,0.22795877,-0.26693952,0.5634133,0.25541106,0.21196097,0.08035704,-0.03332366,-0.22445789,0.034651488,-0.1619865,-0.15857153,-0.0901519,0.04414326,-0.0017343482,0.14194591,0.03751853,-0.011584675,-0.09930077,-0.007831999,0.010246008,-28.389804333333334,0.780625,12521.43994140625,5197.723526000977,1245.3657755851746,2394.183487057686,1570.0448715686798,1612.6957632303238,841.2484341859818,1021.4893290996552,1217.6113134622574,270.8558421134949,668.8118554353714,516.3741806149483,616.0428086519241,1374.2181161046028,296.2451582252979,235.26694387197495,176.4842331185937,195.75712030380964,179.73557055741549,175.68700994551182,95.03929876536131,108.00084611773491,110.53587809950113,50.35008603334427,92.47794254869223,77.77250333875418,445.8418333604932,71.89023272693157,98.5627991259098,57.56005645543337,63.39361135661602,49.30444022268057,57.93768875859678,41.840903013944626,26.577559411991388,40.43984606489539,35.83276868611574,32.77627597749233,20.49652895424515
0,-508.44543,93.66152,23.897272,33.220997,-5.8749533,21.750996,-10.5556,12.722925,-12.531153,-9.44072,7.7526417,-5.830646,1.1128675,-1.7169068,-0.14388934,0.5170993,0.6434142,0.34014246,-0.08455341,0.40110394,-0.1157037,0.11736646,-0.011427971,-0.14243278,0.0037460965,-0.05610475,-0.31108156,0.23907432,0.15505874,0.117583506,0.044237353,-0.01872012,0.025360916,0.015833573,-0.106080174,-0.04064041,0.01219415,-0.006599161,-0.0040320237,-27.046259499999998,0.89,11819.40493774414,3457.415404319763,1283.0751359462738,2769.9570171386003,1237.4656641483307,1648.3491482436657,1088.9641703367233,1419.9417221546173,897.580937743187,510.12959599494934,669.329431578517,755.6664457321167,611.341276973486,841.1145495474339,287.9570751946885,269.26380061358213,182.96943218261003,163.47544792294502,110.70106212049723,188.12179146707058,85.9221095778048,115.7169312313199,139.46462370455265,87.08305820450187,81.21270548552275,88.41207419335842,385.2482838630676,112.81095057725906,92.07770095579326,89.86739344056696,89.21618447266519,64.53972896561027,53.602755665779114,29.319143993780017,45.518059774301946,40.679197903722525,35.47053907439113,37.782195802778006,32.08373396471143
0,-495.4701,104.31516,8.124624,38.01447,-10.381563,15.213875,-8.901325,7.587137,-9.892109,-8.717073,8.193306,0.77323794,8.853731,-4.231929,-0.9920263,1.0598432,0.87331456,-0.008575215,0.09390347,0.30980137,-0.01192845,0.31352565,0.10575102,0.018644545,0.32451302,-0.19565761,-0.28012004,-0.1609258,0.10243118,-0.27172652,-0.12603547,0.19785143,-0.016792864,0.0863003,0.07672005,-0.08059701,-0.061393645,-0.0075945216,-0.0927266,-28.680049666666665,0.7515625,15329.818420410156,3263.7228479385376,808.3483023643494,2978.0431892871857,1103.7337834835052,1565.5536353588104,1165.9796428084373,552.7903742790222,933.2543457746506,494.3223043680191,880.6279131770134,935.2091056704521,832.1996204257011,1124.4409194588661,365.4631063938141,313.7061854302883,236.08393739536405,166.03407968208194,190.3906062534079,142.03056851401925,78.43429970555007,84.05414827540517,71.65902899205685,75.75720405206084,77.5135570988059,96.13879810273647,398.92567723989487,83.5444998294115,86.49095088243484,60.78744290396571,75.3651509359479,58.23941467702389,60.12988241016865,29.991983512416482,28.07189370598644,40.30177368968725,39.74891316331923,28.923770613968372,27.6438748203218
0,-551.60144,96.38573,24.534716,31.380188,5.1101823,29.98108,-10.491248,9.978198,-3.8667035,-4.190819,6.8646107,-9.144573,4.6495905,-2.618553,-0.2789595,0.10205312,0.40108204,0.6788354,-0.12724586,-0.11022984,0.036269587,0.43150437,0.27521092,0.040379964,0.05153546,-0.08083618,-0.28873774,0.19043799,0.014678341,-0.079389386,-0.1561971,-0.054207146,-0.003745145,0.076531716,0.03906005,-0.036521304,0.03632193,0.039352495,0.017832264,-26.772168833333332,0.8788125,14249.465393066406,5861.3240575790405,1627.4344688653946,2589.534255504608,1750.1282210350037,2873.0374073684216,1355.0708332061768,873.616357922554,733.543806374073,453.70573580265045,682.306912958622,891.6436809301376,640.9388108849525,1013.6895028054714,315.0947756264359,234.2150012254715,214.85626635327935,291.80518797785044,169.183699388057,133.1586855649948,113.23251663893461,128.34340121224523,75.53821923956275,77.47208420932293,82.73698866413906,63.01235399208963,373.72882337123156,112.68356532603502,102.84654247760773,65.22490058466792,89.38606256246567,53.88751682639122,57.872760063037276,40.01242687553167,38.67627964541316,36.79199284967035,39.90222673024982,36.38931003585458,26.69650573655963
0,-504.10294,80.7475,-1.3642663,41.81384,-2.535872,12.161219,-11.134148,6.661567,4.3632765,-15.011215,10.042988,-9.982036,3.4881709,-1.123992,0.908029,0.67137694,0.19640355,-0.40845528,-0.86683965,0.18623209,-0.25258714,0.28223127,-0.043358803,-0.22188424,-0.10529267,-0.43457025,-0.7410676,0.34522977,0.08081732,-0.22416775,-0.27136672,-0.20689344,0.05962788,-0.110729374,0.010038863,-0.088717,0.058992844,0.07829934,0.0067634475,-28.555832666666667,0.7455,12586.096282958984,4106.52436542511,843.1212069988251,2847.6325912475586,2115.818268060684,1091.6619894504547,687.4530248641968,531.1299831867218,608.4640389680862,460.4216778278351,923.7127134799957,619.6923249959946,682.5549275875092,846.9521830677986,386.3324892036617,256.3308250233531,323.0087354518473,293.5833895802498,129.93995994329453,178.81079787015915,98.33088881149888,120.98509431816638,107.00711061805487,98.96097811311483,84.56298543512821,105.58232154324651,408.92486576735973,113.428088625893,91.57496647536755,67.57230775617063,103.95118933543563,77.30091039463878,57.32050248980522,32.206188732758164,23.418779896572232,38.357441829517484,52.78401922248304,40.36907810717821,20.219975128769875
0,-478.94022,75.769035,17.57753,34.731762,-9.884635,29.181934,-15.725195,7.8086414,-5.0555005,-6.1061873,7.767829,-6.399327,6.588006,-1.9747834,-1.4633931,0.33548436,1.0160735,0.4819799,0.12656067,-0.49864453,0.07971277,0.30081174,0.10222067,-0.046043236,0.07197789,0.031004086,-0.2511314,-0.24286595,-0.14748338,-0.04938359,-0.00378723,0.1274495,0.050552044,0.029521216,0.06142484,0.010208135,-0.017371273,0.016206091,0.036624134,-27.703952166666667,0.8361875,14476.318084716797,3508.368088722229,1465.1757467985153,3073.6969380378723,1122.2622747421265,1990.8110356926918,1947.3679303377867,425.1983845233917,596.5715746879578,601.9981836080551,1020.2479546666145,921.3690260350704,841.0158911347389,1216.5195759534836,493.0629738122225,218.00420866906643,230.4853821247816,256.8483373224735,159.98822251707315,153.09473164379597,89.49381236545742,162.73304507881403,158.35585510730743,67.08607232570648,85.91142926365137,104.40664766728878,447.44847125560045,98.75252923369408,85.23455255106091,71.0914995148778,67.0456547550857,55.32920854538679,52.702876053750515,31.394223051145673,37.455301163718104,37.05593302845955,33.24658676981926,38.19401725009084,31.07817748375237
0,-492.05234,77.472855,13.601069,43.21887,3.537065,24.411295,-11.070305,6.1567726,0.08633709,-8.951095,4.03803,-7.7058067,0.9096132,-2.2822733,-0.26297432,0.3347119,0.13259575,-0.17312264,0.6811745,0.11771907,-0.35267448,-0.2025539,0.13411632,0.23482719,0.070022896,-0.29278073,-0.26190302,0.1946918,-0.20396523,-0.16691399,-0.0958123,-0.088529795,0.114292175,0.06438448,-0.055760086,-0.05749258,0.07013878,-0.0050714626,0.08189274,-27.146542500000002,0.8986875,16198.279602050781,2029.9267988204956,1247.6656538248062,3667.216345369816,1903.1969695091248,1929.8580009937286,1736.4313473701477,513.1806662082672,677.6539270877838,326.60423386096954,774.5651845932007,963.4971708655357,524.5809041708708,899.1675438433886,413.7075847312808,227.37164562940598,143.84988096356392,201.30139707401395,195.30445894785225,149.81366408616304,114.45908115431666,85.02360237389803,160.01883939653635,80.09783491492271,96.01751168072224,90.66146005690098,337.70598623529077,122.90210404992104,92.5552316904068,62.443373434245586,93.33238809928298,63.215129249263555,62.351726815104485,35.576789451763034,43.05243795737624,47.00139640271664,47.06965464260429,40.15035628527403,25.489971816539764
0,-499.37042,72.30102,14.626563,36.96383,8.300895,19.419554,-9.662573,12.38124,-1.3913866,-3.5745242,0.5833835,-4.0988135,1.2186364,-3.1776874,0.39082554,0.27138138,-2.7563136e-05,-0.1380442,0.16490193,0.5696113,-0.20670432,-0.02596257,0.25107497,0.16097574,-0.047884684,-0.097665526,-0.19032498,0.14452034,-0.010479095,-0.11998882,-0.0386218,-0.06338886,0.019425303,0.03515579,0.007877941,-0.04708953,0.002651792,0.057247773,0.045741946,-26.496342833333333,0.9613125,14308.16455078125,2630.54799079895,1172.4707452058792,3407.527682542801,2101.1874566078186,1537.6098670959473,1527.8275738358498,776.2530584335327,625.2378455400467,599.4356785416603,687.6779412329197,852.1210282444954,547.2460592240095,772.1294844448566,326.54137220978737,219.84256759285927,144.78167740255594,192.12301901355386,110.21657256036997,170.18526071682572,88.53782189637423,71.4974815659225,141.84367388114333,66.98297676630318,88.83126263134181,91.40140765160322,320.588167399168,105.33282833918929,103.60571797192097,51.70457076560706,70.7033057436347,65.3926882003434,56.74700306355953,46.4157618121244,40.21342416293919,40.40822570770979,33.26136562228203,39.792536832392216,23.907489181496203
0,-493.71585,73.92654,14.329269,28.525034,5.2157125,15.596992,-10.926979,6.1696258,-9.199149,-8.765044,-3.794736,-9.42495,-6.913861,-1.4756563,0.13290964,0.8295437,0.86596245,0.19903511,-0.7832413,0.043824878,0.13849102,-0.06548425,-0.18887487,-0.22510992,0.2143953,-0.1380065,-1.3400338,0.11172119,-0.021033106,-0.07127973,-0.0040451833,0.072439715,-0.0076801307,-0.034665614,-0.012203485,-0.029852113,0.022076162,-0.032488897,0.031248923,-26.367004666666666,0.856625,12098.529083251953,3893.399878501892,1384.4415551424026,2727.5125963687897,1748.0981233119965,1914.360059261322,1613.5761139392853,354.0022088289261,869.2694288492203,388.0533722639084,393.20442312955856,1039.3859558105469,431.49531280994415,1434.5906958281994,335.6443268060684,318.9836494028568,184.43472357094288,281.8120889365673,138.6594658549875,168.7660459727049,67.42874909937382,68.56196956895292,86.38190708309412,102.41465483605862,75.63140834122896,111.84310653433204,468.65856244415045,104.5354794934392,88.83831643685699,49.0277722068131,78.20844531804323,43.32418436743319,49.79689627327025,28.611060291528702,26.200762097723782,36.144878178834915,37.146476559340954,33.28529657050967,35.030088145285845
0,-525.26465,87.860466,3.4374707,42.793594,-10.117551,15.889026,-10.82643,-9.114603,-8.924832,-8.608617,-3.7106497,-9.684657,-7.6222043,-2.7776318,-0.84623027,0.35130775,0.02275495,0.16160415,-0.037461422,0.039947703,0.17176802,0.19298704,0.26199934,-0.034146257,0.20709118,0.27548686,-0.23185119,-0.32262155,-0.043123662,-0.29300484,0.0141353775,0.34594104,-0.048792113,-0.10507367,0.009074387,0.121601634,0.04796683,0.0727664,0.11416036,-27.8357155,0.8591875,15187.789978027344,3071.27152633667,1572.8784676790237,3261.8479804992676,1045.954846382141,1299.2899050712585,1595.6193243861198,699.8781599998474,544.0239164829254,520.3917187452316,491.4087264537811,1037.304807305336,790.934242606163,1357.8290114062838,313.3912189267576,286.0775499045849,217.30360212922096,255.718493796885,218.5165514871478,116.78723168373108,77.05439731106162,95.28594269603491,113.03359367884696,73.09305573999882,80.9669279716909,110.8666185028851,363.3602408245206,110.6528314910829,81.28802154585719,70.97548190969974,71.20032088086009,65.25705796480179,58.655447906814516,32.904961850494146,39.994838912039995,36.79553905129433,35.21956726722419,42.09243076480925,26.670366875827312
0,-519.3594,99.2023,8.167863,41.10327,4.25613,10.037032,-11.57111,8.855818,-5.604874,-14.230305,4.854225,-9.85852,-3.068912,-3.1973162,-0.593065,-0.15585977,-0.07454062,0.4097057,0.10912019,0.3025881,-0.19990602,0.12755376,0.21381085,0.25234708,0.28336534,0.013410891,0.10242214,-0.13162577,-0.19192924,-0.24465092,0.010972968,0.22149748,0.10010453,-0.10476627,0.020353578,0.14474474,-0.026807254,-0.031823818,0.070634805,-26.894060833333334,0.9164375,14124.738159179688,3074.782859802246,1526.7307312488556,3249.556272447109,1772.4260692596436,1048.6249218583107,1454.1248925328255,867.0078256130219,370.8952534198761,776.5421714782715,723.5009958744049,1188.9230407774448,323.20818923413754,1344.3510106876493,348.93040242791176,290.67805939912796,233.06980224885046,258.41868978738785,214.05250838398933,180.55112932622433,126.98029674589634,64.14252890273929,136.1169289648533,61.28809542581439,62.93154884874821,80.20247777923942,433.43775399029255,99.32232468575239,87.60871198400855,60.4985567368567,79.86241682525724,55.26030266471207,58.21662710607052,28.967379523441195,23.052103598136455,35.637844413518906,32.918984385207295,36.301606725901365,22.422856697812676
0,-421.62747,21.558825,46.23038,-7.565039,6.781585,7.8244357,-10.794581,13.143266,-14.349375,4.4661746,-3.7215464,8.074305,-11.85076,-2.8873656,-0.062829174,0.06499413,0.24959774,0.08800093,-0.051891107,0.22171263,-0.20190679,0.39628175,-0.019139536,0.096334204,-0.04081251,-0.025182609,-0.4989992,-0.07819914,-0.055014215,-0.006480477,-0.028642483,-0.03129767,0.023496741,-0.0096109295,-0.00012562673,-0.047855344,0.040179703,0.058006257,-0.00096770783,-27.122782,1.08775,18926.196807861328,2807.9811096191406,3627.9665670394897,2111.7399358153343,2202.277580022812,605.6676049828529,1264.6310238838196,1372.238879084587,729.5896723270416,549.9887565970421,494.51531291007996,996.0131991803646,549.1594388484955,1336.2953090369701,386.17492075264454,302.34833151102066,199.22478979080915,299.03705368284136,96.40627866983414,111.46102824062109,68.3800273835659,96.01992624439299,58.11227683722973,69.11486124061048,87.5945894587785,96.49749541282654,429.9553930014372,127.61538993939757,84.37952274736017,76.60898239538074,82.19468731805682,47.757382307201624,59.30503235012293,34.76912928652018,29.543311908841133,38.10415512602776,42.02968376176432,40.460077069699764,33.831556271761656
0,-534.725,108.05279,-1.747617,36.868652,1.7678034,13.054339,-13.416197,0.47915018,-4.848145,-8.145208,1.1619529,-6.6176176,0.53834,-1.6388075,-0.43806073,0.44851634,0.4244217,0.4340561,-0.022524338,-0.05937925,-0.05784519,0.073596954,0.30611423,0.023818528,0.05102273,-0.26167372,-0.4912565,0.18230897,-0.03954148,-0.012218468,-0.058958065,-0.06376641,0.054162964,0.034693025,0.049091164,-0.082248114,-0.019254198,-0.02026622,-0.0040870216,-27.481403166666666,1.032375,12538.569213867188,4953.247856140137,1488.374364733696,2989.8473553061485,1494.8202123641968,1352.0195896029472,1222.5647774785757,506.58040392398834,396.96931421756744,598.493612408638,561.2479268908501,779.7874557673931,663.4324312359095,940.660207003355,213.95984686911106,262.256858587265,179.88940108194947,286.52279549464583,155.69801242649555,169.74391162395477,66.16788059845567,79.25915883295238,82.58282471075654,83.29996996559203,68.71540957316756,93.49569881334901,377.9104872867465,109.21286794543266,88.74526534974575,69.71840772591531,78.76975011825562,49.7861448302865,55.83953199721873,30.708275135606527,34.93762205913663,43.85265548154712,37.49065650720149,32.40781313367188,32.98742022551596
0,-556.7284,82.97246,25.101358,29.869167,2.0808613,17.122847,-14.377817,7.562466,-3.2552485,-6.476475,0.6191409,-10.069652,-5.0109124,-1.9460135,-0.58011264,-0.2490815,0.057500415,0.120241985,0.08591219,-0.2719751,0.28001451,0.44553202,-0.01296651,0.03345924,0.014377731,-0.05345856,-0.26263317,0.21052107,0.075251,-0.084472865,-0.1248734,-0.19229752,0.08132449,-0.022809608,-0.05749197,-0.061658584,0.03737239,0.043911092,0.014116032,-26.788149666666666,0.9279375,12568.933624267578,3962.1358547210693,1467.51871240139,2637.451501250267,1812.0711040496826,1700.163315474987,1876.4807624816895,850.9266377687454,554.0980952382088,436.6860214471817,509.2270960211754,1086.059195458889,472.41061386466026,746.19022372365,310.5431972146034,209.40465683676302,216.38276082277298,199.66352032870054,205.55650256760418,138.14679150283337,84.72153245098889,122.15336738713086,117.90050721913576,102.74375467002392,83.66776355123147,122.96624339185655,313.2788610756397,126.73463983088732,111.32746013812721,70.06796867027879,89.66469026729465,84.01033787429333,65.36435697600245,25.098053640220314,44.512047071009874,43.47526295110583,37.436702048406005,33.00235994532704,38.449045702815056
0,-552.5637,75.59945,26.941177,30.386822,2.975738,21.38926,-11.594306,10.615262,-4.261552,-7.214352,-2.2596693,-11.856494,-1.7906173,-2.3054209,-0.34165922,0.3725365,0.37890017,-0.0053081117,-0.23169874,0.34010157,0.01243244,-0.05023903,0.15973637,0.08059018,0.12622127,-0.04545306,-0.15617885,0.029825063,-0.03431762,-0.15207043,-0.14351718,-0.06529877,0.10467804,-0.028204652,0.008511666,0.06993078,0.06553853,0.053169966,0.014326704,-27.8923835,1.03225,14004.84310913086,3707.2945489883423,1863.5893508195877,2505.800071120262,1716.330373287201,1897.735370337963,1501.2877142429352,1303.865653693676,568.3692908287048,429.9325118660927,427.13036131858826,1309.1124043166637,630.4012501388788,877.6646613925695,235.82325435522944,271.092453494668,251.57526367157698,254.5857842862606,136.32027136906981,135.3130429238081,76.08535240590572,107.1970145367086,150.05427691340446,82.37863279879093,65.74239614419639,128.10578814148903,371.17753813415766,109.64082710444927,86.14949884079397,83.78271444188431,76.8630426377058,54.72818769514561,60.19297894835472,35.28833298385143,41.41471283137798,33.36637010239065,39.64671115297824,40.79394695349038,34.414587680250406
0,-512.14954,86.30611,22.173069,26.5808,6.4254904,17.755215,-9.87924,7.2467546,-10.613489,-6.790034,-2.456203,-10.002614,-2.865245,-3.2897146,-0.3240821,0.53797746,0.67752033,0.06611352,-0.42154318,0.06566138,0.15260871,0.2230447,-0.11608294,-0.045052595,0.030205313,0.17103098,-0.46175545,-0.06835101,-0.05559213,-0.23203187,-0.044394474,0.040994376,-0.006016536,0.008311863,0.053070866,0.117532484,-0.013452927,0.03742246,0.03660611,-26.163767166666666,0.920375,13380.176940917969,4400.630452156067,1668.467909693718,2358.253252029419,1907.213011264801,1656.2246994674206,1315.7129817605019,1148.056519627571,728.052783370018,548.6028407216072,513.5488502383232,884.4604259803891,578.8772817850113,1395.0790155529976,314.3087784200907,263.54213804006577,207.2787476107478,244.8392956070602,139.11101415753365,129.02723397314548,82.99726570211351,89.9072824595496,105.16885514277965,91.42062321677804,76.92900862544775,88.78571609407663,336.25030637159944,88.57504292204976,79.92790196929127,54.913377188611776,69.00412029027939,61.1371362041682,51.10421705618501,26.24641139060259,39.61918848566711,33.92209767922759,40.97058085445315,34.85659678187221,26.072535677812994
0,-524.03094,60.177254,13.625902,43.72007,-2.358893,28.572386,-11.439492,3.2512379,-7.044632,-7.0700374,-3.4258158,-9.713715,6.197489,-2.9813564,-0.4234561,0.40605795,0.18972892,0.2609928,-0.09653732,0.21944624,0.23491873,0.2279407,0.31255934,0.054338355,0.027545001,-0.043081723,-0.21169846,0.13161284,-0.13175249,-0.23768769,-0.019858751,0.10711397,0.023537485,-0.11198628,0.0048578,0.052861128,-0.005934845,-0.063215055,-0.0438958,-25.6556875,0.9399375,13019.898864746094,4229.148661613464,1417.176660656929,3414.6718258857727,1539.8755424022675,2241.542804837227,1503.3189429044724,504.0608971118927,629.2069792747498,377.326672911644,453.6234584450722,1065.437341094017,799.3885394781828,1343.0836263149977,311.6347085237503,208.35644532740116,243.3132762312889,289.7095641605556,129.29918161407113,167.81469483673573,61.15884248353541,97.46578259766102,109.89392689615488,80.94675766676664,88.578498236835,87.46206734329462,463.81960186362267,96.01623618602753,87.11351457983255,64.3330191411078,77.34728069975972,48.04254559800029,59.800333216786385,33.070529292337596,35.29043757542968,37.3705722047016,31.796402199193835,42.01320016384125,31.03898098319769
0,-514.1106,68.48866,29.263344,26.506138,-6.4273767,25.832245,-9.808576,6.2721386,-17.400991,-3.3543723,-2.0758455,0.62570363,-4.3368354,-3.0239484,0.62313205,0.5010586,0.3586562,0.11970324,-0.19986118,0.19444437,-0.14975463,0.10752911,-0.032733776,0.09140585,0.015422446,0.02284837,0.010518033,0.35824037,-0.009473702,-0.16832645,-0.1635055,-0.1484565,0.018323658,-0.04482274,-0.07709861,-0.028105456,-0.00316634,0.012522651,0.0061356933,-27.719524,0.946875,14281.78076171875,2966.5051918029785,1807.739739060402,2354.4048368930817,1208.4586424827576,1854.679049730301,1111.8459624052048,478.4170837402344,1609.9768608808517,317.95544695854187,344.55551743507385,662.4025606215,532.0918935537338,735.2929320633411,277.61931528151035,230.95360784977674,159.98768669366837,200.10848991572857,106.20423080772161,187.76705796271563,87.44157862383872,118.8741862475872,60.14561830088496,69.07430717349052,78.86591038480401,93.0576409548521,429.8632081747055,124.74176138266921,82.88627897202969,63.14784921705723,84.73742953315377,67.77652970142663,51.808378122746944,33.425392139703035,45.55003879405558,32.397174283862114,41.49704396352172,27.585934210568666,40.79352098982781
0,-505.99478,114.36516,3.8066883,42.798485,-2.602326,12.7724285,-9.661803,-0.42006874,-5.7817545,-17.667068,3.0021555,-11.811035,-4.0921006,-1.9750898,-0.3246118,0.68476367,0.32268295,0.41775718,-0.29784316,-0.17269044,0.279304,-0.17690462,-0.027556118,0.20850845,0.20535621,-0.0164985,-0.6576312,-0.11712693,-0.13646309,-0.25513095,-0.024989868,0.16342096,-0.015819184,-0.08101509,-0.013299802,0.027399277,0.09548679,0.03532766,-0.0462354,-27.519213833333332,0.8778125,14314.91162109375,3952.6678371429443,1047.1222420334816,3329.533672094345,1316.5330374240875,1276.6383909583092,2059.0081127882004,367.38409078121185,784.2634041309357,669.7602623701096,682.2877132892609,1012.4678938016295,353.30467253923416,1300.3158097863197,254.24054011702538,217.79132464528084,226.05347135663033,273.678672272712,117.93217590358108,163.68312668800354,33.25867238268256,67.07173561677337,157.56475794315338,83.33338813204318,107.35410889238119,107.59884515404701,388.2208158671856,114.19789044559002,98.56185170263052,80.84009911119938,70.46134025603533,66.70809058099985,51.94886431097984,30.46621986851096,29.850119710434228,35.52010400034487,36.240268089808524,35.921966921538115,32.25881737843156
0,-523.82245,93.48937,2.2589083,45.728962,-8.631635,18.488974,-5.953859,0.6922763,-4.441114,-7.514006,-3.5279613,-9.582985,-4.7977424,-2.2333324,-0.39597398,0.853872,0.318355,0.20631182,-0.33934063,0.13319229,0.3157488,-0.17840791,0.106403455,-0.029008454,-0.029372297,-0.14260189,-0.73676705,0.049716942,0.10943656,-0.27489707,-0.1195218,0.13620804,0.011325331,-0.088127375,-0.05623249,-0.0038247262,0.044449776,0.004217207,0.041682646,-27.557564,0.933125,11886.243225097656,3615.0415387153625,1369.8415846824646,3528.770260334015,1171.9122338294983,1393.3763806819916,1521.6610209941864,643.4745952486992,572.5571126937866,358.39290261268616,557.019224345684,1094.8165543079376,609.8957694768906,1428.2796283215284,291.0327470228076,309.4847012683749,227.87490199878812,254.40992479026318,148.33645743876696,180.48428408429027,92.37924571335316,82.36976037267596,79.52864844724536,100.77393259853125,103.41721988841891,144.473061805591,402.9399167895317,133.51168059557676,95.23502218537033,68.53968213312328,76.08268519490957,55.55588732287288,55.67598904413171,44.653009340167046,34.22346292436123,32.6659049987793,40.05457128584385,36.8699705991894,31.84768750332296
0,-653.4874,109.58009,37.651413,17.772501,14.827944,37.71525,6.3863406,10.858733,-14.113813,-3.8172278,1.1987433,0.43913078,-9.175018,-2.0533361,0.21763152,0.24368052,-0.48291355,-0.7184621,-1.1059924,0.23145954,0.43856642,0.77204883,0.49764228,0.1806186,0.36910313,0.0024984435,0.11082239,0.03467302,-0.06070265,0.04657909,-0.003590526,0.050596315,0.04867322,-0.028967364,0.0036909773,0.11182268,0.0084655015,0.020493677,0.048288487,-28.302156,0.65275,13181.624420166016,5722.7627601623535,2758.7990732192993,1171.9363613128662,2315.7102494239807,2999.1543509960175,1399.339554131031,1014.2814230918884,921.2594736814499,759.8513761758804,739.3314704298973,892.0385319292545,572.0496492981911,899.6655638515949,285.2635537162423,301.06890489161015,148.33243367820978,277.76177106797695,122.47214785590768,133.7426864951849,84.31458710320294,106.17723839730024,92.59745978564024,79.65442736586556,100.10022531449795,97.40145026892424,330.5804739892483,70.44942075759172,83.72666965890676,65.46229618042707,73.13141253590584,53.979703314602375,58.18704397417605,29.13596566580236,37.6526234485209,32.029091824777424,42.835507119074464,36.62640771269798,25.708247996866703
0,-607.3912,85.10065,8.141714,35.563206,3.3626518,17.353178,-2.4691007,10.202835,-5.644139,-5.7484493,2.676846,0.37192702,2.8981442,-1.720306,-0.55431396,0.612578,0.55261236,0.20568803,-0.32836097,0.17506969,0.18704283,0.11043082,0.26832885,-0.17955606,0.15131326,-0.017580254,-0.49186936,0.01273399,0.02775921,0.06267044,0.016023943,-0.010233711,0.025979292,0.016338127,-0.03957974,0.019351048,-0.04220198,0.007917445,-0.03470884,-26.070848666666667,1.0390625,11609.77798461914,3216.026496887207,1092.1566723585129,3188.644654750824,2008.696860074997,1506.321808487177,1151.3807470798492,1055.451580286026,379.5741821527481,446.2121766805649,603.6059745550156,540.6023036837578,335.50969502329826,1269.7152645811439,356.69609089940786,168.56381509825587,178.45082826912403,270.1853958815336,109.746820775792,144.9399360269308,96.38645906746387,64.15654736571014,91.00778621435165,73.23744724318385,98.31415715813637,40.54146082699299,357.7737045735121,88.59939173609018,73.57536629959941,80.01246938481927,65.55537471175194,48.874904185533524,51.73612282797694,29.413042658939958,36.979554964229465,32.680210556834936,41.90647903084755,38.50513648800552,24.029891660436988
0,-396.45078,32.118225,28.86796,5.7847743,7.1146007,7.1447635,-12.640565,9.500758,-9.568576,6.8424973,-4.86239,4.8473964,-6.4799905,-2.530465,-1.2041968,0.18159395,-0.021534998,0.2467179,0.2128115,-0.23086312,-0.032859895,0.053448785,0.31259504,0.008267033,0.18725,-0.052102745,-1.0010045,0.11477246,0.05930526,-0.092388585,0.061020214,0.060208708,0.11603676,0.0064451466,-0.0592951,0.0029673337,0.0668451,-0.0015946986,0.030312082,-26.544527333333335,1.015125,24943.4951171875,2805.042320728302,2218.9582011699677,1376.1776854395866,2350.05135345459,571.4668715596199,1802.6841716766357,1025.0843918323517,715.9119809865952,784.2941048145294,628.7090584635735,1007.8448477387428,527.742728471756,1046.785892367363,313.11013032495975,272.45385671779513,195.80780614167452,266.364897377789,179.22154086828232,137.6361052840948,64.1231135725975,50.33606658875942,74.70796682685614,86.3507513999939,77.46199080348015,63.891202457249165,404.23564103245735,124.107228115201,89.41778621822596,60.7576594427228,86.09336578380316,52.39843237027526,70.17930578440428,27.070032941177487,32.56299552321434,27.013656427152455,44.59076671209186,37.82953438907862,24.196651223581284
0,-544.45294,84.371086,23.799076,25.926947,-0.77652115,18.270885,0.9086375,13.970822,-1.9425536,4.0133977,7.348273,2.5087767,7.784606,-3.8102288,-0.83778226,-0.28388575,0.05716698,0.81137735,0.05513935,-0.26407376,0.030146135,0.3301797,0.6370052,0.2719546,-0.2834212,0.01997436,-0.20814803,0.13621286,0.1198674,0.068363614,0.08151204,-0.0340912,-0.008681688,-0.009827685,0.011280476,0.055345383,0.08896407,0.0018096018,-0.020081831,-28.980934833333333,0.8005,13031.329315185547,6438.234713554382,1420.6598626375198,1748.6303143501282,2383.3206396102905,1435.7852508425713,962.2113322615623,1226.1651312112808,760.764806330204,694.9989174604416,707.7955204248428,948.8025466799736,756.2331515848637,901.1856688857079,273.3892137017101,202.16605339944363,160.88414873182774,241.58591116964817,158.53398752212524,127.30860744416714,69.21930589526892,90.56079676188529,115.931685090065,93.62682020198554,108.24795189360157,83.05044063832611,335.2036889344454,70.66619564592838,87.9302586466074,54.87449253164232,96.37335942313075,54.41162284556776,44.853727638721466,23.12008175998926,21.365577068179846,35.28599522262812,32.123353250324726,36.3879752997309,31.155510675162077
0,-482.844,97.02765,5.390024,19.862116,8.736854,10.614975,-14.9396715,10.449783,-6.631713,-7.789172,-3.0304658,-1.0260975,-2.8519874,-2.8725607,-0.52994084,0.6505759,0.5668298,0.22522402,-0.57897747,-0.13169456,0.08946422,-0.11630492,-0.04331862,-0.047472794,0.087219834,0.048411723,-0.74396265,0.03874594,0.016060254,-0.107231386,-0.047439456,0.1184207,0.022623679,-0.14856513,-0.07704893,0.05980862,0.0140013145,-0.0573379,-0.005128937,-26.1730645,0.725,13794.790618896484,4940.219696521759,1318.771215081215,1816.3167346715927,1804.097239971161,1080.0105711221695,1989.7087010741234,673.4016828536987,567.1666251420975,433.28653886914253,365.2675879597664,922.3453711271286,215.0278378725052,1445.7507183104753,279.47724494338036,193.2359772771597,207.0532172769308,262.28503857180476,138.20126022398472,109.43432249128819,78.7709632217884,55.42811634205282,101.31379658728838,75.20113611966372,83.44228653237224,53.792219042778015,440.0444514080882,97.016577526927,75.99077714793384,60.13070006668568,80.38992320001125,45.67605509236455,57.4878014177084,33.41331782005727,28.761520109139383,34.660175727680326,33.214079804718494,38.2596256993711,27.675569515675306
0,-414.21432,59.5919,36.87739,7.600918,9.664104,6.574345,-18.908205,11.147217,-11.566142,-0.46390438,-2.3690445,5.3325696,-0.25030893,-4.773678,-0.5023742,0.42699108,0.14342493,0.28951752,-0.37798005,-0.30307087,-0.24634619,-0.05214006,-0.34071612,-0.19635858,-0.057056494,0.021267045,-0.30377287,-0.024479993,0.07255605,-0.066207,-0.014886393,0.052601535,-0.012521485,0.034306508,-0.003919833,0.0172202,-0.050253347,-0.03398278,0.0087438,-26.865392666666665,0.8965,22254.5048828125,1837.3173389434814,2699.8291897773743,1011.6425337791443,2252.5870277881622,1451.922566652298,2720.683839559555,1056.0268142223358,697.2571444511414,806.2255991697311,444.0086300820112,605.921079993248,348.2414621114731,1457.4950264394283,302.7900278568268,261.59813214093447,179.00492569059134,288.17462284862995,114.51861426979303,132.5600979104638,84.48443662002683,42.85468638082966,68.69533150270581,83.03204570990056,50.957518719136715,63.32442881911993,437.6615542471409,119.98055788874626,82.34902389347553,67.42950883507729,81.58599485084414,43.44949845969677,49.19225778803229,34.58240535110235,19.4491804279387,21.72361713834107,34.60749308997765,29.765813431702554,21.308003056794405
0,-588.3174,72.24654,31.784819,27.241405,-1.5488654,17.374348,2.0879533,14.68266,3.2682335,4.4734654,4.3155317,4.0264072,6.0433135,-3.6251228,0.5133446,0.30152634,-0.46373054,0.23945768,0.025690844,-0.050753932,0.27008584,0.012088636,-0.32661745,0.0026364787,0.020565156,-0.002254795,-0.1695327,-0.16166715,0.010708857,0.013644331,0.05117677,0.03371858,-0.03912605,0.012611209,-0.025626814,0.025308086,-0.0283923,0.025283048,-0.045729835,-28.764901666666667,0.851375,13695.283508300781,4256.487966060638,2194.5537447929382,2038.911841571331,2123.4567551612854,1432.7710964679718,919.43209451437,1442.5874001979828,801.4853765368462,610.3335937261581,706.8912217542529,824.768220089376,675.6572871208191,1028.756281554699,327.85588274896145,248.55671765562147,212.42827574908733,266.4746500402689,177.59897516854107,119.42735959589481,68.05667515844107,87.74130233377218,120.2316187620163,108.45969187282026,83.94018022716045,74.88022477924824,387.0896615572274,101.50498686544597,84.93290401250124,63.28182174265385,70.62554820626974,44.850870206952095,54.788051564246416,31.305484928190708,26.413373414427042,38.273989245295525,38.023502480238676,36.65812940150499,29.209279723465443
0,-477.32584,74.97155,10.676648,33.575855,-0.4750645,20.442616,-12.310834,3.7554505,-3.8777428,-4.2902083,-0.70531976,-2.8101168,1.062526,-3.036171,-1.1907653,0.6690407,0.6148265,0.40657896,0.041383024,-0.12784688,0.26850203,-0.067291655,0.44238424,-0.060454085,0.054572903,-0.17128159,-0.339758,-0.09285428,-0.21734443,-0.15743211,-0.116090484,0.12879947,-0.008913102,-0.06507488,0.055450086,0.025605962,-0.00738133,-0.0450485,0.024188736,-26.850982333333334,0.8325625,15561.917541503906,4718.629159927368,1111.8872389793396,2836.5195739269257,1714.027883052826,1527.2862237989902,1941.7404580116272,470.47234976291656,788.8652399778366,448.8832839727402,588.0343008637428,860.8089699745178,342.65433606505394,1294.1016357019544,478.77958203852177,248.59685796499252,256.3699598759413,251.77612433210015,186.8413299061358,110.04958048462868,56.98805013298988,70.26626680791378,107.40269748494029,113.06485419766977,85.61442105844617,63.02080711349845,407.9295573234558,99.50964343547821,88.47133431583643,46.67918060347438,86.09107856359333,57.026602283120155,53.06021083518863,27.883065793663263,33.20999861881137,24.776142765767872,33.88833868736401,37.85596725344658,22.262743247672915
0,-360.646,55.998837,50.108685,0.43158877,4.664614,10.20271,-13.33599,12.187916,-12.44771,9.367611,-9.719966,10.107795,-8.205613,-5.0176725,-0.8005192,0.7137662,0.10741983,0.4487231,-0.38626355,-0.16399434,0.06417165,-0.23862404,-0.035748906,-0.11486535,0.20115,-0.021564988,-1.1928012,-0.12274962,-0.0020070125,-0.018744776,-0.008078999,0.17923285,0.1646978,-0.04243182,0.16340068,0.015192763,0.04494279,-0.0046804016,-0.025738692,-26.787396333333334,0.8530625,23824.585662841797,2725.3221039772034,3057.9476652145386,1159.7811154723167,2071.7117680311203,872.9272277057171,1333.7568101882935,1143.6972855329514,869.3907128572464,867.056641459465,612.4394328594208,1089.2466673254967,509.3396238386631,1469.4178467094898,233.23653569817543,287.43487072736025,152.64502163603902,309.0393745303154,107.70633071660995,168.77569644898176,59.38304441422224,80.62688757479191,86.43959768489003,71.49903374165297,73.51034634560347,70.58645855262876,464.9827573876828,72.92722195014358,111.23942355066538,61.66977842897177,97.62333277240396,54.473709903657436,68.25119834765792,26.06989773735404,35.4246227145195,28.03540552407503,30.36082063615322,31.7982881013304,36.14155588671565
0,-499.29498,79.174644,11.965111,39.730556,11.489331,16.386528,-15.794636,14.172196,-2.7475555,-8.441495,11.271845,-6.141144,7.393747,-1.7487013,0.7994512,0.25250402,0.055576622,0.17928495,-0.12931001,0.2755,-0.11528017,-0.094831325,0.17828347,0.00019718174,-0.030532958,-0.09850233,-0.19128373,0.16091186,0.06508127,0.06983675,0.07036081,-0.050004877,-0.023648717,-0.017528187,0.044975623,0.03252499,-0.029581523,0.00048797656,0.0017203583,-26.260010333333334,1.0341875,14709.976501464844,3499.1286821365356,1113.7265603542328,3151.9014642834663,2062.3207161426544,1984.6545616984367,1084.2234591841698,1244.019238114357,552.1652676463127,510.3727651834488,1107.8225363492966,563.58274564147,883.9033085554838,918.2345451116562,356.8907392323017,240.86836125701666,147.2899733185768,235.8852480351925,162.17040481604636,145.0712083056569,58.04860635101795,103.14755822904408,97.32087533175945,57.79302859771997,104.36999667435884,38.87210863828659,345.5389364846051,109.67614372074604,90.36197496950626,50.3974393196404,79.88234405778348,63.947432070970535,45.24960123002529,30.75982540845871,43.870636756764725,33.75939115695655,35.13259360380471,30.71376807242632,24.68348018079996
0,-468.59454,70.59749,10.602757,30.129768,2.9962926,19.485023,-19.41842,11.496991,-8.929708,-5.9090705,-6.1515584,-3.740288,2.785577,-2.5903578,-1.0437765,0.37628067,0.37687293,0.38480026,-0.24068312,-0.21476018,0.07350299,0.27773154,0.2146066,-0.25595078,0.21094303,0.041760527,-0.16241476,-0.1580707,-0.23590447,-0.14779748,-0.068266615,0.09822148,-0.055794433,-0.055255447,0.03731938,0.021702018,0.012718846,0.017118985,0.054953944,-28.001971666666666,0.8005,19258.183197021484,3299.1018028259277,1419.6723592281342,2514.5090007781982,1989.8499674797058,1317.454046010971,2291.7493802905083,775.8464043140411,471.1722112894058,332.66572880744934,403.91754472255707,918.6944873332977,433.190035790205,1086.0920613110065,452.37662598490715,195.3447081297636,220.71867145597935,322.0008368194103,186.55101877450943,127.33256433904171,90.49429257959127,109.64215203560889,121.97700602561235,103.71178206056356,86.86337482184172,53.95277091115713,426.3289980441332,78.16267623752356,91.51985215395689,58.68584079295397,73.61832797434181,69.09007446840405,63.73842849954963,27.722167840227485,26.90452471934259,36.68219395726919,39.741109969094396,32.399566017091274,26.292447291314602
0,-527.83496,83.40653,2.9743724,46.146343,-20.677427,15.570762,-5.4870725,6.1982656,-2.904915,-20.049881,15.66244,-1.8423456,10.75316,-5.9840355,0.22571658,0.5654133,1.0127137,0.55270624,-0.52871853,-0.28881463,-0.21550119,0.1314471,0.16329907,-0.053533208,0.09002212,-0.00046061265,-1.4444735,0.11161388,0.07132026,-0.40047038,-0.09582276,0.07925362,0.08337706,-0.024463387,0.09798258,0.058958296,-0.07480075,0.053945508,0.006926166,-27.752727,0.6085,9736.327117919922,2731.034963607788,1388.743286728859,3010.5082008242607,1023.6217279434204,1083.657289415598,1379.702796459198,561.9948066473007,326.81861650943756,529.0083992481232,1140.3298953473568,659.7585209645331,973.5596351325512,1503.0852460563183,262.75987285375595,278.77530509233475,218.66929464787245,249.87550123035908,108.6237061060965,132.0501945912838,61.34192094951868,76.16996531188488,114.87669464573264,88.50658374652267,98.01785404607654,35.64160395413637,489.8971991222352,91.71005892008543,75.60470685176551,72.1828194372356,76.8834707736969,51.61880759894848,52.78839290328324,32.82618250697851,40.589421804994345,28.06558843329549,35.40913559123874,32.193326426669955,25.996193327009678
0,-495.55194,96.18648,21.164751,40.995663,0.6646271,16.769808,-14.853334,8.988752,-3.3062537,-5.9452186,9.160341,-5.31068,8.991857,-3.4434557,-0.5750141,0.054621708,-0.24757895,0.1277121,0.35325783,0.37826535,0.11436358,0.07384128,0.44218463,0.030579166,0.08037857,-0.043710258,-0.34875453,0.19113316,0.24811788,0.09942999,-0.026631335,-0.09218871,0.103736795,0.07792476,-0.09366018,-0.020723397,-0.023440586,0.0058692517,0.018871132,-25.65079216666667,0.8645,16131.305389404297,4065.931432723999,1133.2644506692886,3490.4713883399963,1486.3834519386292,1492.0211557745934,1197.440125644207,708.6817220449448,462.85027062892914,746.2824636697769,774.4484317302704,1000.9126263856888,1115.7137880325317,1060.0252499990165,297.0569186359644,229.81758335232735,193.68704703450203,203.13064231723547,177.13929065689445,158.07703655213118,91.21632383018732,82.12815476581454,61.913560174405575,39.44397404510528,80.96996086090803,52.959857635200024,329.3341582119465,134.92544449865818,106.28740832209587,83.49762873910367,85.10321766510606,66.85860895365477,53.376553270965815,48.53572606295347,34.57044615224004,41.36821807734668,31.584312073886395,39.52807178348303,17.328463159501553
0,-476.9945,113.88659,4.4450264,27.564205,-1.315627,8.2692375,-9.629243,8.82008,-3.1895103,-4.6958423,-0.9715051,1.3004292,-4.0846877,-1.9415443,0.5208235,0.71090794,0.13432573,-0.18706323,-0.5532093,0.323006,-0.15544224,-0.031470895,-0.041352555,-0.4864943,0.0041667493,-0.1666182,-0.14184433,0.17527048,0.091236494,0.0048181275,-0.18422101,-0.061480187,0.018980164,-0.07955283,-0.079421364,-0.18725307,-0.029688763,-0.05454325,-0.059784543,-27.416800833333333,0.74375,15082.425384521484,5425.715970993042,995.565217256546,1937.6711894869804,1807.2052736282349,1324.6121088266373,925.630827665329,551.2271083593369,406.0096958875656,400.56095910072327,410.9066935777664,870.4329258799553,464.92771600186825,1077.9014538824558,335.9015155136585,226.37973342835903,243.00589975714684,183.52019607275724,147.38308931328356,214.60881313402206,78.64538918435574,71.96933248639107,88.53522118553519,102.36855001281947,72.13633707165718,77.00315835699439,448.18751487880945,64.10818156599998,66.35832960158587,82.27853984385729,82.93267510458827,56.81883804500103,58.16874423250556,31.693162240087986,38.48965856060386,41.935552657349035,38.062771275639534,35.977199360728264,27.75504062138498
0,-535.60065,90.993355,13.887679,35.30433,-18.66428,14.031846,-7.438723,3.0353966,-6.530526,-11.298257,7.3298955,2.5512867,11.119766,-0.4323621,0.31194258,0.82591605,0.30714357,0.22535236,-0.20344427,0.6983694,-0.30410838,0.142135,-0.13679534,-0.25616926,-0.0814562,-0.050655466,-0.34824523,0.28018957,0.053433966,-0.071643725,-0.14612551,-0.23101072,-0.014663537,-0.031044256,-0.061298005,-0.11564877,0.060534474,-0.074068055,-0.044816144,-27.752202666666665,0.690625,9263.90933227539,3264.7501697540283,1356.652866601944,2722.666063308716,2102.4182302951813,1085.1852090358734,809.7167788147926,638.9325542449951,447.5243184566498,524.9913398623466,873.0238401293755,717.7081080675125,1043.7453433275223,792.0216393470764,316.44210337102413,269.69862163066864,299.7081074863672,273.49901052750647,131.63686383515596,186.9546026289463,96.39033184945583,76.13295108266175,72.60497752577066,77.1699175350368,74.64810229092836,47.05504580587149,458.2063468694687,113.84706278145313,78.20987629145384,72.96760278195143,83.99802556633949,74.65691326837987,57.91896294802427,36.427651438862085,37.15111798606813,41.72054444253445,38.65731243789196,33.69949915446341,25.344514299184084
0,-612.4909,109.158035,33.99302,26.653086,-7.6538463,25.511555,7.66765,2.9947402,-6.5626235,-1.9881004,5.7766037,-4.229697,-2.2505496,-2.7980673,-0.18003543,0.518898,0.9822403,0.61472464,-0.34017974,0.13548611,-0.1516774,0.30156577,-0.057718027,0.25736818,-0.10016332,-0.29904595,-0.62993544,0.1586366,0.14720577,0.04111361,-0.05295542,-0.009931879,0.017448848,0.01389315,-0.052325096,-0.005307006,-0.04488076,0.04185894,0.07048957,-29.2814175,0.769875,10848.764190673828,5366.004135131836,2310.9248385429382,2425.147267103195,1099.0658116340637,1624.7822347283363,1325.0188093781471,507.3099107146263,694.494564473629,364.027706861496,569.5042687654495,609.285209864378,545.7979843020439,901.844964236021,246.17551826685667,214.76260244846344,220.09490494430065,201.4014010662213,69.37850183062255,109.73465806245804,71.41133810207248,66.65709680598229,131.18776409327984,85.31174117699265,84.70404240116477,127.34006971120834,329.4164739474654,80.31002455949783,89.33708575554192,51.76953992340714,83.01598881930113,43.97659070789814,48.66065400466323,28.321344044059515,25.81991510465741,29.807564424350858,34.67098998464644,35.11591238901019,33.831151543185115
0,-526.9147,85.864365,3.2262077,40.97278,-15.172505,16.499847,1.875483,1.8193729,3.947971,-9.786232,11.186035,-0.66897345,5.2216253,-0.8921438,-1.3101456,-0.19051047,0.78326726,0.88121694,0.22495055,-0.0720316,-0.18453214,0.4179307,0.1351141,-0.025811002,0.043634966,0.16415201,-1.0399158,0.28703687,0.1517225,-0.012210856,-0.10008991,-0.050898843,0.1128048,-0.0078073656,-0.13489498,-0.0059506358,-0.0024016032,-0.038717825,0.01619694,-30.058149,0.70125,11243.377471923828,2264.291156768799,1609.1215015649796,2903.4414417743683,1181.531308889389,1324.1924703121185,984.9151930212975,407.19670712947845,435.16229248046875,282.90953302383423,1122.4286910295486,366.50678327679634,479.3938118517399,915.4753611236811,274.39968502521515,240.0170162320137,238.10182696953416,183.06026926636696,177.46099134534597,103.003193564713,85.83278900384903,94.09247723966837,54.376499492675066,60.233536921441555,52.333076521754265,46.466482712421566,358.70323023200035,96.46738830581307,96.82582962885499,82.52165586873889,91.25766921788454,53.188131037168205,58.07271935790777,37.56408651545644,42.7605176307261,29.437138999812305,44.7903064340353,32.08178005926311,16.270390897989273
0,-529.6251,96.39375,18.861923,42.337063,-6.9099364,15.0541,-7.433897,6.6053495,-11.4178705,-10.002753,0.79140645,-2.1652734,3.8780487,-3.9500492,-0.48751312,0.8709256,0.74076325,0.7173871,-0.02047724,0.13379626,0.18134572,0.16493069,0.1460467,-0.10015523,0.051904332,-0.11185398,0.014049864,0.020681936,0.15723807,-0.09540228,0.047316443,0.16455615,-0.07446569,0.03510883,0.026504587,0.040955715,-0.11286131,-0.057867795,-0.040708248,-28.499727333333333,0.809,12605.493682861328,3619.3698596954346,1362.030058145523,3563.7756519317627,1272.6410484313965,1346.0315418839455,1258.0047141313553,561.6478098630905,694.4515945911407,375.1128234863281,514.9053517580032,917.1160446107388,622.1749052703381,1403.5139858722687,233.72634461522102,277.1765951067209,268.2383615449071,237.2850188538432,170.33086691051722,137.9654140174389,90.27362087368965,95.91015464439988,126.96981639415026,85.09098341315985,75.89597760885954,105.93382008001208,388.6647624373436,107.32748863846064,93.55520721524954,73.14688704907894,77.03277369588614,56.827451195102185,54.22405359148979,25.136850479990244,27.80064140446484,39.456004839390516,42.808429174125195,39.5470841601491,36.99491889588535
0,-505.74664,122.87362,8.809682,44.73984,-7.4086094,13.532962,-10.705497,8.24585,-4.0704336,-12.401776,5.813906,-4.706106,4.8555737,-2.8340445,-0.9367999,0.28412807,1.2761648,0.9363447,-0.22478895,-0.27476993,-0.4209365,0.45236126,-0.04829982,0.27051157,0.018829918,0.079878695,-0.44274294,-0.3401491,-0.21059947,-0.13776745,-0.0013020455,0.28217474,-0.075689055,8.955067e-05,0.14122374,0.11084761,-0.045831602,-0.11663066,0.05334142,-27.218765833333332,0.6763125,11426.085266113281,4209.26851272583,1272.9478518366814,3307.8716106414795,1668.752070426941,1029.5721051692963,1740.3085687160492,518.6074184179306,588.5432559847832,400.1072578430176,668.2216835618019,828.3620600700378,613.017429381609,1469.5309575498104,224.20644608139992,300.3151991292834,249.23037438467145,297.3323773443699,121.51768919453025,109.05634020268917,122.31520518660545,101.24357575178146,129.99888157099485,91.02717603743076,93.8100207708776,112.17524541914463,370.2119766622782,102.33087652176619,87.98605725169182,66.15751554444432,79.67148832697421,68.40810422971845,53.17546661570668,33.24212414957583,33.052674094215035,35.46985739469528,40.77568316459656,43.36066742427647,28.55865630507469
0,-513.52826,98.7663,22.250856,36.832245,4.1889806,14.026565,-11.213266,6.3621974,-10.415386,-3.9703305,-0.54946405,-3.3648477,-1.7192907,-4.1316037,-0.23489659,0.66510916,0.80396986,0.34895003,-0.29108542,0.51287675,0.14027722,0.17820726,-0.09463906,0.09428813,0.3210793,-0.12460027,-0.3443485,-0.031029094,-0.041262873,-0.044049963,-0.06039875,0.18237993,0.06997034,-0.013185997,0.0266753,-0.0005873191,0.03726125,-0.031369682,0.037665576,-27.761482166666667,0.835125,12922.369049072266,4363.6014194488525,1750.9849413633347,3101.6453782320023,1468.516032218933,1244.9378802776337,1253.1729610562325,647.8368061184883,366.3871510028839,371.59671342372894,404.26196467876434,1068.1196612119675,431.18479603528976,1522.8919727951288,282.6840581893921,313.0112566649914,211.0824238061905,257.5682229362428,130.5413927771151,158.38658973574638,65.9454256594181,73.47813991457224,144.1186643652618,63.94623734802008,59.19457371160388,99.80171935260296,413.86704475432634,90.94381545111537,92.09558455832303,75.80589130707085,81.73776100203395,53.08066418021917,55.27882682532072,30.720909914001822,27.156503283418715,39.41553423926234,33.30999730806798,33.27168636396527,29.766681510955095
1,-539.6442,16.313757,67.660736,8.088269,5.4029346,19.990112,-12.870632,23.595736,-10.519814,15.886307,-4.486451,9.102683,4.06136,-1.2551847,0.006407921,0.0035231335,-0.017170029,-0.050163873,0.028614175,0.063508146,-0.024151038,0.01747611,0.03290861,0.064602375,-0.014593425,-0.048159983,-0.33488053,-0.065774284,-0.07426196,-0.035350867,-0.025787415,-0.02578531,-0.030225294,-0.020462632,-0.012289375,-0.005459736,-0.006077031,-0.01754913,0.011520961,-26.992767666666666,1.7143125,19488.73519897461,3871.0610551834106,6126.823859214783,1653.0375687479973,1717.870368719101,2408.701734960079,2374.294433951378,3159.710610151291,1615.3704673051834,1981.2502201795578,896.4793319702148,1467.8004431724548,863.8136187493801,1029.4524962008,421.51856330409646,363.406567171216,202.72503221780062,229.353574603796,130.9983884897083,158.7899618819356,119.54995684791356,107.32953210547566,118.45994874835014,85.91028882190585,128.0617960654199,99.24811601638794,424.12521620839834,125.76158852875233,124.27309412509203,95.1941206548363,101.49252622574568,45.715155410347506,61.58398672938347,42.13668170943856,41.77975917700678,37.170002981089056,46.26724365353584,46.535740511491895,45.01413311995566
1,-535.18494,24.17615,55.446148,6.8903937,3.7825558,20.817093,-11.187461,21.372671,-9.844897,15.839066,-1.5191594,6.6828,5.8926115,0.3511015,-0.061067563,-0.11743814,-0.16418427,-0.024954181,-0.045931842,-0.06680228,-0.016393157,-0.017799126,-0.0521656,-0.018592635,0.006674598,-0.011558241,0.12791805,0.009963003,0.035308756,0.05119468,0.030436892,-0.015033908,0.027993325,-0.0072908113,0.0077459984,-0.011546767,0.027084026,0.041735347,0.020814884,-25.874262166666668,1.913,20171.271575927734,2863.0681710243225,5554.947645187378,1793.43141913414,1638.0215969085693,2146.6129790842533,1875.026826441288,2775.5092482566833,1098.8282163143158,2067.7914247512817,690.6256188750267,1204.1454850137234,1070.7899514138699,1483.1355073153973,350.92509250342846,357.62642312794924,278.5099833905697,298.3261512592435,165.74940235167742,193.31864473968744,127.5432578548789,142.69491471350193,107.99685992114246,103.06287798658013,143.4115232117474,153.9412043504417,557.1238879244775,146.28223891928792,126.91175874695182,110.05394368385896,101.69669349305332,66.50150456093252,72.44561127386987,58.127096835523844,53.21786961518228,50.1986074061133,55.96329448977485,57.28030086494982,68.88212534505874
1,-573.2191,-3.2438123,59.810345,9.348574,0.6480101,13.0653515,-13.059897,17.869795,-8.822363,1.5606414,0.31191123,7.662815,-4.5040145,-1.6369137,0.6874618,-0.051077094,0.21772762,0.11150383,0.13604361,0.045542974,-0.10591192,0.07617974,-0.014592338,-0.01063668,0.006896774,-0.11443174,-0.049797855,-0.0062364186,-0.03477874,-0.016673965,-0.012952235,-0.035611372,0.008934947,-0.006907529,0.035950188,-0.01256587,-0.009500753,0.025392171,0.007005336,-25.981943166666667,1.46175,13314.9423828125,4840.321516036987,5358.4395542144775,1737.857356607914,1431.8208725452423,1554.5852215588093,1731.5321638733149,1809.1013824939728,1129.1260663866997,893.5824238657951,1233.687657892704,1032.5120658874512,757.6395623534918,781.3072121292353,349.70481719076633,195.88998307287693,254.9884975552559,183.9259720593691,140.34000903367996,157.1871930807829,125.57516063004732,88.80602091178298,132.84353889897466,80.177185988985,98.72415173612535,118.5369797758758,318.1931239441037,116.59631606936455,96.32309759408236,73.99146426934749,74.22953622788191,53.120808616280556,63.58509503304958,32.34506770223379,46.35657890420407,50.252258020453155,45.81980024278164,41.78277286887169,37.2418578248471
1,-488.62653,2.8649678,60.494816,10.414969,-3.0431113,15.652395,-16.34809,16.714785,-8.080282,-2.529945,3.1658998,6.0116525,-1.2498413,-1.5880576,0.09896829,-0.15114741,-0.3003907,-0.115075916,0.07189605,0.17745909,-0.046857856,0.14669053,0.23527753,0.086196035,0.100957386,0.06842592,-0.03929769,-0.034504477,-0.06289558,-0.050117612,-0.050878588,0.0454558,0.055300437,0.031258076,-0.055444237,0.0568538,-0.04192048,-0.028112452,0.03649093,-26.717398333333335,1.28875,17881.488830566406,3605.9614458084106,5826.887891769409,1870.1826071739197,1511.1236326694489,1547.384623259306,1923.067605137825,1435.8493385314941,630.2022365927696,1457.9220790863037,892.6109641194344,930.5509775876999,985.6375802457333,813.5285419970751,268.7737314850092,174.57096545398235,238.48267138004303,180.62385155260563,174.24253464862704,131.87351247668266,81.08456542342901,77.0684368275106,99.74048911593854,71.3653865121305,92.55976327136159,81.77705650776625,314.23611463420093,82.98642040230334,96.5385506786406,84.22960042953491,71.94815875776112,49.86286571249366,56.74641807563603,33.30468740873039,38.01056336099282,40.335086619481444,41.1782111953944,35.494929034262896,33.00123554840684
1,-500.18216,105.18196,12.908473,43.58745,-7.0137024,19.628082,-5.358075,0.3043189,2.9426315,-13.119128,5.489679,-2.0366716,7.33008,-2.8084593,-1.0296534,0.29485255,1.038097,0.85523176,-0.33230063,-0.031881317,-0.099776365,0.25137722,-0.03433191,-0.06744473,-0.07409067,-0.11557244,-0.9629663,-0.2764569,-0.068202786,-0.10200193,0.0070170993,0.19277349,0.07277769,-0.115636006,0.049332578,0.075330794,-0.057975598,-0.0465405,-0.03948047,-26.5892045,0.7304375,11585.707946777344,5052.570997238159,1083.8792691230774,3313.852922797203,1125.9000895023346,1379.4839142858982,1098.1466123461723,365.2848514318466,743.3117944002151,351.81953251361847,659.4914520978928,615.9029952809215,976.1781313419342,1256.0167440474033,335.6771055161953,272.2800677716732,264.3825328722596,252.85550313815475,139.2045152708888,155.32774612307549,70.17045040428638,110.4058810994029,147.18143352121115,79.13154651224613,79.79947457462549,127.01818139106035,283.22163458168507,109.46604697406292,81.32469283603132,71.13187770172954,63.39473523199558,48.76659229584038,65.87977036088705,30.142616908997297,23.136780629865825,44.5129556087777,40.630930348299444,34.12025458924472,39.869373720139265
1,-526.1041,97.93647,19.231422,32.699173,-3.9457042,24.126001,-4.698312,3.079357,-9.474248,-8.052768,1.817014,-5.33549,-4.9366045,-3.713777,0.34743258,0.3117413,0.06074054,-0.13870023,-0.39364308,0.20919743,0.18035422,0.265733,0.05707851,-0.03657456,0.06379705,0.061732873,0.20159855,-0.15560795,-0.116823226,-0.034823816,-0.05450203,0.011707766,-0.039440613,0.061831232,0.05572833,0.015710637,0.07430374,0.06528067,0.08055064,-26.226685666666665,0.8956875,12071.151123046875,3472.4468994140625,1091.2032383680344,2826.3345564603806,1462.2220550775528,1910.0208833813667,1151.528774023056,651.7921755313873,748.9260010719299,442.7743011713028,578.1840223670006,636.8695618510246,362.31786401569843,1142.3892131447792,280.54141841828823,193.4484374821186,175.9341923352331,273.652533814311,148.90063652396202,166.9648419469595,73.82812890410423,114.2712397351861,156.4188832193613,92.2354867728427,97.8032943867147,73.72880493849516,412.4749781191349,97.15886615216732,86.53324936330318,62.89175084978342,79.31395982578397,39.04662653058767,66.63894275203347,38.81227296963334,39.6493600551039,36.423268496990204,42.20632824115455,46.94829094782472,25.584933251142502
1,-583.2073,98.742035,6.9592896,39.27732,4.1956115,20.672838,-3.9219031,6.3445687,-3.9869168,-11.416071,-0.7674558,0.9285983,-2.6189718,0.11793656,-0.24489628,-0.22045566,-0.24884447,0.29345924,0.38686207,-0.10875854,-0.27475536,-0.046264164,0.12632127,0.02728189,-0.17283766,-0.14514689,-0.37760955,0.037427105,0.1039293,-0.11453338,-0.067097135,-0.20583916,0.01310768,-0.022759201,-0.004607785,-0.050072897,-0.019630238,-0.00060529367,-0.031599563,-26.827354666666665,1.1685,9258.056182861328,7137.222348213196,1887.454173028469,4090.818798303604,1578.5663602352142,1929.599338978529,1018.9223417639732,846.464717745781,703.7422761917114,495.6679725050926,402.6043279469013,836.6610281690955,392.34494614601135,966.9309525946155,292.6097207739949,250.12939389050007,287.3723754361272,274.5009905323386,192.81268903054297,155.25929036736488,99.35565625596792,88.95858129300177,180.82696107774973,65.82344788685441,107.52205580845475,106.81803198158741,403.66922757029533,96.60182512551546,93.11660536099225,83.88670132309198,96.60039425641298,90.79582028836012,54.27820733562112,40.84027653187513,36.25518740713596,43.71063952147961,34.502609353512526,46.132020943798125,34.787386402487755
1,-508.89072,98.18925,4.8499312,37.1038,7.050082,18.026276,-10.672062,9.830502,-7.6708784,-7.8843474,0.3955483,-2.0896173,4.6427765,-2.7061977,-1.0822364,0.51135635,0.67923295,-0.014365321,-0.23393825,0.06653097,0.22285146,0.21217598,0.22694428,-0.038876098,0.0061626076,0.112550505,-0.4817862,0.18107262,0.024251265,-0.20846736,-0.26730287,-0.063744746,0.12984875,0.0097930655,-0.019138826,0.05677961,0.05261767,-0.005903298,0.023109544,-26.982896333333333,0.8883125,13112.012756347656,4127.527960300446,1247.0302863121033,3021.992552757263,1850.9769320487976,1340.9137552976608,1023.5400718450546,763.2109031677246,597.7806220054626,385.79179084300995,516.0225915312767,877.0400843918324,668.7964532077312,1327.5536222085357,304.725554138422,244.61374448239803,203.11903631687164,201.862575057894,145.49510480463505,169.60085979104042,84.14086490496993,72.19156821072102,101.17087196931243,103.95038636028767,102.3275057412684,93.73668207414448,398.78865307569504,95.62679561972618,80.15698752552271,63.962961945682764,91.48139250278473,45.96994675695896,52.240589920431376,25.16530934907496,23.544785643927753,37.670641381293535,40.30052946321666,43.06368934176862,32.828667586669326
1,-399.32736,48.6076,47.271408,3.0865946,7.298992,11.123411,-17.313354,15.3077545,-9.537299,3.0843766,-6.29642,6.3085737,-5.4132013,-3.6288316,-0.10016083,0.41712904,0.37102824,0.15108225,-0.22452725,-0.18546371,0.06073802,0.014044442,-0.26568946,0.27806917,0.12594073,0.16291386,-1.0632658,-0.04987673,0.047285527,-0.030264977,0.01849216,0.066381834,0.040250327,0.02433112,-0.0133664785,0.053756177,0.009714825,0.04577507,0.01654235,-25.811057333333334,0.9024375,22975.699829101562,2382.2323961257935,3502.5689153671265,1079.6698832511902,2115.909700512886,1122.0215579271317,2638.9464598298073,1337.6667432785034,1007.4896408319473,943.0728261470795,506.439490377903,934.5116091370583,424.4706953763962,1489.8745910823345,298.1175140812993,227.16875959560275,175.38969759643078,280.53851579129696,107.25874971970916,134.974972859025,77.87629737984389,67.2653154283762,85.34686648100615,82.7053329963237,63.2414745464921,46.483677092939615,443.86810291185975,86.94594298303127,92.59724397957325,57.3094684779644,83.64893769472837,44.756729705259204,60.75145619735122,40.25475938990712,21.033813016489148,26.792306115850806,32.086697060614824,33.90624289959669,22.667980130761862
1,-537.4367,96.99344,16.738781,34.10596,1.4746082,26.06155,-7.1171465,7.3014584,-3.7279856,-8.804077,9.472467,-4.219211,4.18566,-2.4201536,-0.5337803,0.12831905,0.30440384,0.25458992,-0.093343705,0.2692114,-0.13513091,0.063324206,0.15037568,0.0656725,0.1473084,-0.12116678,-0.2519037,0.03331259,-0.065623604,-0.16965638,-0.078914136,-0.16324346,0.13531706,0.13065687,0.06640545,0.028389387,-0.017701803,0.09883483,0.06613167,-27.577407333333333,0.9076875,14558.740020751953,5104.3380608558655,1604.8535712361336,2928.2012810111046,1313.3790254592896,2268.919265061617,974.2059828042984,645.7068511247635,521.9155037403107,700.0029448270798,840.7610142827034,1121.19368994236,742.5726144611835,887.1164709627628,300.3073764964938,160.760188549757,247.13244342803955,200.8592306226492,119.9106613509357,197.05228470265865,137.18600039184093,95.8264754191041,111.16512432694435,68.00668258871883,82.79087731521577,95.48667358607054,363.15581940859556,86.46132519096136,65.94109387509525,59.984552048146725,73.11568539775908,65.04571473225951,60.93782177194953,52.04188281297684,32.65992144308984,41.870362747460604,39.698841977864504,40.48344601131976,32.28933613747358
1,-547.0205,97.54309,14.238435,39.837536,6.8762503,16.398203,-4.206293,9.549,-6.910824,-2.6817346,-3.1026897,-1.3397217,4.5968266,-4.2369637,-0.25188178,0.50285286,0.18461858,0.21820028,-0.5183101,0.23396747,-0.03744402,-0.08159322,0.14369178,-0.1885017,-0.13507235,-0.09263258,-0.29037738,0.07868099,-0.08661706,-0.19970226,-0.12579441,-0.11574569,0.020671926,-0.014802986,-0.0449546,-0.03844665,0.04964831,0.0267004,0.0116198165,-27.374620333333333,0.8153125,12236.98828125,4535.704914093018,1048.266891747713,2863.1538581848145,1719.3790559768677,1143.0634594857693,1069.5472819060087,711.4056417942047,487.33476638793945,340.4948345422745,320.88328152894974,757.5504692904651,577.2578913867474,902.2836611866951,246.28323938697577,208.65313447266817,228.99005725234747,232.12448620796204,117.43011082708836,137.70092670619488,63.997050411999226,66.4120009765029,65.04650209844112,79.2589668110013,97.60071720555425,72.74394123628736,335.36717250943184,73.85275608487427,71.27774040400982,59.80847782641649,73.86004666984081,54.53133104369044,45.199076850898564,28.150349234230816,25.46023948676884,35.5437129791826,31.787645561620593,30.25518426578492,30.293830445036292
1,-391.15448,43.653378,47.024147,6.8615527,9.472995,6.9852486,-13.891842,14.41958,-10.549976,3.4793258,-4.6449,8.72526,-3.7690237,-6.40669,-0.7534646,0.54695076,-0.0106327245,0.12900715,0.0671437,0.024146808,0.17990966,-0.08909957,0.06371424,0.057456817,0.094227105,-0.004802436,-0.46534353,-0.047514908,0.064813204,-0.06946961,-0.026309988,0.15839864,0.09865929,0.089623705,0.033956125,0.13887161,-0.017548982,-0.031209331,0.00034854564,-26.545650166666668,0.878125,21456.555572509766,2717.222547531128,3352.881956100464,1188.7666289806366,2268.179919242859,643.6440770328045,1370.7118525505066,1216.9587780237198,937.2401523590088,592.6912387609482,683.926057100296,1053.2843653559685,257.0878961235285,1507.066569507122,255.30572190880775,235.49480713903904,172.74423697590828,272.7194243967533,137.68417450785637,162.70731821656227,75.27682013064623,81.45615991950035,106.25461583957076,77.11577928811312,77.88443312048912,44.73064865171909,372.89384388551116,100.54201477766037,92.62654271349311,56.27646466344595,95.1902281716466,56.572357166558504,51.85784407099709,39.356572752818465,27.157383664976805,41.04429957550019,39.57489650323987,40.67379708960652,18.032990865409374
1,-525.4533,89.45682,16.225372,49.87476,3.7656913,27.58704,-7.889445,3.24448,0.5310156,-5.9238057,4.3819923,-2.0017357,2.4718118,-2.754148,-0.2626838,0.36001927,0.5127057,0.2910867,-0.34699258,0.2867165,0.109701894,0.11473536,-0.033696186,-0.12387942,0.1220977,-0.027926952,-0.12609594,-0.047603305,-0.10446161,-0.15978315,-0.08140519,0.06080605,0.05261812,0.022345519,0.038470615,-0.025879227,0.014128046,0.013790418,0.023441559,-26.773645166666668,0.9295625,14699.232025146484,5607.162374973297,1205.023167848587,4107.046842336655,1499.0817756652832,2358.1169115900993,1102.5794253349304,497.0197682380676,479.3967117071152,476.9415582418442,744.4069910347462,1026.2649949789047,578.0727756619453,843.0229335427284,256.21296140551567,196.13054975867271,206.33105380646884,256.4519429253414,158.11410771682858,176.3610797971487,69.05446078255773,95.35475923120975,120.5767971277237,67.21966086886823,84.31328879948705,85.00369312614202,359.76115065068007,77.98243497125804,79.31268984824419,71.72793437540531,81.95072869677097,53.38853086717427,58.37691527605057,28.489851020276546,36.87829525768757,37.797474396415055,38.95529341045767,42.90775916725397,27.30053881369531
1,-504.67297,99.04932,12.155691,36.321995,5.671996,17.812172,-8.027813,14.810742,-7.022275,-5.7915363,0.31078812,-1.5151095,3.5482614,-3.9286492,-0.2829638,0.27227393,0.5364632,0.20956835,-0.6009574,0.38174582,0.03999081,0.08560372,0.11559265,-0.030583013,0.026721843,-0.04515044,-0.039453723,0.050434563,-0.1743231,-0.16366157,-0.09446767,-0.012589149,-0.060476135,-0.010597442,0.021976685,-0.03191592,0.012213346,0.02304036,0.056579065,-26.654555333333334,0.844875,13852.763671875,4983.696586608887,1003.3045026063919,2966.7268695384264,2104.9707124233246,1763.1516953706741,906.2822165489197,899.1371264457703,541.0845679044724,642.8963119983673,478.20528095960617,742.3619359731674,466.26199612021446,1171.8881648778915,274.68496106565,207.72987736016512,226.485456161201,216.21112037077546,174.15622341260314,163.6341454014182,63.254605531692505,90.06481894105673,92.48759803920984,70.82017556577921,77.9002317674458,84.85616781562567,412.987790312618,90.66735306382179,88.03762924671173,71.9303377121687,83.11957409232855,41.31084446422756,55.078857842832804,26.30843200068921,21.097327576950192,31.14394366927445,27.800348188728094,34.538047010079026,17.079145124182105
1,-506.04422,81.64838,19.719233,34.145428,-10.689151,25.967932,-9.040459,13.448438,-4.7217927,-4.417006,9.116708,2.4038818,11.882682,-2.8400435,-0.7571718,0.4507687,1.2495356,0.5109192,-0.26437268,0.22403839,-0.20208019,0.6612535,0.15957282,-0.09347806,-0.14465478,-0.21112241,-0.55288255,0.082171984,0.07468096,0.025374766,0.027031295,-0.05158669,-0.035153165,0.05103971,0.08599755,0.005807167,-0.023435958,0.022445451,-0.015566354,-27.105161666666667,0.7544375,13363.189147949219,3235.0824279785156,1235.0294060707092,3050.257157921791,1234.0908269882202,1830.8567434251308,901.1574475765228,1133.1278437376022,597.5824656486511,405.23701560497284,939.9281375110149,777.9409672021866,1166.6477954536676,723.0862915813923,318.4222909063101,188.5547784268856,246.0302856862545,206.51009442657232,104.86717218160629,125.3015868961811,97.18656948953867,144.70722857117653,72.93465071171522,79.00382591411471,86.62722373753786,64.37791117280722,298.4224218428135,94.28445740416646,80.9488117620349,78.37880667671561,82.50310752727091,54.53669825941324,60.235797330737114,26.754067569971085,31.169932652264833,36.36422920972109,37.027335315942764,34.36121739074588,20.771468367427588
1,-578.6512,65.789604,17.722073,35.21677,5.3934255,11.140892,-12.007233,8.164415,-2.528337,1.0889279,-3.854894,-1.7722273,0.052083105,-1.9532686,0.41668734,1.114143,0.38616213,0.049432646,-0.4320252,0.23397838,-0.07502648,-0.22450303,-0.058973417,0.028146764,-0.08422177,-0.28175604,-0.41746148,0.2645909,0.08794044,-0.09786628,-0.1540962,-0.13941112,0.052902352,-0.068206474,-0.03215828,-0.04020854,0.06151136,0.00803679,-0.055248294,-27.186803,1.0595,11214.010528564453,3018.6297483444214,1593.0014688968658,3058.0585461854935,1784.597867846489,1348.996878862381,1387.582315146923,612.3334265947342,726.2538480758667,566.2007369399071,413.0851889848709,666.6303744018078,672.3150772452354,925.2503321990371,314.0871117413044,315.10059055685997,224.82092801481485,279.226345423609,221.40635103732347,161.7453673183918,85.06641180068254,117.99738056957722,119.05294630676508,89.97305142879486,98.32512271776795,139.70595288276672,370.84077386558056,105.51260782033205,109.01013913750648,58.538163783727214,88.40766493044794,70.98858553543687,47.82767924666405,38.12335277348757,46.78611417207867,37.830089014954865,34.685821391642094,36.59088692441583,35.79971488751471
1,-491.3284,93.670235,6.5402503,29.099436,3.3094363,14.4907055,-8.719927,6.9010053,-9.640309,-8.826885,0.032458898,0.0922027,1.87664,-2.9564915,-0.5599069,0.9247633,0.7662647,0.5584298,-0.32486472,0.16611701,0.11505704,-0.046637703,0.3101916,-0.07991058,0.37872884,0.15616836,-0.82624185,0.052685607,0.058725957,0.028129827,-0.05980587,0.1471112,0.23688063,0.04025729,0.039126147,0.057460647,0.0016359339,0.04020397,0.015319737,-25.871101833333334,0.7574375,10274.511505126953,4690.0923681259155,1241.600568652153,2395.9552060365677,1520.688102722168,1289.1102203726768,946.6583351492882,773.8745495676994,377.24189269542694,832.0424338579178,404.86234521865845,1077.769191145897,501.2110715508461,1429.224956125021,234.040872996673,257.3273456990719,192.4267834275961,233.61702045425773,152.0665758997202,196.67082899808884,77.58693022280931,84.46118311025202,121.50961701571941,71.43323028832674,75.47476791217923,114.13540530018508,359.7903604209423,68.14349252730608,79.88881901651621,82.18973983824253,80.08770160935819,62.82669045031071,67.29818864539266,28.097037667408586,17.601944998838007,27.086692538112402,37.343296241015196,39.53115706983954,32.92965202219784
1,-512.1158,81.39529,8.068302,31.826183,-11.187026,18.708527,-11.057422,2.899191,-5.612024,-11.221389,10.54205,-0.8906934,10.681436,-2.8265476,-1.0424967,0.4818093,0.83329743,0.6551786,-0.04059649,0.2809663,-0.035003316,0.48818377,0.4903758,-0.07511539,0.16432948,0.0031370437,-0.91739374,0.025988854,0.14210771,-0.017626842,0.08145438,0.32237715,0.17575058,-0.009071462,0.031149924,0.0024285219,-0.035538465,-0.13977033,0.0151976235,-26.815637833333334,0.6575625,8642.15054321289,2615.0578746795654,940.655332326889,2348.1451703310013,1203.3295967578888,1293.199210882187,550.7862915992737,418.512504696846,460.59919768571854,438.17793118953705,1143.9289691448212,681.2353428006172,812.4800454378128,1503.3747169077396,290.9967931509018,286.7588028907776,205.78419034183025,252.30049416422844,131.0308970361948,175.89563653618097,76.44792842119932,110.27184630930424,95.46637648716569,67.43289756961167,65.1819575689733,49.95602945610881,476.82382529973984,96.85674265027046,86.5237901583314,69.70304306596518,79.78179128840566,64.9654262214899,63.83091331273317,26.02622739225626,33.951277842745185,36.27078913152218,37.773850720375776,42.83406533673406,25.67911472916603
1,-505.22635,93.15116,12.474329,41.07663,2.6310246,19.485634,-12.218071,4.4841447,-6.010312,-3.2217045,6.1624765,-7.363138,4.917459,-2.7578723,-0.8558981,0.42787752,0.37010726,0.9659116,0.11152456,0.078943186,0.10000673,0.49416256,0.02740173,-0.18816108,-0.1690185,-0.0021455218,0.12807325,-0.002594946,-0.044490095,-0.084799774,0.0041782507,-0.10596582,0.008530939,-0.0489654,0.067027755,0.025219446,0.0512281,0.025743278,0.026570925,-27.745102333333335,0.794125,13807.264404296875,4497.74094247818,1139.1810411810875,3191.2632615566254,1739.621245622635,1341.167024821043,1627.6999959349632,777.2000043988228,587.9319577217102,491.84919822216034,745.0364615917206,1151.5398732423782,750.6534940600395,674.3480755984783,315.49202859401703,218.25106198340654,239.85560110025108,288.86775118112564,196.57044122368097,138.851010017097,52.00494606606662,149.0887626055628,147.1674391552806,80.01369269192219,116.9235404022038,101.79754729568958,407.6049037948251,70.90871465206146,67.04677188023925,67.1206472069025,73.69064393639565,58.05724307149649,51.016555834561586,23.345466712489724,42.50953207910061,34.739043379202485,33.7058155760169,29.376590617001057,27.971592903137207
1,-530.29205,88.02289,11.427413,37.53925,8.297547,16.070066,-6.004933,4.74812,-4.925464,0.24548231,-1.6557207,3.2363153,2.999624,-2.5567474,-0.9537702,0.37825015,0.72173274,0.04259934,-0.1788263,0.15573731,0.02415918,0.30835098,0.054151256,-0.06580235,0.21512304,-0.01355786,-0.4727733,-0.066033915,0.19342874,-0.11654068,-0.21719763,0.11076892,0.13846838,-0.09756194,0.066141315,0.065671824,0.038429935,-0.022137467,-0.029253911,-27.071872833333334,0.7115625,9077.796752929688,3902.3074073791504,985.3942631483078,2795.8621822595596,1875.74804353714,1209.7698266506195,894.4262258410454,895.2274030447006,677.320850610733,473.88654804229736,411.440263569355,882.7731823921204,440.30406096577644,1310.8124994039536,287.9514726102352,192.53550907969475,196.47395399585366,163.63891448825598,174.97172005474567,178.7942804917693,69.27279982715845,76.57515615224838,107.02988702058792,105.11374819278717,73.06840781122446,78.68812506645918,402.6466923356056,77.23165454342961,74.83138073794544,67.57881645835005,99.08238276466727,53.877337923273444,58.620319839566946,25.548337057232857,31.04427017364651,38.05360613297671,37.35526858270168,33.600811783224344,28.39038618095219
1,-489.5928,87.07338,12.273274,40.570942,-14.668893,20.247559,-10.055724,3.6097388,-8.330991,-10.659595,7.048395,1.3951584,13.459975,-6.372811,0.09932449,0.7376047,0.11411283,0.058918007,-0.31132343,0.24432917,-0.5967352,0.2155334,0.25990933,0.20210825,0.2706555,0.059263874,0.004056356,0.043732524,0.09002275,-0.16360421,-0.21653418,0.31117713,0.16550331,-0.08807065,-0.08638608,-0.04241037,-0.0012402298,-0.029003648,0.0020757315,-26.165531166666668,0.6125,12466.041107177734,3057.7793102264404,1029.4952139854431,2727.553902387619,1291.6170949935913,1397.9306328892708,448.554660320282,575.3657891750336,594.8449585437775,574.5908848047256,653.5480441451073,688.7534888982773,959.4058355987072,1355.1453765630722,214.97965086251497,280.93523697555065,197.6852422505617,153.1733881533146,171.7351601421833,201.44490566849709,116.36355566233397,84.39711907505989,89.43166506290436,53.977618479169905,114.7237844131887,49.07054134644568,356.70753091573715,92.61534022539854,68.76252717524767,66.65339236706495,82.7130666859448,62.30532485432923,51.05666527338326,41.180598232895136,31.017891563940793,31.56630763038993,29.1379961008206,42.31779586710036,24.75534055568278
1,-482.59412,88.62794,5.966985,41.85746,0.8584715,20.126146,-13.700485,3.076526,-6.1643257,-7.2425804,1.579174,-6.035551,-2.0529609,-3.2268872,-0.34890965,0.23235933,0.107446715,0.05117819,0.2932317,-0.11660097,0.060624752,0.19344233,0.10163357,0.012178862,-0.1609635,-0.09928763,-0.18970151,0.197013,0.040086973,-0.17186016,-0.19687092,-0.20857735,0.03548862,-0.010774456,-0.09808253,-0.097395025,0.050949354,0.04306469,0.009910311,-25.127533166666666,0.947375,14869.661376953125,3784.8492221832275,1146.673646748066,3599.0061477422714,1150.7234942913055,1670.643487751484,2269.3465056419373,573.1010366082191,344.5110510587692,532.6516335010529,595.6482205986977,825.4864246249199,344.7136308848858,827.2537259459496,323.51431226730347,181.45503106713295,203.60382207483053,189.9574580192566,217.8655396476388,147.00711209699512,64.21055687963963,62.213459284976125,146.31521030142903,69.59400806576014,85.84099227190018,108.16480681672692,337.0583183467388,133.01072895526886,107.52508300542831,73.46476667188108,86.78651120886207,85.17173990793526,51.15284304320812,35.822623405605555,33.91351808933541,49.7343587577343,36.009321921505034,29.877974731847644,35.241915862075984
1,-456.3681,108.59303,12.565213,36.77874,-9.695542,23.545227,-3.8947837,-3.2427464,-1.8722075,-8.48356,8.104762,-6.2569227,6.4860053,2.2836835,-0.047070332,-0.31744763,1.4059204,0.24107671,-0.84781516,-0.100097075,-0.28459132,0.04717483,-0.97075355,0.16600206,-0.21303609,0.19559665,-0.94681025,-0.077079415,-0.110115804,-0.19500974,0.023177473,0.010312328,-0.008889461,0.017737,0.07035613,0.051288538,-0.00017911082,0.038810294,-0.008342849,-26.395574166666666,0.5878125,20288.923889160156,4961.71685218811,1733.145269393921,2481.640045642853,1223.5209302902222,1648.9704602956772,1708.75155377388,363.76067507267,280.7316401004791,896.4376168251038,815.891346514225,889.3791594207287,603.7424143254757,1093.022018224001,252.26679326593876,200.83561515808105,224.33577465638518,194.3276172876358,94.84263828396797,150.74849481135607,92.88229642994702,93.08051854372025,105.10190805979073,80.43028547801077,93.66874690540135,96.78088192641735,380.97002859413624,89.35687012970448,113.68337272107601,67.59363770484924,70.16162288188934,56.602798979729414,55.35757655114867,25.9585551507771,33.933460069820285,28.209590467624366,46.33656554669142,35.14492421410978,26.232343723997474
1,-521.622,87.528244,18.526722,34.71197,5.3849425,22.414215,-5.3821335,3.8509116,-9.988825,-4.292357,0.07248298,-7.0352297,-3.1580942,-3.37651,0.33657202,0.53771573,0.45075014,-0.13543293,-0.4172972,0.28547302,0.1681896,0.1830616,-0.15317869,0.0094318995,0.1088973,-0.2798749,-0.13915434,0.052401144,-0.1770934,-0.22734913,-0.058965713,-0.03823868,0.018163012,-0.020747518,0.0040537464,0.0032091737,0.061133306,0.018127823,0.070405535,-25.427645666666667,0.923,12714.156341552734,3804.489641189575,1538.6136938333511,2745.852819919586,1369.5745859146118,1623.6862118840218,967.4392976164818,721.6216198205948,941.289924621582,584.0932266712189,212.2151974439621,1332.7985126674175,459.28730669617653,900.3040059804916,293.7054872214794,226.92090159654617,207.23828864097595,214.1430399492383,127.79124131985009,187.03786411881447,67.66560989618301,59.48750273510814,126.72517526336014,51.52803222462535,67.99172841478139,126.57172862067819,329.81563448160887,106.50460577011108,97.95962972193956,83.50137389451265,94.71233847178519,55.43283295631409,59.307866998016834,27.38497610576451,20.904013136401772,40.17571518663317,38.569950635079294,38.55754870083183,23.422977671958506
1,-478.56555,78.00711,1.4632993,27.49176,-11.631901,5.0097013,-14.878699,-0.6215137,1.8280361,-3.957673,1.8890423,0.2910454,10.877758,-6.6385727,-0.44897977,0.18546394,0.27099022,0.5604536,-0.12298343,-0.10121807,0.095352694,0.4284301,0.3614119,0.14074826,0.30489448,0.40000015,-0.53507966,-0.20377165,-0.045124803,-0.100679986,0.032201976,0.2589471,0.24297114,0.09987568,0.004900436,-0.00085661956,-0.0724355,-0.08722453,-0.08466607,-27.987932666666666,0.729875,10484.578430175781,2936.1304321289062,1113.311560869217,2031.0144609212875,2081.6163502931595,944.3051750659943,888.2396639585495,518.7330030202866,587.9619109034538,335.0257049202919,471.9405908584595,687.1172604560852,1011.2739289700985,1569.7194937765598,217.34733653441072,283.95958176255226,164.86786797782406,306.38761774264276,193.11789198219776,125.93791817873716,63.11491883546114,95.60520079731941,78.73783479630947,57.91287198290229,72.72917054966092,57.71752839908004,548.1653278209269,82.25026287417859,65.86305236816406,53.3941615158692,81.59719990566373,71.59305475652218,74.5326894260943,37.697510436177254,26.910513060167432,30.30816411972046,38.44549650885165,44.917705765226856,33.40418377146125
1,-554.7253,85.62346,10.8605585,48.320896,-4.72481,26.905394,-10.359394,0.86206514,-4.980888,-13.679152,0.89962137,-5.553699,-6.945116,-1.5069907,-0.012504908,0.86558867,0.825914,0.44565174,-0.5021479,-0.10184616,0.2829801,-0.23122807,-0.16399784,-0.25009382,0.18633282,0.17576592,-1.0832518,-0.046719883,-0.026922291,-0.056043487,0.029563494,0.0077478564,0.07495273,-0.021473393,0.07892439,0.04274779,0.095193245,0.028287629,0.08353378,-26.38153133333333,0.876125,12770.001281738281,3936.277003288269,1615.6024260520935,3742.3646488189697,1521.6210025548935,2509.0231736302376,2018.6900243759155,549.4764541387558,676.4016435146332,584.6886237859726,505.78679525852203,1060.086412847042,515.7450723648071,1140.3482374995947,349.68934024870396,325.1417980790138,229.1232607960701,292.6859845146537,118.74808602780104,152.4699172899127,69.43989185802639,85.3680800627917,115.22147301770747,88.41989617049694,99.89776856452227,95.315350972116,400.4934494793415,114.06253032386303,80.84894086234272,82.43879559263587,81.51989190466702,42.60269810259342,56.525769089115784,28.03322979528457,43.56270964816213,26.250808940734714,38.71833378262818,28.87892660871148,25.072859840467572
1,-494.14136,105.40259,15.649691,44.567566,-9.599469,18.705643,-1.0631088,3.44139,-1.4135796,-14.5797205,9.637868,-2.595584,8.00539,-2.6943662,-1.6009587,0.06386827,0.86398464,0.90248686,-0.063567474,-0.029545516,-0.60705286,0.34420368,0.25278318,0.08688226,0.18940195,-0.15298705,-0.40460318,-0.39759392,-0.06023405,-0.16783437,-0.16449393,0.18018043,0.072207965,-0.06430912,0.02839667,0.19500239,-0.011934884,-0.09826282,-0.01513897,-27.243664,0.7178125,13420.83773803711,4487.764484405518,1201.996177881956,3258.871220588684,1261.368456363678,1380.4752056598663,727.0590997934341,670.8608070611954,819.3341270685196,779.5670028924942,794.7852140069008,594.7122086584568,779.5248692035675,1243.6103019714355,353.2641363143921,306.2753024697304,271.42736952751875,201.91988046094775,145.43625329434872,159.17056114971638,112.14633430168033,79.87933455780149,167.48571411520243,74.6671913638711,71.67963830381632,106.6779451686889,338.6592314839363,125.88059166818857,86.86093414574862,66.9201225405559,79.98829519655555,60.78572800010443,59.547110471874475,32.274142591282725,19.618804208002985,43.57240004092455,38.88660519383848,41.37078219279647,25.059535982087255
1,-553.8846,92.7884,11.466158,37.8508,-2.605322,16.48259,-11.425589,8.683213,-6.0775,-3.4597244,2.252531,-9.373809,0.77192587,-2.2717516,-0.19810566,0.47791794,0.61728567,0.4982883,-0.3578438,0.040130924,0.11906816,0.14969458,0.10204734,0.08127048,0.08266973,0.026740046,-0.47232386,0.059246488,0.016339159,-0.11717962,-0.038488373,-0.004115695,-0.034100678,-0.060813185,-0.056503974,0.008475772,-0.005095475,-7.827924e-05,-0.01074529,-26.104320333333334,1.046625,12381.687591552734,4698.552627563477,1310.8054934740067,3597.324977517128,1264.2443108558655,1631.0350488126278,1232.8094534277916,989.2934116125107,743.0267975926399,317.04601776599884,493.7370710968971,851.2532330155373,522.1691443771124,1193.226851940155,319.53090535104275,223.0629337131977,188.47946080565453,249.06804783642292,117.61345933005214,163.79633799940348,71.05708533152938,96.71032628789544,55.86907787621021,69.47211314365268,120.56431336514652,80.79819233343005,368.71434315666556,94.49673032388091,86.4439879655838,66.04060782492161,81.55187540873885,51.15317817777395,57.219589973799884,31.43825318478048,33.76754322927445,21.207454467192292,34.20353151950985,44.74339586868882,27.60726539604366
